country_name,iso_code,year,v2x_polyarchy,v2x_libdem,v2x_corr
Mexico,MEX,1960,0.228,0.104,0.82
Mexico,MEX,1961,0.23,0.104,0.82
Mexico,MEX,1962,0.231,0.104,0.82
Mexico,MEX,1963,0.231,0.104,0.82
Mexico,MEX,1964,0.231,0.103,0.82
Mexico,MEX,1965,0.231,0.103,0.82
Mexico,MEX,1966,0.231,0.103,0.82
Mexico,MEX,1967,0.235,0.104,0.82
Mexico,MEX,1968,0.236,0.104,0.82
Mexico,MEX,1969,0.241,0.106,0.82
Mexico,MEX,1970,0.248,0.107,0.82
Mexico,MEX,1971,0.247,0.107,0.82
Mexico,MEX,1972,0.249,0.108,0.82
Mexico,MEX,1973,0.248,0.108,0.82
Mexico,MEX,1974,0.249,0.107,0.82
Mexico,MEX,1975,0.249,0.108,0.82
Mexico,MEX,1976,0.26,0.112,0.82
Mexico,MEX,1977,0.276,0.122,0.82
Mexico,MEX,1978,0.296,0.127,0.82
Mexico,MEX,1979,0.296,0.127,0.82
Mexico,MEX,1980,0.298,0.128,0.82
Mexico,MEX,1981,0.302,0.129,0.82
Mexico,MEX,1982,0.312,0.136,0.782
Mexico,MEX,1983,0.319,0.142,0.772
Mexico,MEX,1984,0.319,0.142,0.772
Mexico,MEX,1985,0.32,0.142,0.772
Mexico,MEX,1986,0.322,0.143,0.772
Mexico,MEX,1987,0.327,0.145,0.772
Mexico,MEX,1988,0.345,0.159,0.772
Mexico,MEX,1989,0.368,0.172,0.769
Mexico,MEX,1990,0.388,0.186,0.769
Mexico,MEX,1991,0.41,0.196,0.769
Mexico,MEX,1992,0.438,0.208,0.769
Mexico,MEX,1993,0.455,0.215,0.769
Mexico,MEX,1994,0.467,0.26,0.679
Mexico,MEX,1995,0.491,0.281,0.662
Mexico,MEX,1996,0.512,0.293,0.662
Mexico,MEX,1997,0.555,0.346,0.643
Mexico,MEX,1998,0.6,0.378,0.64
Mexico,MEX,1999,0.605,0.381,0.64
Mexico,MEX,2000,0.671,0.481,0.55
Mexico,MEX,2001,0.681,0.484,0.549
Mexico,MEX,2002,0.693,0.494,0.573
Mexico,MEX,2003,0.702,0.499,0.611
Mexico,MEX,2004,0.711,0.505,0.611
Mexico,MEX,2005,0.711,0.505,0.611
Mexico,MEX,2006,0.674,0.478,0.609
Mexico,MEX,2007,0.639,0.454,0.609
Mexico,MEX,2008,0.649,0.456,0.609
Mexico,MEX,2009,0.65,0.459,0.609
Mexico,MEX,2010,0.662,0.465,0.633
Mexico,MEX,2011,0.662,0.468,0.633
Mexico,MEX,2012,0.65,0.457,0.663
Mexico,MEX,2013,0.623,0.42,0.758
Mexico,MEX,2014,0.621,0.421,0.758
Mexico,MEX,2015,0.643,0.433,0.724
Mexico,MEX,2016,0.643,0.434,0.724
Mexico,MEX,2017,0.638,0.44,0.682
Mexico,MEX,2018,0.675,0.452,0.652
Mexico,MEX,2019,0.684,0.428,0.607
Mexico,MEX,2020,0.664,0.406,0.592
Mexico,MEX,2021,0.624,0.371,0.507
Mexico,MEX,2022,0.584,0.33,0.546
Mexico,MEX,2023,0.548,0.302,0.529
Mexico,MEX,2024,0.496,0.246,0.581
Suriname,SUR,1960,0.523,0.426,0.103
Suriname,SUR,1961,0.523,0.426,0.103
Suriname,SUR,1962,0.523,0.426,0.103
Suriname,SUR,1963,0.524,0.428,0.103
Suriname,SUR,1964,0.524,0.428,0.103
Suriname,SUR,1965,0.524,0.428,0.103
Suriname,SUR,1966,0.524,0.428,0.103
Suriname,SUR,1967,0.521,0.427,0.103
Suriname,SUR,1968,0.52,0.427,0.103
Suriname,SUR,1969,0.52,0.427,0.103
Suriname,SUR,1970,0.527,0.43,0.103
Suriname,SUR,1971,0.527,0.43,0.103
Suriname,SUR,1972,0.527,0.43,0.103
Suriname,SUR,1973,0.52,0.426,0.103
Suriname,SUR,1974,0.522,0.432,0.103
Suriname,SUR,1975,0.369,0.337,0.108
Suriname,SUR,1976,0.73,0.617,0.138
Suriname,SUR,1977,0.73,0.613,0.138
Suriname,SUR,1978,0.737,0.624,0.138
Suriname,SUR,1979,0.737,0.624,0.138
Suriname,SUR,1980,0.216,0.174,0.196
Suriname,SUR,1981,0.17,0.142,0.196
Suriname,SUR,1982,0.164,0.142,0.196
Suriname,SUR,1983,0.158,0.141,0.196
Suriname,SUR,1984,0.158,0.141,0.196
Suriname,SUR,1985,0.168,0.185,0.184
Suriname,SUR,1986,0.168,0.186,0.184
Suriname,SUR,1987,0.193,0.226,0.219
Suriname,SUR,1988,0.618,0.474,0.212
Suriname,SUR,1989,0.725,0.576,0.218
Suriname,SUR,1990,0.726,0.547,0.196
Suriname,SUR,1991,0.45,0.374,0.196
Suriname,SUR,1992,0.75,0.626,0.222
Suriname,SUR,1993,0.751,0.635,0.215
Suriname,SUR,1994,0.751,0.639,0.215
Suriname,SUR,1995,0.751,0.639,0.215
Suriname,SUR,1996,0.764,0.65,0.199
Suriname,SUR,1997,0.769,0.652,0.199
Suriname,SUR,1998,0.769,0.652,0.199
Suriname,SUR,1999,0.769,0.652,0.199
Suriname,SUR,2000,0.78,0.665,0.199
Suriname,SUR,2001,0.779,0.662,0.199
Suriname,SUR,2002,0.779,0.662,0.199
Suriname,SUR,2003,0.779,0.662,0.199
Suriname,SUR,2004,0.779,0.662,0.199
Suriname,SUR,2005,0.767,0.654,0.199
Suriname,SUR,2006,0.76,0.649,0.199
Suriname,SUR,2007,0.759,0.645,0.199
Suriname,SUR,2008,0.759,0.647,0.199
Suriname,SUR,2009,0.759,0.647,0.199
Suriname,SUR,2010,0.752,0.632,0.209
Suriname,SUR,2011,0.747,0.627,0.209
Suriname,SUR,2012,0.747,0.624,0.209
Suriname,SUR,2013,0.75,0.627,0.229
Suriname,SUR,2014,0.75,0.627,0.229
Suriname,SUR,2015,0.757,0.633,0.229
Suriname,SUR,2016,0.754,0.622,0.246
Suriname,SUR,2017,0.748,0.626,0.268
Suriname,SUR,2018,0.748,0.609,0.273
Suriname,SUR,2019,0.741,0.583,0.273
Suriname,SUR,2020,0.754,0.628,0.2
Suriname,SUR,2021,0.761,0.639,0.195
Suriname,SUR,2022,0.781,0.655,0.195
Suriname,SUR,2023,0.764,0.633,0.168
Suriname,SUR,2024,0.767,0.634,0.14
Sweden,SWE,1960,0.776,0.727,0.004
Sweden,SWE,1961,0.776,0.728,0.004
Sweden,SWE,1962,0.776,0.728,0.004
Sweden,SWE,1963,0.776,0.728,0.004
Sweden,SWE,1964,0.776,0.728,0.004
Sweden,SWE,1965,0.776,0.728,0.004
Sweden,SWE,1966,0.775,0.727,0.004
Sweden,SWE,1967,0.775,0.727,0.004
Sweden,SWE,1968,0.775,0.727,0.004
Sweden,SWE,1969,0.775,0.727,0.004
Sweden,SWE,1970,0.775,0.728,0.004
Sweden,SWE,1971,0.895,0.853,0.004
Sweden,SWE,1972,0.895,0.859,0.004
Sweden,SWE,1973,0.895,0.859,0.004
Sweden,SWE,1974,0.899,0.864,0.004
Sweden,SWE,1975,0.905,0.87,0.004
Sweden,SWE,1976,0.906,0.871,0.004
Sweden,SWE,1977,0.907,0.873,0.004
Sweden,SWE,1978,0.907,0.873,0.004
Sweden,SWE,1979,0.907,0.872,0.004
Sweden,SWE,1980,0.907,0.871,0.004
Sweden,SWE,1981,0.907,0.871,0.004
Sweden,SWE,1982,0.907,0.873,0.004
Sweden,SWE,1983,0.907,0.874,0.004
Sweden,SWE,1984,0.907,0.874,0.004
Sweden,SWE,1985,0.908,0.875,0.004
Sweden,SWE,1986,0.907,0.873,0.004
Sweden,SWE,1987,0.907,0.873,0.004
Sweden,SWE,1988,0.908,0.874,0.004
Sweden,SWE,1989,0.909,0.875,0.004
Sweden,SWE,1990,0.913,0.878,0.004
Sweden,SWE,1991,0.912,0.878,0.004
Sweden,SWE,1992,0.911,0.877,0.004
Sweden,SWE,1993,0.911,0.877,0.004
Sweden,SWE,1994,0.911,0.877,0.004
Sweden,SWE,1995,0.912,0.879,0.004
Sweden,SWE,1996,0.912,0.879,0.004
Sweden,SWE,1997,0.912,0.879,0.004
Sweden,SWE,1998,0.912,0.879,0.004
Sweden,SWE,1999,0.909,0.876,0.004
Sweden,SWE,2000,0.909,0.876,0.004
Sweden,SWE,2001,0.909,0.876,0.004
Sweden,SWE,2002,0.91,0.876,0.004
Sweden,SWE,2003,0.911,0.877,0.004
Sweden,SWE,2004,0.911,0.877,0.004
Sweden,SWE,2005,0.911,0.877,0.004
Sweden,SWE,2006,0.912,0.879,0.004
Sweden,SWE,2007,0.914,0.881,0.004
Sweden,SWE,2008,0.914,0.881,0.004
Sweden,SWE,2009,0.914,0.881,0.004
Sweden,SWE,2010,0.914,0.881,0.004
Sweden,SWE,2011,0.914,0.881,0.004
Sweden,SWE,2012,0.917,0.886,0.004
Sweden,SWE,2013,0.916,0.885,0.004
Sweden,SWE,2014,0.915,0.885,0.004
Sweden,SWE,2015,0.915,0.881,0.008
Sweden,SWE,2016,0.914,0.88,0.008
Sweden,SWE,2017,0.914,0.88,0.008
Sweden,SWE,2018,0.908,0.875,0.008
Sweden,SWE,2019,0.899,0.866,0.009
Sweden,SWE,2020,0.901,0.868,0.008
Sweden,SWE,2021,0.9,0.866,0.008
Sweden,SWE,2022,0.892,0.861,0.009
Sweden,SWE,2023,0.883,0.849,0.009
Sweden,SWE,2024,0.881,0.846,0.009
Switzerland,CHE,1960,0.621,0.565,0.017
Switzerland,CHE,1961,0.621,0.565,0.017
Switzerland,CHE,1962,0.621,0.565,0.017
Switzerland,CHE,1963,0.621,0.565,0.017
Switzerland,CHE,1964,0.621,0.568,0.017
Switzerland,CHE,1965,0.621,0.568,0.017
Switzerland,CHE,1966,0.621,0.568,0.017
Switzerland,CHE,1967,0.623,0.569,0.017
Switzerland,CHE,1968,0.622,0.568,0.017
Switzerland,CHE,1969,0.622,0.568,0.017
Switzerland,CHE,1970,0.624,0.571,0.023
Switzerland,CHE,1971,0.628,0.574,0.023
Switzerland,CHE,1972,0.855,0.789,0.023
Switzerland,CHE,1973,0.855,0.789,0.023
Switzerland,CHE,1974,0.855,0.793,0.023
Switzerland,CHE,1975,0.859,0.798,0.023
Switzerland,CHE,1976,0.857,0.797,0.023
Switzerland,CHE,1977,0.863,0.802,0.023
Switzerland,CHE,1978,0.863,0.802,0.023
Switzerland,CHE,1979,0.863,0.803,0.023
Switzerland,CHE,1980,0.871,0.809,0.023
Switzerland,CHE,1981,0.871,0.812,0.023
Switzerland,CHE,1982,0.871,0.812,0.023
Switzerland,CHE,1983,0.871,0.813,0.023
Switzerland,CHE,1984,0.871,0.815,0.023
Switzerland,CHE,1985,0.871,0.815,0.023
Switzerland,CHE,1986,0.871,0.815,0.023
Switzerland,CHE,1987,0.871,0.814,0.023
Switzerland,CHE,1988,0.87,0.812,0.023
Switzerland,CHE,1989,0.875,0.817,0.023
Switzerland,CHE,1990,0.887,0.829,0.023
Switzerland,CHE,1991,0.887,0.832,0.023
Switzerland,CHE,1992,0.886,0.83,0.023
Switzerland,CHE,1993,0.886,0.834,0.023
Switzerland,CHE,1994,0.886,0.834,0.023
Switzerland,CHE,1995,0.887,0.835,0.023
Switzerland,CHE,1996,0.89,0.839,0.023
Switzerland,CHE,1997,0.89,0.839,0.023
Switzerland,CHE,1998,0.89,0.839,0.023
Switzerland,CHE,1999,0.89,0.838,0.023
Switzerland,CHE,2000,0.889,0.836,0.023
Switzerland,CHE,2001,0.889,0.836,0.023
Switzerland,CHE,2002,0.889,0.837,0.023
Switzerland,CHE,2003,0.888,0.841,0.023
Switzerland,CHE,2004,0.886,0.841,0.023
Switzerland,CHE,2005,0.886,0.841,0.023
Switzerland,CHE,2006,0.886,0.841,0.023
Switzerland,CHE,2007,0.888,0.842,0.023
Switzerland,CHE,2008,0.895,0.85,0.024
Switzerland,CHE,2009,0.895,0.85,0.024
Switzerland,CHE,2010,0.895,0.85,0.022
Switzerland,CHE,2011,0.897,0.852,0.024
Switzerland,CHE,2012,0.907,0.862,0.024
Switzerland,CHE,2013,0.907,0.861,0.024
Switzerland,CHE,2014,0.907,0.861,0.024
Switzerland,CHE,2015,0.903,0.858,0.021
Switzerland,CHE,2016,0.902,0.857,0.021
Switzerland,CHE,2017,0.902,0.86,0.022
Switzerland,CHE,2018,0.902,0.86,0.022
Switzerland,CHE,2019,0.902,0.86,0.022
Switzerland,CHE,2020,0.902,0.856,0.022
Switzerland,CHE,2021,0.896,0.851,0.021
Switzerland,CHE,2022,0.893,0.848,0.02
Switzerland,CHE,2023,0.884,0.838,0.023
Switzerland,CHE,2024,0.882,0.843,0.023
Ghana,GHA,1960,0.349,0.269,0.351
Ghana,GHA,1961,0.314,0.249,0.518
Ghana,GHA,1962,0.296,0.227,0.518
Ghana,GHA,1963,0.294,0.225,0.518
Ghana,GHA,1964,0.288,0.217,0.518
Ghana,GHA,1965,0.261,0.205,0.518
Ghana,GHA,1966,0.149,0.11,0.521
Ghana,GHA,1967,0.141,0.101,0.635
Ghana,GHA,1968,0.142,0.101,0.635
Ghana,GHA,1969,0.249,0.189,0.621
Ghana,GHA,1970,0.382,0.322,0.652
Ghana,GHA,1971,0.431,0.349,0.643
Ghana,GHA,1972,0.147,0.111,0.647
Ghana,GHA,1973,0.112,0.088,0.729
Ghana,GHA,1974,0.113,0.088,0.729
Ghana,GHA,1975,0.111,0.088,0.729
Ghana,GHA,1976,0.111,0.088,0.729
Ghana,GHA,1977,0.111,0.088,0.729
Ghana,GHA,1978,0.114,0.088,0.729
Ghana,GHA,1979,0.304,0.222,0.697
Ghana,GHA,1980,0.539,0.405,0.693
Ghana,GHA,1981,0.252,0.221,0.684
Ghana,GHA,1982,0.109,0.076,0.733
Ghana,GHA,1983,0.1,0.077,0.733
Ghana,GHA,1984,0.098,0.077,0.733
Ghana,GHA,1985,0.099,0.078,0.733
Ghana,GHA,1986,0.099,0.078,0.738
Ghana,GHA,1987,0.1,0.082,0.738
Ghana,GHA,1988,0.1,0.088,0.738
Ghana,GHA,1989,0.1,0.087,0.743
Ghana,GHA,1990,0.104,0.097,0.743
Ghana,GHA,1991,0.105,0.097,0.743
Ghana,GHA,1992,0.173,0.114,0.765
Ghana,GHA,1993,0.445,0.334,0.69
Ghana,GHA,1994,0.479,0.388,0.641
Ghana,GHA,1995,0.491,0.396,0.641
Ghana,GHA,1996,0.513,0.425,0.641
Ghana,GHA,1997,0.597,0.505,0.641
Ghana,GHA,1998,0.597,0.505,0.64
Ghana,GHA,1999,0.597,0.504,0.64
Ghana,GHA,2000,0.664,0.57,0.585
Ghana,GHA,2001,0.721,0.622,0.585
Ghana,GHA,2002,0.731,0.629,0.623
Ghana,GHA,2003,0.731,0.631,0.623
Ghana,GHA,2004,0.734,0.635,0.623
Ghana,GHA,2005,0.73,0.634,0.625
Ghana,GHA,2006,0.73,0.634,0.625
Ghana,GHA,2007,0.736,0.636,0.625
Ghana,GHA,2008,0.732,0.632,0.625
Ghana,GHA,2009,0.755,0.652,0.625
Ghana,GHA,2010,0.761,0.663,0.624
Ghana,GHA,2011,0.761,0.663,0.624
Ghana,GHA,2012,0.771,0.661,0.624
Ghana,GHA,2013,0.75,0.635,0.602
Ghana,GHA,2014,0.746,0.63,0.602
Ghana,GHA,2015,0.739,0.631,0.608
Ghana,GHA,2016,0.725,0.61,0.615
Ghana,GHA,2017,0.739,0.628,0.614
Ghana,GHA,2018,0.735,0.623,0.621
Ghana,GHA,2019,0.718,0.606,0.614
Ghana,GHA,2020,0.718,0.604,0.626
Ghana,GHA,2021,0.659,0.554,0.606
Ghana,GHA,2022,0.663,0.559,0.633
Ghana,GHA,2023,0.657,0.555,0.633
Ghana,GHA,2024,0.665,0.56,0.638
South Africa,ZAF,1960,0.191,0.099,0.428
South Africa,ZAF,1961,0.16,0.092,0.428
South Africa,ZAF,1962,0.167,0.094,0.428
South Africa,ZAF,1963,0.167,0.094,0.428
South Africa,ZAF,1964,0.163,0.094,0.428
South Africa,ZAF,1965,0.163,0.094,0.428
South Africa,ZAF,1966,0.164,0.093,0.428
South Africa,ZAF,1967,0.164,0.093,0.428
South Africa,ZAF,1968,0.164,0.093,0.428
South Africa,ZAF,1969,0.164,0.093,0.428
South Africa,ZAF,1970,0.165,0.093,0.444
South Africa,ZAF,1971,0.165,0.093,0.444
South Africa,ZAF,1972,0.165,0.093,0.444
South Africa,ZAF,1973,0.165,0.093,0.441
South Africa,ZAF,1974,0.165,0.093,0.441
South Africa,ZAF,1975,0.165,0.094,0.441
South Africa,ZAF,1976,0.165,0.094,0.441
South Africa,ZAF,1977,0.163,0.093,0.441
South Africa,ZAF,1978,0.161,0.093,0.441
South Africa,ZAF,1979,0.161,0.093,0.441
South Africa,ZAF,1980,0.16,0.093,0.441
South Africa,ZAF,1981,0.176,0.096,0.441
South Africa,ZAF,1982,0.176,0.096,0.441
South Africa,ZAF,1983,0.176,0.096,0.441
South Africa,ZAF,1984,0.177,0.118,0.441
South Africa,ZAF,1985,0.178,0.118,0.441
South Africa,ZAF,1986,0.178,0.119,0.441
South Africa,ZAF,1987,0.176,0.118,0.441
South Africa,ZAF,1988,0.175,0.119,0.441
South Africa,ZAF,1989,0.186,0.121,0.441
South Africa,ZAF,1990,0.224,0.139,0.441
South Africa,ZAF,1991,0.254,0.148,0.441
South Africa,ZAF,1992,0.254,0.149,0.441
South Africa,ZAF,1993,0.264,0.159,0.441
South Africa,ZAF,1994,0.392,0.293,0.389
South Africa,ZAF,1995,0.657,0.528,0.416
South Africa,ZAF,1996,0.663,0.56,0.395
South Africa,ZAF,1997,0.663,0.56,0.395
South Africa,ZAF,1998,0.668,0.564,0.395
South Africa,ZAF,1999,0.709,0.598,0.395
South Africa,ZAF,2000,0.743,0.629,0.416
South Africa,ZAF,2001,0.743,0.629,0.416
South Africa,ZAF,2002,0.743,0.629,0.416
South Africa,ZAF,2003,0.743,0.629,0.416
South Africa,ZAF,2004,0.764,0.649,0.416
South Africa,ZAF,2005,0.778,0.658,0.443
South Africa,ZAF,2006,0.779,0.661,0.444
South Africa,ZAF,2007,0.779,0.662,0.444
South Africa,ZAF,2008,0.775,0.657,0.446
South Africa,ZAF,2009,0.775,0.656,0.475
South Africa,ZAF,2010,0.778,0.666,0.487
South Africa,ZAF,2011,0.777,0.666,0.487
South Africa,ZAF,2012,0.779,0.668,0.487
South Africa,ZAF,2013,0.765,0.65,0.479
South Africa,ZAF,2014,0.758,0.641,0.481
South Africa,ZAF,2015,0.755,0.649,0.492
South Africa,ZAF,2016,0.752,0.645,0.492
South Africa,ZAF,2017,0.738,0.626,0.5
South Africa,ZAF,2018,0.747,0.64,0.503
South Africa,ZAF,2019,0.727,0.623,0.461
South Africa,ZAF,2020,0.719,0.604,0.426
South Africa,ZAF,2021,0.725,0.609,0.443
South Africa,ZAF,2022,0.718,0.61,0.469
South Africa,ZAF,2023,0.712,0.602,0.522
South Africa,ZAF,2024,0.734,0.648,0.517
Japan,JPN,1960,0.829,0.749,0.13
Japan,JPN,1961,0.831,0.751,0.13
Japan,JPN,1962,0.831,0.751,0.13
Japan,JPN,1963,0.831,0.751,0.13
Japan,JPN,1964,0.831,0.749,0.13
Japan,JPN,1965,0.831,0.749,0.13
Japan,JPN,1966,0.831,0.749,0.13
Japan,JPN,1967,0.83,0.75,0.13
Japan,JPN,1968,0.83,0.75,0.13
Japan,JPN,1969,0.83,0.75,0.13
Japan,JPN,1970,0.836,0.749,0.13
Japan,JPN,1971,0.837,0.751,0.115
Japan,JPN,1972,0.836,0.753,0.115
Japan,JPN,1973,0.832,0.749,0.115
Japan,JPN,1974,0.832,0.749,0.115
Japan,JPN,1975,0.832,0.749,0.115
Japan,JPN,1976,0.833,0.749,0.115
Japan,JPN,1977,0.838,0.752,0.115
Japan,JPN,1978,0.838,0.752,0.115
Japan,JPN,1979,0.838,0.752,0.115
Japan,JPN,1980,0.835,0.752,0.123
Japan,JPN,1981,0.835,0.752,0.123
Japan,JPN,1982,0.835,0.752,0.115
Japan,JPN,1983,0.836,0.752,0.115
Japan,JPN,1984,0.838,0.754,0.115
Japan,JPN,1985,0.838,0.754,0.115
Japan,JPN,1986,0.836,0.752,0.115
Japan,JPN,1987,0.834,0.751,0.115
Japan,JPN,1988,0.834,0.751,0.115
Japan,JPN,1989,0.834,0.751,0.115
Japan,JPN,1990,0.835,0.754,0.115
Japan,JPN,1991,0.835,0.754,0.115
Japan,JPN,1992,0.835,0.754,0.115
Japan,JPN,1993,0.837,0.755,0.115
Japan,JPN,1994,0.839,0.76,0.111
Japan,JPN,1995,0.839,0.76,0.111
Japan,JPN,1996,0.838,0.759,0.111
Japan,JPN,1997,0.837,0.757,0.111
Japan,JPN,1998,0.837,0.757,0.108
Japan,JPN,1999,0.837,0.757,0.108
Japan,JPN,2000,0.838,0.762,0.108
Japan,JPN,2001,0.838,0.762,0.108
Japan,JPN,2002,0.838,0.762,0.108
Japan,JPN,2003,0.838,0.762,0.108
Japan,JPN,2004,0.838,0.763,0.108
Japan,JPN,2005,0.841,0.766,0.108
Japan,JPN,2006,0.849,0.773,0.108
Japan,JPN,2007,0.849,0.773,0.108
Japan,JPN,2008,0.846,0.772,0.108
Japan,JPN,2009,0.854,0.779,0.108
Japan,JPN,2010,0.852,0.778,0.108
Japan,JPN,2011,0.852,0.778,0.108
Japan,JPN,2012,0.848,0.774,0.108
Japan,JPN,2013,0.815,0.741,0.098
Japan,JPN,2014,0.815,0.739,0.098
Japan,JPN,2015,0.817,0.74,0.08
Japan,JPN,2016,0.817,0.74,0.093
Japan,JPN,2017,0.821,0.744,0.093
Japan,JPN,2018,0.832,0.755,0.093
Japan,JPN,2019,0.83,0.753,0.075
Japan,JPN,2020,0.831,0.742,0.075
Japan,JPN,2021,0.824,0.736,0.045
Japan,JPN,2022,0.823,0.738,0.045
Japan,JPN,2023,0.826,0.745,0.05
Japan,JPN,2024,0.822,0.737,0.05
Burma/Myanmar,MMR,1960,0.419,0.275,0.427
Burma/Myanmar,MMR,1961,0.426,0.275,0.427
Burma/Myanmar,MMR,1962,0.131,0.053,0.635
Burma/Myanmar,MMR,1963,0.077,0.018,0.807
Burma/Myanmar,MMR,1964,0.07,0.016,0.807
Burma/Myanmar,MMR,1965,0.07,0.016,0.807
Burma/Myanmar,MMR,1966,0.07,0.014,0.807
Burma/Myanmar,MMR,1967,0.07,0.014,0.807
Burma/Myanmar,MMR,1968,0.07,0.014,0.807
Burma/Myanmar,MMR,1969,0.07,0.014,0.807
Burma/Myanmar,MMR,1970,0.07,0.014,0.807
Burma/Myanmar,MMR,1971,0.07,0.014,0.807
Burma/Myanmar,MMR,1972,0.07,0.014,0.807
Burma/Myanmar,MMR,1973,0.07,0.014,0.807
Burma/Myanmar,MMR,1974,0.073,0.016,0.807
Burma/Myanmar,MMR,1975,0.074,0.019,0.825
Burma/Myanmar,MMR,1976,0.136,0.027,0.825
Burma/Myanmar,MMR,1977,0.136,0.027,0.825
Burma/Myanmar,MMR,1978,0.136,0.027,0.825
Burma/Myanmar,MMR,1979,0.136,0.027,0.825
Burma/Myanmar,MMR,1980,0.137,0.027,0.825
Burma/Myanmar,MMR,1981,0.137,0.027,0.825
Burma/Myanmar,MMR,1982,0.138,0.027,0.825
Burma/Myanmar,MMR,1983,0.138,0.027,0.825
Burma/Myanmar,MMR,1984,0.138,0.027,0.825
Burma/Myanmar,MMR,1985,0.138,0.027,0.825
Burma/Myanmar,MMR,1986,0.138,0.027,0.825
Burma/Myanmar,MMR,1987,0.138,0.027,0.825
Burma/Myanmar,MMR,1988,0.126,0.015,0.874
Burma/Myanmar,MMR,1989,0.09,0.017,0.878
Burma/Myanmar,MMR,1990,0.115,0.02,0.878
Burma/Myanmar,MMR,1991,0.096,0.017,0.878
Burma/Myanmar,MMR,1992,0.096,0.017,0.878
Burma/Myanmar,MMR,1993,0.096,0.017,0.878
Burma/Myanmar,MMR,1994,0.096,0.017,0.878
Burma/Myanmar,MMR,1995,0.096,0.017,0.878
Burma/Myanmar,MMR,1996,0.096,0.017,0.878
Burma/Myanmar,MMR,1997,0.096,0.017,0.878
Burma/Myanmar,MMR,1998,0.096,0.017,0.878
Burma/Myanmar,MMR,1999,0.096,0.017,0.878
Burma/Myanmar,MMR,2000,0.096,0.018,0.878
Burma/Myanmar,MMR,2001,0.096,0.018,0.878
Burma/Myanmar,MMR,2002,0.096,0.018,0.878
Burma/Myanmar,MMR,2003,0.096,0.018,0.878
Burma/Myanmar,MMR,2004,0.096,0.018,0.878
Burma/Myanmar,MMR,2005,0.096,0.018,0.878
Burma/Myanmar,MMR,2006,0.096,0.018,0.878
Burma/Myanmar,MMR,2007,0.096,0.017,0.878
Burma/Myanmar,MMR,2008,0.096,0.018,0.878
Burma/Myanmar,MMR,2009,0.097,0.018,0.878
Burma/Myanmar,MMR,2010,0.119,0.033,0.847
Burma/Myanmar,MMR,2011,0.223,0.107,0.739
Burma/Myanmar,MMR,2012,0.306,0.134,0.742
Burma/Myanmar,MMR,2013,0.355,0.157,0.66
Burma/Myanmar,MMR,2014,0.357,0.163,0.66
Burma/Myanmar,MMR,2015,0.37,0.181,0.532
Burma/Myanmar,MMR,2016,0.402,0.226,0.409
Burma/Myanmar,MMR,2017,0.402,0.229,0.392
Burma/Myanmar,MMR,2018,0.397,0.232,0.312
Burma/Myanmar,MMR,2019,0.421,0.246,0.333
Burma/Myanmar,MMR,2020,0.426,0.252,0.33
Burma/Myanmar,MMR,2021,0.102,0.02,0.662
Burma/Myanmar,MMR,2022,0.087,0.016,0.813
Burma/Myanmar,MMR,2023,0.077,0.015,0.842
Burma/Myanmar,MMR,2024,0.08,0.015,0.859
Russia,RUS,1960,0.106,0.024,0.231
Russia,RUS,1961,0.106,0.024,0.263
Russia,RUS,1962,0.095,0.023,0.263
Russia,RUS,1963,0.092,0.023,0.263
Russia,RUS,1964,0.092,0.023,0.308
Russia,RUS,1965,0.092,0.023,0.308
Russia,RUS,1966,0.092,0.023,0.323
Russia,RUS,1967,0.092,0.023,0.323
Russia,RUS,1968,0.092,0.023,0.323
Russia,RUS,1969,0.092,0.023,0.323
Russia,RUS,1970,0.101,0.024,0.343
Russia,RUS,1971,0.109,0.025,0.333
Russia,RUS,1972,0.108,0.025,0.333
Russia,RUS,1973,0.108,0.025,0.333
Russia,RUS,1974,0.107,0.025,0.333
Russia,RUS,1975,0.107,0.025,0.333
Russia,RUS,1976,0.107,0.025,0.333
Russia,RUS,1977,0.107,0.024,0.333
Russia,RUS,1978,0.107,0.024,0.333
Russia,RUS,1979,0.107,0.025,0.333
Russia,RUS,1980,0.107,0.028,0.353
Russia,RUS,1981,0.107,0.028,0.353
Russia,RUS,1982,0.107,0.028,0.347
Russia,RUS,1983,0.107,0.027,0.347
Russia,RUS,1984,0.106,0.027,0.347
Russia,RUS,1985,0.109,0.029,0.347
Russia,RUS,1986,0.117,0.037,0.383
Russia,RUS,1987,0.144,0.041,0.409
Russia,RUS,1988,0.145,0.043,0.409
Russia,RUS,1989,0.176,0.064,0.409
Russia,RUS,1990,0.234,0.096,0.413
Russia,RUS,1991,0.255,0.129,0.54
Russia,RUS,1992,0.498,0.299,0.733
Russia,RUS,1993,0.48,0.294,0.719
Russia,RUS,1994,0.477,0.293,0.738
Russia,RUS,1995,0.477,0.297,0.774
Russia,RUS,1996,0.461,0.29,0.774
Russia,RUS,1997,0.456,0.284,0.774
Russia,RUS,1998,0.456,0.282,0.774
Russia,RUS,1999,0.461,0.284,0.774
Russia,RUS,2000,0.403,0.223,0.787
Russia,RUS,2001,0.374,0.201,0.778
Russia,RUS,2002,0.354,0.175,0.782
Russia,RUS,2003,0.339,0.165,0.782
Russia,RUS,2004,0.321,0.153,0.727
Russia,RUS,2005,0.32,0.149,0.727
Russia,RUS,2006,0.322,0.15,0.727
Russia,RUS,2007,0.316,0.146,0.727
Russia,RUS,2008,0.302,0.139,0.731
Russia,RUS,2009,0.309,0.141,0.737
Russia,RUS,2010,0.306,0.135,0.728
Russia,RUS,2011,0.299,0.134,0.736
Russia,RUS,2012,0.278,0.122,0.737
Russia,RUS,2013,0.276,0.116,0.721
Russia,RUS,2014,0.264,0.109,0.712
Russia,RUS,2015,0.265,0.109,0.712
Russia,RUS,2016,0.263,0.106,0.716
Russia,RUS,2017,0.261,0.107,0.722
Russia,RUS,2018,0.264,0.107,0.722
Russia,RUS,2019,0.259,0.105,0.722
Russia,RUS,2020,0.255,0.097,0.719
Russia,RUS,2021,0.245,0.094,0.701
Russia,RUS,2022,0.206,0.07,0.732
Russia,RUS,2023,0.19,0.065,0.78
Russia,RUS,2024,0.171,0.057,0.795
Albania,ALB,1960,0.174,0.054,0.053
Albania,ALB,1961,0.174,0.054,0.053
Albania,ALB,1962,0.174,0.054,0.053
Albania,ALB,1963,0.173,0.054,0.053
Albania,ALB,1964,0.173,0.054,0.053
Albania,ALB,1965,0.173,0.054,0.053
Albania,ALB,1966,0.173,0.054,0.053
Albania,ALB,1967,0.173,0.054,0.053
Albania,ALB,1968,0.173,0.054,0.053
Albania,ALB,1969,0.173,0.054,0.053
Albania,ALB,1970,0.173,0.054,0.053
Albania,ALB,1971,0.173,0.054,0.053
Albania,ALB,1972,0.173,0.054,0.053
Albania,ALB,1973,0.173,0.054,0.053
Albania,ALB,1974,0.173,0.054,0.053
Albania,ALB,1975,0.173,0.054,0.053
Albania,ALB,1976,0.173,0.056,0.053
Albania,ALB,1977,0.173,0.056,0.062
Albania,ALB,1978,0.173,0.056,0.062
Albania,ALB,1979,0.174,0.056,0.062
Albania,ALB,1980,0.174,0.056,0.062
Albania,ALB,1981,0.174,0.056,0.068
Albania,ALB,1982,0.174,0.056,0.068
Albania,ALB,1983,0.173,0.056,0.068
Albania,ALB,1984,0.173,0.056,0.074
Albania,ALB,1985,0.173,0.056,0.086
Albania,ALB,1986,0.173,0.058,0.086
Albania,ALB,1987,0.173,0.058,0.086
Albania,ALB,1988,0.173,0.058,0.086
Albania,ALB,1989,0.173,0.058,0.092
Albania,ALB,1990,0.187,0.07,0.13
Albania,ALB,1991,0.367,0.26,0.502
Albania,ALB,1992,0.42,0.333,0.684
Albania,ALB,1993,0.421,0.321,0.591
Albania,ALB,1994,0.421,0.34,0.682
Albania,ALB,1995,0.427,0.344,0.682
Albania,ALB,1996,0.387,0.321,0.682
Albania,ALB,1997,0.371,0.311,0.708
Albania,ALB,1998,0.39,0.323,0.75
Albania,ALB,1999,0.392,0.326,0.769
Albania,ALB,2000,0.402,0.342,0.74
Albania,ALB,2001,0.438,0.366,0.728
Albania,ALB,2002,0.48,0.395,0.744
Albania,ALB,2003,0.486,0.398,0.744
Albania,ALB,2004,0.491,0.406,0.744
Albania,ALB,2005,0.518,0.425,0.722
Albania,ALB,2006,0.546,0.444,0.722
Albania,ALB,2007,0.551,0.446,0.722
Albania,ALB,2008,0.551,0.447,0.757
Albania,ALB,2009,0.544,0.446,0.757
Albania,ALB,2010,0.539,0.44,0.767
Albania,ALB,2011,0.539,0.441,0.767
Albania,ALB,2012,0.54,0.444,0.766
Albania,ALB,2013,0.523,0.433,0.758
Albania,ALB,2014,0.522,0.436,0.767
Albania,ALB,2015,0.518,0.435,0.767
Albania,ALB,2016,0.52,0.436,0.767
Albania,ALB,2017,0.536,0.437,0.763
Albania,ALB,2018,0.524,0.432,0.745
Albania,ALB,2019,0.511,0.426,0.688
Albania,ALB,2020,0.528,0.442,0.688
Albania,ALB,2021,0.526,0.438,0.615
Albania,ALB,2022,0.517,0.428,0.563
Albania,ALB,2023,0.505,0.394,0.596
Albania,ALB,2024,0.51,0.398,0.627
Egypt,EGY,1960,0.163,0.117,0.532
Egypt,EGY,1961,0.148,0.11,0.558
Egypt,EGY,1962,0.126,0.096,0.531
Egypt,EGY,1963,0.149,0.101,0.531
Egypt,EGY,1964,0.177,0.134,0.55
Egypt,EGY,1965,0.183,0.142,0.556
Egypt,EGY,1966,0.183,0.142,0.556
Egypt,EGY,1967,0.182,0.14,0.556
Egypt,EGY,1968,0.182,0.139,0.556
Egypt,EGY,1969,0.18,0.139,0.556
Egypt,EGY,1970,0.188,0.144,0.611
Egypt,EGY,1971,0.202,0.162,0.621
Egypt,EGY,1972,0.195,0.16,0.627
Egypt,EGY,1973,0.196,0.16,0.627
Egypt,EGY,1974,0.196,0.16,0.627
Egypt,EGY,1975,0.196,0.16,0.627
Egypt,EGY,1976,0.207,0.163,0.627
Egypt,EGY,1977,0.207,0.161,0.627
Egypt,EGY,1978,0.207,0.161,0.627
Egypt,EGY,1979,0.202,0.159,0.627
Egypt,EGY,1980,0.181,0.12,0.688
Egypt,EGY,1981,0.191,0.161,0.738
Egypt,EGY,1982,0.217,0.171,0.769
Egypt,EGY,1983,0.217,0.17,0.769
Egypt,EGY,1984,0.215,0.17,0.769
Egypt,EGY,1985,0.214,0.17,0.769
Egypt,EGY,1986,0.219,0.173,0.769
Egypt,EGY,1987,0.22,0.171,0.769
Egypt,EGY,1988,0.223,0.172,0.769
Egypt,EGY,1989,0.224,0.172,0.769
Egypt,EGY,1990,0.223,0.161,0.82
Egypt,EGY,1991,0.212,0.157,0.82
Egypt,EGY,1992,0.212,0.157,0.82
Egypt,EGY,1993,0.216,0.158,0.82
Egypt,EGY,1994,0.217,0.156,0.811
Egypt,EGY,1995,0.217,0.157,0.83
Egypt,EGY,1996,0.215,0.156,0.831
Egypt,EGY,1997,0.213,0.155,0.831
Egypt,EGY,1998,0.215,0.155,0.831
Egypt,EGY,1999,0.215,0.155,0.831
Egypt,EGY,2000,0.217,0.154,0.831
Egypt,EGY,2001,0.209,0.151,0.831
Egypt,EGY,2002,0.209,0.151,0.831
Egypt,EGY,2003,0.209,0.151,0.831
Egypt,EGY,2004,0.208,0.151,0.831
Egypt,EGY,2005,0.21,0.152,0.831
Egypt,EGY,2006,0.212,0.153,0.831
Egypt,EGY,2007,0.212,0.152,0.831
Egypt,EGY,2008,0.212,0.152,0.831
Egypt,EGY,2009,0.211,0.152,0.831
Egypt,EGY,2010,0.212,0.152,0.831
Egypt,EGY,2011,0.204,0.122,0.622
Egypt,EGY,2012,0.298,0.157,0.714
Egypt,EGY,2013,0.187,0.097,0.696
Egypt,EGY,2014,0.137,0.085,0.689
Egypt,EGY,2015,0.156,0.093,0.731
Egypt,EGY,2016,0.178,0.122,0.729
Egypt,EGY,2017,0.178,0.113,0.74
Egypt,EGY,2018,0.176,0.112,0.733
Egypt,EGY,2019,0.174,0.116,0.735
Egypt,EGY,2020,0.176,0.117,0.735
Egypt,EGY,2021,0.18,0.116,0.728
Egypt,EGY,2022,0.183,0.123,0.714
Egypt,EGY,2023,0.187,0.123,0.729
Egypt,EGY,2024,0.186,0.123,0.729
Yemen,YEM,1960,0.019,0.033,0.466
Yemen,YEM,1961,0.019,0.033,0.466
Yemen,YEM,1962,0.017,0.033,0.375
Yemen,YEM,1963,0.024,0.042,0.231
Yemen,YEM,1964,0.025,0.044,0.231
Yemen,YEM,1965,0.023,0.044,0.231
Yemen,YEM,1966,0.023,0.044,0.231
Yemen,YEM,1967,0.023,0.037,0.231
Yemen,YEM,1968,0.025,0.037,0.231
Yemen,YEM,1969,0.026,0.037,0.231
Yemen,YEM,1970,0.027,0.037,0.231
Yemen,YEM,1971,0.112,0.071,0.231
Yemen,YEM,1972,0.116,0.061,0.218
Yemen,YEM,1973,0.115,0.062,0.218
Yemen,YEM,1974,0.117,0.068,0.208
Yemen,YEM,1975,0.093,0.054,0.191
Yemen,YEM,1976,0.093,0.054,0.191
Yemen,YEM,1977,0.092,0.054,0.191
Yemen,YEM,1978,0.09,0.061,0.336
Yemen,YEM,1979,0.089,0.06,0.359
Yemen,YEM,1980,0.09,0.06,0.359
Yemen,YEM,1981,0.09,0.06,0.359
Yemen,YEM,1982,0.089,0.06,0.359
Yemen,YEM,1983,0.089,0.06,0.359
Yemen,YEM,1984,0.089,0.06,0.359
Yemen,YEM,1985,0.089,0.06,0.359
Yemen,YEM,1986,0.089,0.06,0.379
Yemen,YEM,1987,0.089,0.059,0.379
Yemen,YEM,1988,0.129,0.066,0.364
Yemen,YEM,1989,0.17,0.073,0.364
Yemen,YEM,1990,0.224,0.114,0.718
Yemen,YEM,1991,0.28,0.15,0.725
Yemen,YEM,1992,0.281,0.151,0.725
Yemen,YEM,1993,0.309,0.161,0.725
Yemen,YEM,1994,0.318,0.147,0.72
Yemen,YEM,1995,0.299,0.132,0.872
Yemen,YEM,1996,0.299,0.132,0.872
Yemen,YEM,1997,0.279,0.137,0.872
Yemen,YEM,1998,0.266,0.132,0.872
Yemen,YEM,1999,0.262,0.131,0.872
Yemen,YEM,2000,0.263,0.136,0.885
Yemen,YEM,2001,0.261,0.136,0.885
Yemen,YEM,2002,0.261,0.137,0.885
Yemen,YEM,2003,0.275,0.152,0.899
Yemen,YEM,2004,0.281,0.153,0.899
Yemen,YEM,2005,0.281,0.153,0.899
Yemen,YEM,2006,0.283,0.154,0.899
Yemen,YEM,2007,0.283,0.153,0.899
Yemen,YEM,2008,0.285,0.153,0.899
Yemen,YEM,2009,0.285,0.153,0.899
Yemen,YEM,2010,0.286,0.153,0.898
Yemen,YEM,2011,0.31,0.141,0.889
Yemen,YEM,2012,0.357,0.164,0.861
Yemen,YEM,2013,0.336,0.148,0.879
Yemen,YEM,2014,0.3,0.117,0.879
Yemen,YEM,2015,0.184,0.069,0.888
Yemen,YEM,2016,0.113,0.037,0.891
Yemen,YEM,2017,0.112,0.036,0.921
Yemen,YEM,2018,0.113,0.034,0.921
Yemen,YEM,2019,0.117,0.038,0.905
Yemen,YEM,2020,0.113,0.033,0.919
Yemen,YEM,2021,0.116,0.033,0.936
Yemen,YEM,2022,0.123,0.041,0.91
Yemen,YEM,2023,0.128,0.045,0.923
Yemen,YEM,2024,0.126,0.047,0.91
Colombia,COL,1960,0.348,0.247,0.485
Colombia,COL,1961,0.354,0.249,0.485
Colombia,COL,1962,0.356,0.251,0.485
Colombia,COL,1963,0.356,0.251,0.485
Colombia,COL,1964,0.354,0.25,0.485
Colombia,COL,1965,0.355,0.251,0.485
Colombia,COL,1966,0.355,0.25,0.485
Colombia,COL,1967,0.356,0.25,0.485
Colombia,COL,1968,0.356,0.253,0.485
Colombia,COL,1969,0.356,0.253,0.485
Colombia,COL,1970,0.35,0.251,0.485
Colombia,COL,1971,0.361,0.258,0.485
Colombia,COL,1972,0.369,0.261,0.485
Colombia,COL,1973,0.369,0.261,0.485
Colombia,COL,1974,0.411,0.277,0.485
Colombia,COL,1975,0.445,0.3,0.485
Colombia,COL,1976,0.445,0.304,0.485
Colombia,COL,1977,0.447,0.305,0.485
Colombia,COL,1978,0.424,0.28,0.48
Colombia,COL,1979,0.405,0.27,0.48
Colombia,COL,1980,0.409,0.27,0.48
Colombia,COL,1981,0.409,0.27,0.48
Colombia,COL,1982,0.409,0.276,0.48
Colombia,COL,1983,0.466,0.316,0.48
Colombia,COL,1984,0.455,0.317,0.48
Colombia,COL,1985,0.454,0.314,0.48
Colombia,COL,1986,0.448,0.308,0.48
Colombia,COL,1987,0.446,0.308,0.48
Colombia,COL,1988,0.443,0.301,0.478
Colombia,COL,1989,0.443,0.301,0.478
Colombia,COL,1990,0.473,0.316,0.478
Colombia,COL,1991,0.516,0.39,0.478
Colombia,COL,1992,0.558,0.428,0.434
Colombia,COL,1993,0.558,0.427,0.434
Colombia,COL,1994,0.558,0.426,0.434
Colombia,COL,1995,0.56,0.428,0.434
Colombia,COL,1996,0.554,0.426,0.434
Colombia,COL,1997,0.554,0.429,0.434
Colombia,COL,1998,0.546,0.423,0.434
Colombia,COL,1999,0.538,0.417,0.434
Colombia,COL,2000,0.55,0.426,0.408
Colombia,COL,2001,0.542,0.422,0.408
Colombia,COL,2002,0.534,0.414,0.408
Colombia,COL,2003,0.535,0.421,0.408
Colombia,COL,2004,0.537,0.424,0.408
Colombia,COL,2005,0.542,0.428,0.408
Colombia,COL,2006,0.571,0.449,0.408
Colombia,COL,2007,0.583,0.461,0.408
Colombia,COL,2008,0.585,0.462,0.408
Colombia,COL,2009,0.587,0.465,0.417
Colombia,COL,2010,0.624,0.498,0.399
Colombia,COL,2011,0.66,0.539,0.393
Colombia,COL,2012,0.661,0.54,0.384
Colombia,COL,2013,0.669,0.537,0.385
Colombia,COL,2014,0.677,0.545,0.385
Colombia,COL,2015,0.681,0.551,0.389
Colombia,COL,2016,0.682,0.547,0.388
Colombia,COL,2017,0.68,0.548,0.399
Colombia,COL,2018,0.666,0.533,0.381
Colombia,COL,2019,0.651,0.511,0.382
Colombia,COL,2020,0.643,0.496,0.397
Colombia,COL,2021,0.654,0.499,0.392
Colombia,COL,2022,0.696,0.561,0.383
Colombia,COL,2023,0.711,0.57,0.387
Colombia,COL,2024,0.698,0.554,0.396
Poland,POL,1960,0.198,0.135,0.158
Poland,POL,1961,0.189,0.132,0.158
Poland,POL,1962,0.186,0.131,0.158
Poland,POL,1963,0.186,0.131,0.158
Poland,POL,1964,0.186,0.131,0.158
Poland,POL,1965,0.185,0.131,0.158
Poland,POL,1966,0.185,0.131,0.158
Poland,POL,1967,0.185,0.131,0.158
Poland,POL,1968,0.185,0.131,0.158
Poland,POL,1969,0.186,0.132,0.158
Poland,POL,1970,0.186,0.133,0.171
Poland,POL,1971,0.188,0.133,0.178
Poland,POL,1972,0.19,0.134,0.178
Poland,POL,1973,0.191,0.134,0.178
Poland,POL,1974,0.191,0.134,0.178
Poland,POL,1975,0.191,0.136,0.178
Poland,POL,1976,0.186,0.133,0.182
Poland,POL,1977,0.186,0.133,0.182
Poland,POL,1978,0.186,0.135,0.182
Poland,POL,1979,0.186,0.135,0.182
Poland,POL,1980,0.209,0.142,0.186
Poland,POL,1981,0.207,0.131,0.178
Poland,POL,1982,0.186,0.119,0.158
Poland,POL,1983,0.186,0.123,0.174
Poland,POL,1984,0.191,0.135,0.174
Poland,POL,1985,0.19,0.139,0.179
Poland,POL,1986,0.191,0.144,0.179
Poland,POL,1987,0.189,0.15,0.179
Poland,POL,1988,0.194,0.155,0.179
Poland,POL,1989,0.379,0.291,0.204
Poland,POL,1990,0.74,0.66,0.084
Poland,POL,1991,0.866,0.783,0.084
Poland,POL,1992,0.888,0.804,0.084
Poland,POL,1993,0.887,0.808,0.084
Poland,POL,1994,0.89,0.811,0.084
Poland,POL,1995,0.889,0.81,0.084
Poland,POL,1996,0.882,0.802,0.084
Poland,POL,1997,0.871,0.792,0.084
Poland,POL,1998,0.876,0.796,0.084
Poland,POL,1999,0.876,0.798,0.084
Poland,POL,2000,0.878,0.8,0.084
Poland,POL,2001,0.882,0.806,0.084
Poland,POL,2002,0.882,0.813,0.084
Poland,POL,2003,0.882,0.813,0.084
Poland,POL,2004,0.882,0.813,0.084
Poland,POL,2005,0.884,0.815,0.084
Poland,POL,2006,0.877,0.807,0.083
Poland,POL,2007,0.874,0.803,0.083
Poland,POL,2008,0.891,0.825,0.085
Poland,POL,2009,0.891,0.825,0.085
Poland,POL,2010,0.892,0.827,0.086
Poland,POL,2011,0.893,0.827,0.085
Poland,POL,2012,0.893,0.825,0.087
Poland,POL,2013,0.89,0.821,0.087
Poland,POL,2014,0.882,0.812,0.094
Poland,POL,2015,0.876,0.775,0.074
Poland,POL,2016,0.731,0.598,0.093
Poland,POL,2017,0.698,0.542,0.096
Poland,POL,2018,0.694,0.524,0.107
Poland,POL,2019,0.682,0.505,0.107
Poland,POL,2020,0.616,0.45,0.125
Poland,POL,2021,0.587,0.424,0.139
Poland,POL,2022,0.578,0.417,0.139
Poland,POL,2023,0.598,0.457,0.13
Poland,POL,2024,0.73,0.613,0.106
Brazil,BRA,1960,0.405,0.27,0.72
Brazil,BRA,1961,0.408,0.273,0.72
Brazil,BRA,1962,0.407,0.272,0.72
Brazil,BRA,1963,0.405,0.269,0.72
Brazil,BRA,1964,0.209,0.129,0.692
Brazil,BRA,1965,0.145,0.067,0.696
Brazil,BRA,1966,0.144,0.067,0.696
Brazil,BRA,1967,0.183,0.074,0.696
Brazil,BRA,1968,0.18,0.071,0.696
Brazil,BRA,1969,0.174,0.068,0.696
Brazil,BRA,1970,0.177,0.068,0.696
Brazil,BRA,1971,0.174,0.068,0.696
Brazil,BRA,1972,0.174,0.068,0.696
Brazil,BRA,1973,0.175,0.068,0.696
Brazil,BRA,1974,0.177,0.066,0.696
Brazil,BRA,1975,0.184,0.068,0.696
Brazil,BRA,1976,0.186,0.07,0.696
Brazil,BRA,1977,0.186,0.07,0.696
Brazil,BRA,1978,0.187,0.072,0.696
Brazil,BRA,1979,0.207,0.089,0.696
Brazil,BRA,1980,0.251,0.119,0.696
Brazil,BRA,1981,0.251,0.119,0.696
Brazil,BRA,1982,0.264,0.134,0.696
Brazil,BRA,1983,0.282,0.146,0.696
Brazil,BRA,1984,0.29,0.149,0.696
Brazil,BRA,1985,0.392,0.226,0.686
Brazil,BRA,1986,0.471,0.313,0.675
Brazil,BRA,1987,0.559,0.37,0.675
Brazil,BRA,1988,0.682,0.528,0.661
Brazil,BRA,1989,0.724,0.579,0.671
Brazil,BRA,1990,0.814,0.678,0.605
Brazil,BRA,1991,0.828,0.692,0.605
Brazil,BRA,1992,0.836,0.699,0.605
Brazil,BRA,1993,0.84,0.704,0.563
Brazil,BRA,1994,0.846,0.707,0.511
Brazil,BRA,1995,0.847,0.712,0.514
Brazil,BRA,1996,0.848,0.711,0.507
Brazil,BRA,1997,0.848,0.711,0.506
Brazil,BRA,1998,0.849,0.711,0.506
Brazil,BRA,1999,0.85,0.713,0.506
Brazil,BRA,2000,0.854,0.717,0.506
Brazil,BRA,2001,0.854,0.717,0.506
Brazil,BRA,2002,0.856,0.721,0.545
Brazil,BRA,2003,0.855,0.722,0.545
Brazil,BRA,2004,0.855,0.722,0.545
Brazil,BRA,2005,0.867,0.772,0.495
Brazil,BRA,2006,0.868,0.77,0.494
Brazil,BRA,2007,0.866,0.769,0.494
Brazil,BRA,2008,0.866,0.769,0.494
Brazil,BRA,2009,0.866,0.769,0.494
Brazil,BRA,2010,0.871,0.776,0.494
Brazil,BRA,2011,0.875,0.781,0.493
Brazil,BRA,2012,0.871,0.777,0.493
Brazil,BRA,2013,0.873,0.781,0.493
Brazil,BRA,2014,0.873,0.783,0.506
Brazil,BRA,2015,0.861,0.769,0.506
Brazil,BRA,2016,0.781,0.653,0.535
Brazil,BRA,2017,0.774,0.641,0.535
Brazil,BRA,2018,0.749,0.608,0.535
Brazil,BRA,2019,0.691,0.528,0.546
Brazil,BRA,2020,0.699,0.534,0.537
Brazil,BRA,2021,0.69,0.531,0.541
Brazil,BRA,2022,0.699,0.54,0.545
Brazil,BRA,2023,0.79,0.695,0.461
Brazil,BRA,2024,0.799,0.712,0.438
United States of America,USA,1960,0.649,0.544,0.06
United States of America,USA,1961,0.666,0.559,0.06
United States of America,USA,1962,0.668,0.56,0.06
United States of America,USA,1963,0.679,0.57,0.06
United States of America,USA,1964,0.678,0.572,0.06
United States of America,USA,1965,0.672,0.57,0.054
United States of America,USA,1966,0.693,0.594,0.054
United States of America,USA,1967,0.7,0.602,0.054
United States of America,USA,1968,0.7,0.602,0.054
United States of America,USA,1969,0.689,0.607,0.063
United States of America,USA,1970,0.718,0.639,0.071
United States of America,USA,1971,0.724,0.646,0.073
United States of America,USA,1972,0.736,0.659,0.073
United States of America,USA,1973,0.758,0.689,0.073
United States of America,USA,1974,0.765,0.696,0.073
United States of America,USA,1975,0.782,0.716,0.054
United States of America,USA,1976,0.791,0.726,0.054
United States of America,USA,1977,0.831,0.765,0.054
United States of America,USA,1978,0.834,0.768,0.054
United States of America,USA,1979,0.832,0.767,0.054
United States of America,USA,1980,0.844,0.778,0.051
United States of America,USA,1981,0.855,0.79,0.058
United States of America,USA,1982,0.856,0.791,0.078
United States of America,USA,1983,0.861,0.795,0.078
United States of America,USA,1984,0.86,0.794,0.078
United States of America,USA,1985,0.856,0.787,0.078
United States of America,USA,1986,0.857,0.792,0.078
United States of America,USA,1987,0.863,0.798,0.074
United States of America,USA,1988,0.862,0.797,0.074
United States of America,USA,1989,0.859,0.794,0.071
United States of America,USA,1990,0.863,0.8,0.055
United States of America,USA,1991,0.867,0.805,0.055
United States of America,USA,1992,0.872,0.809,0.055
United States of America,USA,1993,0.867,0.805,0.055
United States of America,USA,1994,0.867,0.806,0.055
United States of America,USA,1995,0.868,0.808,0.055
United States of America,USA,1996,0.869,0.808,0.055
United States of America,USA,1997,0.871,0.811,0.055
United States of America,USA,1998,0.871,0.81,0.055
United States of America,USA,1999,0.868,0.808,0.055
United States of America,USA,2000,0.867,0.808,0.055
United States of America,USA,2001,0.828,0.769,0.055
United States of America,USA,2002,0.829,0.769,0.055
United States of America,USA,2003,0.86,0.798,0.055
United States of America,USA,2004,0.862,0.799,0.055
United States of America,USA,2005,0.856,0.794,0.055
United States of America,USA,2006,0.862,0.801,0.055
United States of America,USA,2007,0.897,0.84,0.055
United States of America,USA,2008,0.9,0.845,0.055
United States of America,USA,2009,0.9,0.848,0.054
United States of America,USA,2010,0.9,0.848,0.054
United States of America,USA,2011,0.896,0.845,0.054
United States of America,USA,2012,0.896,0.842,0.053
United States of America,USA,2013,0.905,0.852,0.053
United States of America,USA,2014,0.901,0.848,0.053
United States of America,USA,2015,0.9,0.848,0.053
United States of America,USA,2016,0.885,0.83,0.068
United States of America,USA,2017,0.834,0.749,0.1
United States of America,USA,2018,0.824,0.739,0.097
United States of America,USA,2019,0.818,0.74,0.093
United States of America,USA,2020,0.815,0.734,0.085
United States of America,USA,2021,0.821,0.756,0.068
United States of America,USA,2022,0.833,0.769,0.061
United States of America,USA,2023,0.857,0.789,0.055
United States of America,USA,2024,0.843,0.751,0.051
Portugal,PRT,1960,0.128,0.074,0.252
Portugal,PRT,1961,0.129,0.074,0.252
Portugal,PRT,1962,0.128,0.074,0.252
Portugal,PRT,1963,0.128,0.074,0.252
Portugal,PRT,1964,0.128,0.074,0.252
Portugal,PRT,1965,0.128,0.074,0.243
Portugal,PRT,1966,0.119,0.072,0.243
Portugal,PRT,1967,0.119,0.074,0.243
Portugal,PRT,1968,0.12,0.074,0.243
Portugal,PRT,1969,0.128,0.078,0.243
Portugal,PRT,1970,0.147,0.082,0.243
Portugal,PRT,1971,0.147,0.082,0.243
Portugal,PRT,1972,0.147,0.082,0.243
Portugal,PRT,1973,0.151,0.084,0.243
Portugal,PRT,1974,0.228,0.207,0.134
Portugal,PRT,1975,0.307,0.233,0.084
Portugal,PRT,1976,0.513,0.455,0.084
Portugal,PRT,1977,0.747,0.681,0.086
Portugal,PRT,1978,0.746,0.68,0.086
Portugal,PRT,1979,0.753,0.687,0.086
Portugal,PRT,1980,0.841,0.776,0.107
Portugal,PRT,1981,0.842,0.778,0.107
Portugal,PRT,1982,0.842,0.778,0.107
Portugal,PRT,1983,0.857,0.8,0.107
Portugal,PRT,1984,0.864,0.807,0.107
Portugal,PRT,1985,0.864,0.807,0.107
Portugal,PRT,1986,0.86,0.805,0.105
Portugal,PRT,1987,0.864,0.809,0.105
Portugal,PRT,1988,0.87,0.816,0.105
Portugal,PRT,1989,0.87,0.816,0.105
Portugal,PRT,1990,0.869,0.815,0.105
Portugal,PRT,1991,0.859,0.803,0.105
Portugal,PRT,1992,0.858,0.803,0.1
Portugal,PRT,1993,0.858,0.803,0.1
Portugal,PRT,1994,0.858,0.803,0.1
Portugal,PRT,1995,0.861,0.806,0.1
Portugal,PRT,1996,0.869,0.816,0.092
Portugal,PRT,1997,0.869,0.816,0.088
Portugal,PRT,1998,0.869,0.816,0.088
Portugal,PRT,1999,0.868,0.815,0.088
Portugal,PRT,2000,0.867,0.813,0.088
Portugal,PRT,2001,0.871,0.816,0.088
Portugal,PRT,2002,0.876,0.821,0.088
Portugal,PRT,2003,0.876,0.821,0.088
Portugal,PRT,2004,0.876,0.821,0.088
Portugal,PRT,2005,0.889,0.835,0.088
Portugal,PRT,2006,0.894,0.839,0.091
Portugal,PRT,2007,0.894,0.839,0.091
Portugal,PRT,2008,0.893,0.839,0.091
Portugal,PRT,2009,0.894,0.838,0.091
Portugal,PRT,2010,0.894,0.838,0.091
Portugal,PRT,2011,0.884,0.829,0.091
Portugal,PRT,2012,0.885,0.83,0.087
Portugal,PRT,2013,0.886,0.829,0.091
Portugal,PRT,2014,0.886,0.829,0.091
Portugal,PRT,2015,0.887,0.829,0.093
Portugal,PRT,2016,0.888,0.83,0.104
Portugal,PRT,2017,0.898,0.848,0.094
Portugal,PRT,2018,0.899,0.849,0.1
Portugal,PRT,2019,0.886,0.82,0.105
Portugal,PRT,2020,0.886,0.806,0.121
Portugal,PRT,2021,0.884,0.81,0.131
Portugal,PRT,2022,0.847,0.758,0.139
Portugal,PRT,2023,0.854,0.757,0.172
Portugal,PRT,2024,0.836,0.754,0.166
El Salvador,SLV,1960,0.177,0.066,0.817
El Salvador,SLV,1961,0.116,0.052,0.817
El Salvador,SLV,1962,0.156,0.062,0.859
El Salvador,SLV,1963,0.188,0.068,0.859
El Salvador,SLV,1964,0.191,0.068,0.859
El Salvador,SLV,1965,0.191,0.068,0.859
El Salvador,SLV,1966,0.192,0.068,0.859
El Salvador,SLV,1967,0.191,0.068,0.859
El Salvador,SLV,1968,0.193,0.067,0.859
El Salvador,SLV,1969,0.192,0.066,0.859
El Salvador,SLV,1970,0.187,0.065,0.859
El Salvador,SLV,1971,0.187,0.065,0.866
El Salvador,SLV,1972,0.181,0.06,0.866
El Salvador,SLV,1973,0.173,0.056,0.866
El Salvador,SLV,1974,0.173,0.055,0.866
El Salvador,SLV,1975,0.173,0.055,0.866
El Salvador,SLV,1976,0.171,0.055,0.866
El Salvador,SLV,1977,0.171,0.055,0.866
El Salvador,SLV,1978,0.171,0.054,0.866
El Salvador,SLV,1979,0.158,0.052,0.812
El Salvador,SLV,1980,0.101,0.042,0.763
El Salvador,SLV,1981,0.104,0.042,0.763
El Salvador,SLV,1982,0.13,0.046,0.763
El Salvador,SLV,1983,0.139,0.048,0.763
El Salvador,SLV,1984,0.156,0.052,0.794
El Salvador,SLV,1985,0.191,0.069,0.794
El Salvador,SLV,1986,0.2,0.08,0.837
El Salvador,SLV,1987,0.2,0.081,0.837
El Salvador,SLV,1988,0.201,0.081,0.837
El Salvador,SLV,1989,0.208,0.08,0.815
El Salvador,SLV,1990,0.212,0.085,0.815
El Salvador,SLV,1991,0.221,0.089,0.815
El Salvador,SLV,1992,0.272,0.141,0.771
El Salvador,SLV,1993,0.379,0.207,0.737
El Salvador,SLV,1994,0.471,0.258,0.719
El Salvador,SLV,1995,0.484,0.274,0.719
El Salvador,SLV,1996,0.491,0.28,0.719
El Salvador,SLV,1997,0.493,0.282,0.719
El Salvador,SLV,1998,0.492,0.289,0.719
El Salvador,SLV,1999,0.505,0.297,0.719
El Salvador,SLV,2000,0.522,0.315,0.719
El Salvador,SLV,2001,0.534,0.326,0.719
El Salvador,SLV,2002,0.543,0.331,0.719
El Salvador,SLV,2003,0.537,0.332,0.719
El Salvador,SLV,2004,0.539,0.336,0.753
El Salvador,SLV,2005,0.542,0.338,0.745
El Salvador,SLV,2006,0.557,0.348,0.745
El Salvador,SLV,2007,0.56,0.351,0.745
El Salvador,SLV,2008,0.561,0.357,0.74
El Salvador,SLV,2009,0.594,0.399,0.719
El Salvador,SLV,2010,0.613,0.422,0.693
El Salvador,SLV,2011,0.613,0.425,0.693
El Salvador,SLV,2012,0.615,0.429,0.693
El Salvador,SLV,2013,0.626,0.437,0.623
El Salvador,SLV,2014,0.665,0.465,0.608
El Salvador,SLV,2015,0.658,0.462,0.605
El Salvador,SLV,2016,0.659,0.461,0.611
El Salvador,SLV,2017,0.672,0.465,0.629
El Salvador,SLV,2018,0.631,0.428,0.685
El Salvador,SLV,2019,0.599,0.393,0.596
El Salvador,SLV,2020,0.518,0.316,0.668
El Salvador,SLV,2021,0.403,0.156,0.713
El Salvador,SLV,2022,0.378,0.118,0.748
El Salvador,SLV,2023,0.377,0.106,0.698
El Salvador,SLV,2024,0.335,0.09,0.684
South Yemen,YMD,1960,0.133,0.176,0.149
South Yemen,YMD,1961,0.133,0.176,0.149
South Yemen,YMD,1962,0.133,0.176,0.149
South Yemen,YMD,1963,0.133,0.172,0.149
South Yemen,YMD,1964,0.126,0.166,0.149
South Yemen,YMD,1965,0.116,0.16,0.149
South Yemen,YMD,1966,0.097,0.156,0.149
South Yemen,YMD,1967,0.081,0.139,0.127
South Yemen,YMD,1968,0.078,0.093,0.153
South Yemen,YMD,1969,0.078,0.093,0.153
South Yemen,YMD,1970,0.08,0.112,0.134
South Yemen,YMD,1971,0.079,0.112,0.134
South Yemen,YMD,1972,0.079,0.112,0.134
South Yemen,YMD,1973,0.079,0.112,0.134
South Yemen,YMD,1974,0.079,0.114,0.134
South Yemen,YMD,1975,0.079,0.114,0.134
South Yemen,YMD,1976,0.079,0.114,0.134
South Yemen,YMD,1977,0.079,0.113,0.134
South Yemen,YMD,1978,0.083,0.111,0.101
South Yemen,YMD,1979,0.118,0.117,0.085
South Yemen,YMD,1980,0.12,0.104,0.085
South Yemen,YMD,1981,0.118,0.123,0.085
South Yemen,YMD,1982,0.118,0.124,0.085
South Yemen,YMD,1983,0.118,0.124,0.085
South Yemen,YMD,1984,0.118,0.124,0.085
South Yemen,YMD,1985,0.118,0.124,0.085
South Yemen,YMD,1986,0.119,0.089,0.085
South Yemen,YMD,1987,0.118,0.09,0.079
South Yemen,YMD,1988,0.118,0.09,0.079
South Yemen,YMD,1989,0.118,0.09,0.079
South Yemen,YMD,1990,0.132,0.093,0.079
Bangladesh,BGD,1971,0.17,0.104,0.711
Bangladesh,BGD,1972,0.223,0.16,0.728
Bangladesh,BGD,1973,0.362,0.189,0.649
Bangladesh,BGD,1974,0.38,0.191,0.729
Bangladesh,BGD,1975,0.21,0.125,0.76
Bangladesh,BGD,1976,0.132,0.09,0.786
Bangladesh,BGD,1977,0.175,0.101,0.786
Bangladesh,BGD,1978,0.23,0.118,0.786
Bangladesh,BGD,1979,0.364,0.176,0.766
Bangladesh,BGD,1980,0.378,0.187,0.759
Bangladesh,BGD,1981,0.375,0.184,0.759
Bangladesh,BGD,1982,0.228,0.126,0.803
Bangladesh,BGD,1983,0.182,0.107,0.843
Bangladesh,BGD,1984,0.187,0.108,0.843
Bangladesh,BGD,1985,0.188,0.108,0.843
Bangladesh,BGD,1986,0.237,0.134,0.843
Bangladesh,BGD,1987,0.327,0.168,0.864
Bangladesh,BGD,1988,0.307,0.157,0.864
Bangladesh,BGD,1989,0.302,0.156,0.864
Bangladesh,BGD,1990,0.302,0.162,0.864
Bangladesh,BGD,1991,0.483,0.253,0.788
Bangladesh,BGD,1992,0.513,0.272,0.813
Bangladesh,BGD,1993,0.513,0.269,0.813
Bangladesh,BGD,1994,0.513,0.269,0.813
Bangladesh,BGD,1995,0.513,0.269,0.813
Bangladesh,BGD,1996,0.506,0.271,0.796
Bangladesh,BGD,1997,0.512,0.275,0.796
Bangladesh,BGD,1998,0.512,0.275,0.796
Bangladesh,BGD,1999,0.512,0.275,0.796
Bangladesh,BGD,2000,0.512,0.276,0.804
Bangladesh,BGD,2001,0.505,0.271,0.804
Bangladesh,BGD,2002,0.47,0.236,0.845
Bangladesh,BGD,2003,0.474,0.237,0.845
Bangladesh,BGD,2004,0.474,0.233,0.845
Bangladesh,BGD,2005,0.474,0.233,0.845
Bangladesh,BGD,2006,0.423,0.214,0.845
Bangladesh,BGD,2007,0.205,0.103,0.795
Bangladesh,BGD,2008,0.21,0.105,0.795
Bangladesh,BGD,2009,0.418,0.193,0.902
Bangladesh,BGD,2010,0.425,0.173,0.912
Bangladesh,BGD,2011,0.416,0.168,0.912
Bangladesh,BGD,2012,0.409,0.166,0.912
Bangladesh,BGD,2013,0.376,0.144,0.9
Bangladesh,BGD,2014,0.278,0.107,0.899
Bangladesh,BGD,2015,0.275,0.108,0.885
Bangladesh,BGD,2016,0.269,0.106,0.888
Bangladesh,BGD,2017,0.265,0.106,0.897
Bangladesh,BGD,2018,0.252,0.097,0.899
Bangladesh,BGD,2019,0.251,0.094,0.9
Bangladesh,BGD,2020,0.255,0.094,0.895
Bangladesh,BGD,2021,0.255,0.092,0.906
Bangladesh,BGD,2022,0.261,0.091,0.919
Bangladesh,BGD,2023,0.253,0.094,0.908
Bangladesh,BGD,2024,0.225,0.097,0.922
Bolivia,BOL,1960,0.261,0.112,0.773
Bolivia,BOL,1961,0.263,0.112,0.773
Bolivia,BOL,1962,0.258,0.111,0.773
Bolivia,BOL,1963,0.255,0.11,0.773
Bolivia,BOL,1964,0.227,0.086,0.781
Bolivia,BOL,1965,0.123,0.04,0.822
Bolivia,BOL,1966,0.137,0.035,0.827
Bolivia,BOL,1967,0.183,0.046,0.816
Bolivia,BOL,1968,0.183,0.046,0.816
Bolivia,BOL,1969,0.166,0.042,0.838
Bolivia,BOL,1970,0.108,0.029,0.833
Bolivia,BOL,1971,0.097,0.018,0.848
Bolivia,BOL,1972,0.09,0.017,0.848
Bolivia,BOL,1973,0.09,0.017,0.848
Bolivia,BOL,1974,0.089,0.017,0.848
Bolivia,BOL,1975,0.088,0.017,0.848
Bolivia,BOL,1976,0.088,0.017,0.848
Bolivia,BOL,1977,0.088,0.017,0.848
Bolivia,BOL,1978,0.107,0.021,0.848
Bolivia,BOL,1979,0.141,0.038,0.824
Bolivia,BOL,1980,0.126,0.031,0.832
Bolivia,BOL,1981,0.099,0.023,0.869
Bolivia,BOL,1982,0.201,0.118,0.746
Bolivia,BOL,1983,0.32,0.201,0.725
Bolivia,BOL,1984,0.325,0.216,0.71
Bolivia,BOL,1985,0.462,0.321,0.721
Bolivia,BOL,1986,0.622,0.411,0.712
Bolivia,BOL,1987,0.633,0.416,0.695
Bolivia,BOL,1988,0.636,0.417,0.695
Bolivia,BOL,1989,0.639,0.422,0.695
Bolivia,BOL,1990,0.651,0.431,0.697
Bolivia,BOL,1991,0.686,0.456,0.697
Bolivia,BOL,1992,0.697,0.462,0.697
Bolivia,BOL,1993,0.705,0.469,0.697
Bolivia,BOL,1994,0.718,0.481,0.696
Bolivia,BOL,1995,0.73,0.492,0.696
Bolivia,BOL,1996,0.73,0.492,0.696
Bolivia,BOL,1997,0.735,0.518,0.713
Bolivia,BOL,1998,0.735,0.518,0.713
Bolivia,BOL,1999,0.743,0.523,0.713
Bolivia,BOL,2000,0.743,0.527,0.713
Bolivia,BOL,2001,0.737,0.52,0.713
Bolivia,BOL,2002,0.719,0.51,0.721
Bolivia,BOL,2003,0.719,0.515,0.713
Bolivia,BOL,2004,0.753,0.541,0.67
Bolivia,BOL,2005,0.746,0.534,0.672
Bolivia,BOL,2006,0.724,0.462,0.696
Bolivia,BOL,2007,0.719,0.458,0.696
Bolivia,BOL,2008,0.719,0.453,0.696
Bolivia,BOL,2009,0.714,0.435,0.696
Bolivia,BOL,2010,0.68,0.4,0.723
Bolivia,BOL,2011,0.677,0.398,0.723
Bolivia,BOL,2012,0.67,0.391,0.723
Bolivia,BOL,2013,0.658,0.396,0.691
Bolivia,BOL,2014,0.647,0.391,0.694
Bolivia,BOL,2015,0.609,0.368,0.661
Bolivia,BOL,2016,0.62,0.375,0.662
Bolivia,BOL,2017,0.609,0.36,0.66
Bolivia,BOL,2018,0.593,0.341,0.654
Bolivia,BOL,2019,0.456,0.241,0.668
Bolivia,BOL,2020,0.275,0.209,0.655
Bolivia,BOL,2021,0.608,0.362,0.575
Bolivia,BOL,2022,0.587,0.338,0.674
Bolivia,BOL,2023,0.586,0.344,0.603
Bolivia,BOL,2024,0.577,0.31,0.654
Haiti,HTI,1960,0.148,0.03,0.868
Haiti,HTI,1961,0.146,0.03,0.868
Haiti,HTI,1962,0.145,0.03,0.868
Haiti,HTI,1963,0.145,0.03,0.868
Haiti,HTI,1964,0.144,0.03,0.868
Haiti,HTI,1965,0.144,0.03,0.868
Haiti,HTI,1966,0.144,0.03,0.868
Haiti,HTI,1967,0.144,0.03,0.868
Haiti,HTI,1968,0.144,0.03,0.868
Haiti,HTI,1969,0.144,0.03,0.868
Haiti,HTI,1970,0.144,0.03,0.868
Haiti,HTI,1971,0.148,0.033,0.868
Haiti,HTI,1972,0.15,0.035,0.868
Haiti,HTI,1973,0.15,0.035,0.868
Haiti,HTI,1974,0.15,0.035,0.868
Haiti,HTI,1975,0.15,0.035,0.868
Haiti,HTI,1976,0.15,0.035,0.868
Haiti,HTI,1977,0.15,0.035,0.868
Haiti,HTI,1978,0.15,0.035,0.868
Haiti,HTI,1979,0.151,0.035,0.868
Haiti,HTI,1980,0.148,0.035,0.868
Haiti,HTI,1981,0.15,0.034,0.868
Haiti,HTI,1982,0.15,0.035,0.868
Haiti,HTI,1983,0.115,0.023,0.868
Haiti,HTI,1984,0.146,0.033,0.868
Haiti,HTI,1985,0.151,0.035,0.868
Haiti,HTI,1986,0.121,0.029,0.868
Haiti,HTI,1987,0.196,0.076,0.85
Haiti,HTI,1988,0.263,0.103,0.85
Haiti,HTI,1989,0.208,0.076,0.85
Haiti,HTI,1990,0.202,0.08,0.851
Haiti,HTI,1991,0.327,0.166,0.857
Haiti,HTI,1992,0.18,0.083,0.84
Haiti,HTI,1993,0.207,0.089,0.84
Haiti,HTI,1994,0.232,0.107,0.84
Haiti,HTI,1995,0.348,0.238,0.84
Haiti,HTI,1996,0.427,0.275,0.84
Haiti,HTI,1997,0.441,0.287,0.812
Haiti,HTI,1998,0.442,0.288,0.812
Haiti,HTI,1999,0.442,0.282,0.812
Haiti,HTI,2000,0.437,0.28,0.812
Haiti,HTI,2001,0.417,0.27,0.831
Haiti,HTI,2002,0.41,0.265,0.831
Haiti,HTI,2003,0.408,0.259,0.831
Haiti,HTI,2004,0.249,0.108,0.818
Haiti,HTI,2005,0.247,0.097,0.83
Haiti,HTI,2006,0.386,0.211,0.789
Haiti,HTI,2007,0.469,0.299,0.833
Haiti,HTI,2008,0.468,0.301,0.833
Haiti,HTI,2009,0.459,0.296,0.833
Haiti,HTI,2010,0.459,0.275,0.846
Haiti,HTI,2011,0.431,0.262,0.853
Haiti,HTI,2012,0.438,0.268,0.85
Haiti,HTI,2013,0.434,0.262,0.832
Haiti,HTI,2014,0.434,0.262,0.849
Haiti,HTI,2015,0.425,0.243,0.86
Haiti,HTI,2016,0.42,0.255,0.835
Haiti,HTI,2017,0.418,0.251,0.851
Haiti,HTI,2018,0.429,0.257,0.89
Haiti,HTI,2019,0.421,0.247,0.882
Haiti,HTI,2020,0.4,0.237,0.854
Haiti,HTI,2021,0.33,0.204,0.869
Haiti,HTI,2022,0.233,0.154,0.841
Haiti,HTI,2023,0.231,0.084,0.786
Haiti,HTI,2024,0.237,0.101,0.786
Honduras,HND,1960,0.181,0.088,0.831
Honduras,HND,1961,0.181,0.087,0.831
Honduras,HND,1962,0.181,0.089,0.831
Honduras,HND,1963,0.177,0.078,0.831
Honduras,HND,1964,0.136,0.058,0.836
Honduras,HND,1965,0.151,0.057,0.836
Honduras,HND,1966,0.141,0.055,0.836
Honduras,HND,1967,0.141,0.055,0.836
Honduras,HND,1968,0.141,0.054,0.836
Honduras,HND,1969,0.141,0.054,0.836
Honduras,HND,1970,0.141,0.054,0.836
Honduras,HND,1971,0.239,0.095,0.837
Honduras,HND,1972,0.25,0.108,0.836
Honduras,HND,1973,0.14,0.062,0.836
Honduras,HND,1974,0.14,0.062,0.836
Honduras,HND,1975,0.14,0.062,0.836
Honduras,HND,1976,0.14,0.063,0.836
Honduras,HND,1977,0.139,0.062,0.836
Honduras,HND,1978,0.138,0.055,0.836
Honduras,HND,1979,0.139,0.055,0.836
Honduras,HND,1980,0.176,0.074,0.836
Honduras,HND,1981,0.188,0.097,0.837
Honduras,HND,1982,0.37,0.172,0.855
Honduras,HND,1983,0.394,0.186,0.851
Honduras,HND,1984,0.394,0.186,0.851
Honduras,HND,1985,0.394,0.188,0.851
Honduras,HND,1986,0.395,0.191,0.851
Honduras,HND,1987,0.399,0.192,0.851
Honduras,HND,1988,0.399,0.196,0.851
Honduras,HND,1989,0.403,0.197,0.851
Honduras,HND,1990,0.484,0.257,0.851
Honduras,HND,1991,0.49,0.263,0.853
Honduras,HND,1992,0.49,0.267,0.853
Honduras,HND,1993,0.49,0.264,0.853
Honduras,HND,1994,0.527,0.286,0.845
Honduras,HND,1995,0.544,0.3,0.845
Honduras,HND,1996,0.557,0.305,0.845
Honduras,HND,1997,0.557,0.307,0.845
Honduras,HND,1998,0.555,0.309,0.845
Honduras,HND,1999,0.556,0.316,0.845
Honduras,HND,2000,0.556,0.326,0.841
Honduras,HND,2001,0.555,0.326,0.841
Honduras,HND,2002,0.555,0.327,0.844
Honduras,HND,2003,0.565,0.333,0.844
Honduras,HND,2004,0.565,0.333,0.844
Honduras,HND,2005,0.559,0.331,0.844
Honduras,HND,2006,0.521,0.312,0.844
Honduras,HND,2007,0.522,0.315,0.846
Honduras,HND,2008,0.519,0.323,0.846
Honduras,HND,2009,0.441,0.283,0.846
Honduras,HND,2010,0.408,0.239,0.847
Honduras,HND,2011,0.419,0.248,0.854
Honduras,HND,2012,0.418,0.24,0.854
Honduras,HND,2013,0.413,0.255,0.856
Honduras,HND,2014,0.433,0.27,0.856
Honduras,HND,2015,0.426,0.245,0.856
Honduras,HND,2016,0.425,0.254,0.856
Honduras,HND,2017,0.414,0.244,0.84
Honduras,HND,2018,0.361,0.233,0.845
Honduras,HND,2019,0.368,0.229,0.842
Honduras,HND,2020,0.372,0.233,0.828
Honduras,HND,2021,0.394,0.248,0.814
Honduras,HND,2022,0.544,0.389,0.772
Honduras,HND,2023,0.539,0.398,0.75
Honduras,HND,2024,0.538,0.383,0.749
Mali,MLI,1960,0.221,0.164,0.412
Mali,MLI,1961,0.256,0.172,0.412
Mali,MLI,1962,0.256,0.176,0.412
Mali,MLI,1963,0.256,0.173,0.412
Mali,MLI,1964,0.242,0.171,0.412
Mali,MLI,1965,0.229,0.166,0.412
Mali,MLI,1966,0.229,0.166,0.412
Mali,MLI,1967,0.229,0.167,0.412
Mali,MLI,1968,0.201,0.157,0.446
Mali,MLI,1969,0.106,0.099,0.799
Mali,MLI,1970,0.104,0.097,0.799
Mali,MLI,1971,0.104,0.097,0.799
Mali,MLI,1972,0.104,0.097,0.799
Mali,MLI,1973,0.104,0.097,0.799
Mali,MLI,1974,0.104,0.097,0.799
Mali,MLI,1975,0.106,0.099,0.799
Mali,MLI,1976,0.106,0.099,0.799
Mali,MLI,1977,0.105,0.098,0.799
Mali,MLI,1978,0.105,0.098,0.799
Mali,MLI,1979,0.15,0.114,0.78
Mali,MLI,1980,0.191,0.126,0.764
Mali,MLI,1981,0.191,0.126,0.764
Mali,MLI,1982,0.192,0.126,0.764
Mali,MLI,1983,0.19,0.125,0.764
Mali,MLI,1984,0.19,0.125,0.764
Mali,MLI,1985,0.191,0.125,0.764
Mali,MLI,1986,0.19,0.125,0.764
Mali,MLI,1987,0.193,0.126,0.764
Mali,MLI,1988,0.198,0.127,0.764
Mali,MLI,1989,0.196,0.127,0.764
Mali,MLI,1990,0.202,0.145,0.757
Mali,MLI,1991,0.21,0.154,0.704
Mali,MLI,1992,0.473,0.344,0.777
Mali,MLI,1993,0.594,0.426,0.815
Mali,MLI,1994,0.594,0.426,0.815
Mali,MLI,1995,0.594,0.422,0.815
Mali,MLI,1996,0.594,0.422,0.815
Mali,MLI,1997,0.55,0.392,0.849
Mali,MLI,1998,0.519,0.366,0.849
Mali,MLI,1999,0.519,0.366,0.849
Mali,MLI,2000,0.519,0.37,0.849
Mali,MLI,2001,0.519,0.37,0.849
Mali,MLI,2002,0.601,0.403,0.852
Mali,MLI,2003,0.624,0.416,0.853
Mali,MLI,2004,0.624,0.416,0.853
Mali,MLI,2005,0.624,0.416,0.853
Mali,MLI,2006,0.625,0.418,0.853
Mali,MLI,2007,0.618,0.413,0.855
Mali,MLI,2008,0.608,0.406,0.855
Mali,MLI,2009,0.61,0.406,0.855
Mali,MLI,2010,0.608,0.405,0.865
Mali,MLI,2011,0.611,0.407,0.865
Mali,MLI,2012,0.355,0.233,0.846
Mali,MLI,2013,0.328,0.194,0.806
Mali,MLI,2014,0.54,0.327,0.806
Mali,MLI,2015,0.543,0.349,0.793
Mali,MLI,2016,0.543,0.349,0.793
Mali,MLI,2017,0.54,0.328,0.822
Mali,MLI,2018,0.518,0.307,0.824
Mali,MLI,2019,0.516,0.317,0.805
Mali,MLI,2020,0.421,0.254,0.811
Mali,MLI,2021,0.243,0.155,0.827
Mali,MLI,2022,0.231,0.147,0.827
Mali,MLI,2023,0.229,0.145,0.861
Mali,MLI,2024,0.192,0.141,0.718
Pakistan,PAK,1960,0.127,0.081,0.479
Pakistan,PAK,1961,0.128,0.081,0.479
Pakistan,PAK,1962,0.133,0.101,0.483
Pakistan,PAK,1963,0.138,0.12,0.486
Pakistan,PAK,1964,0.138,0.127,0.486
Pakistan,PAK,1965,0.138,0.126,0.486
Pakistan,PAK,1966,0.143,0.13,0.486
Pakistan,PAK,1967,0.139,0.129,0.486
Pakistan,PAK,1968,0.141,0.129,0.486
Pakistan,PAK,1969,0.142,0.089,0.486
Pakistan,PAK,1970,0.192,0.095,0.624
Pakistan,PAK,1971,0.155,0.071,0.711
Pakistan,PAK,1972,0.167,0.112,0.727
Pakistan,PAK,1973,0.192,0.133,0.778
Pakistan,PAK,1974,0.231,0.144,0.778
Pakistan,PAK,1975,0.226,0.143,0.778
Pakistan,PAK,1976,0.23,0.144,0.778
Pakistan,PAK,1977,0.218,0.113,0.778
Pakistan,PAK,1978,0.114,0.066,0.604
Pakistan,PAK,1979,0.107,0.061,0.604
Pakistan,PAK,1980,0.107,0.058,0.565
Pakistan,PAK,1981,0.107,0.058,0.565
Pakistan,PAK,1982,0.11,0.059,0.565
Pakistan,PAK,1983,0.11,0.059,0.565
Pakistan,PAK,1984,0.11,0.059,0.565
Pakistan,PAK,1985,0.157,0.102,0.637
Pakistan,PAK,1986,0.171,0.113,0.656
Pakistan,PAK,1987,0.171,0.115,0.656
Pakistan,PAK,1988,0.214,0.127,0.731
Pakistan,PAK,1989,0.371,0.202,0.804
Pakistan,PAK,1990,0.372,0.198,0.831
Pakistan,PAK,1991,0.367,0.196,0.831
Pakistan,PAK,1992,0.367,0.196,0.831
Pakistan,PAK,1993,0.368,0.201,0.831
Pakistan,PAK,1994,0.37,0.201,0.831
Pakistan,PAK,1995,0.37,0.201,0.831
Pakistan,PAK,1996,0.37,0.201,0.831
Pakistan,PAK,1997,0.386,0.196,0.831
Pakistan,PAK,1998,0.391,0.199,0.831
Pakistan,PAK,1999,0.34,0.167,0.822
Pakistan,PAK,2000,0.205,0.094,0.752
Pakistan,PAK,2001,0.203,0.091,0.752
Pakistan,PAK,2002,0.243,0.132,0.828
Pakistan,PAK,2003,0.356,0.19,0.866
Pakistan,PAK,2004,0.356,0.192,0.866
Pakistan,PAK,2005,0.358,0.189,0.866
Pakistan,PAK,2006,0.355,0.187,0.866
Pakistan,PAK,2007,0.351,0.185,0.866
Pakistan,PAK,2008,0.416,0.223,0.929
Pakistan,PAK,2009,0.451,0.259,0.929
Pakistan,PAK,2010,0.466,0.285,0.925
Pakistan,PAK,2011,0.466,0.283,0.925
Pakistan,PAK,2012,0.466,0.283,0.923
Pakistan,PAK,2013,0.47,0.285,0.906
Pakistan,PAK,2014,0.469,0.283,0.891
Pakistan,PAK,2015,0.441,0.264,0.883
Pakistan,PAK,2016,0.429,0.258,0.886
Pakistan,PAK,2017,0.419,0.257,0.901
Pakistan,PAK,2018,0.395,0.25,0.902
Pakistan,PAK,2019,0.368,0.233,0.905
Pakistan,PAK,2020,0.377,0.253,0.904
Pakistan,PAK,2021,0.394,0.248,0.898
Pakistan,PAK,2022,0.379,0.227,0.898
Pakistan,PAK,2023,0.334,0.205,0.913
Pakistan,PAK,2024,0.313,0.193,0.818
Peru,PER,1960,0.35,0.258,0.423
Peru,PER,1961,0.357,0.256,0.423
Peru,PER,1962,0.278,0.141,0.361
Peru,PER,1963,0.293,0.18,0.361
Peru,PER,1964,0.411,0.332,0.411
Peru,PER,1965,0.411,0.336,0.411
Peru,PER,1966,0.411,0.336,0.411
Peru,PER,1967,0.406,0.333,0.411
Peru,PER,1968,0.267,0.17,0.361
Peru,PER,1969,0.089,0.037,0.39
Peru,PER,1970,0.097,0.037,0.39
Peru,PER,1971,0.097,0.037,0.39
Peru,PER,1972,0.097,0.037,0.39
Peru,PER,1973,0.093,0.036,0.39
Peru,PER,1974,0.091,0.035,0.39
Peru,PER,1975,0.091,0.037,0.39
Peru,PER,1976,0.1,0.039,0.39
Peru,PER,1977,0.1,0.039,0.39
Peru,PER,1978,0.195,0.058,0.39
Peru,PER,1979,0.18,0.055,0.39
Peru,PER,1980,0.441,0.18,0.353
Peru,PER,1981,0.667,0.461,0.379
Peru,PER,1982,0.663,0.451,0.379
Peru,PER,1983,0.663,0.452,0.379
Peru,PER,1984,0.663,0.452,0.379
Peru,PER,1985,0.654,0.43,0.415
Peru,PER,1986,0.655,0.422,0.458
Peru,PER,1987,0.655,0.425,0.458
Peru,PER,1988,0.655,0.425,0.458
Peru,PER,1989,0.655,0.425,0.458
Peru,PER,1990,0.612,0.393,0.538
Peru,PER,1991,0.59,0.39,0.538
Peru,PER,1992,0.249,0.115,0.56
Peru,PER,1993,0.252,0.095,0.691
Peru,PER,1994,0.246,0.094,0.691
Peru,PER,1995,0.285,0.106,0.691
Peru,PER,1996,0.362,0.129,0.691
Peru,PER,1997,0.362,0.125,0.691
Peru,PER,1998,0.349,0.12,0.68
Peru,PER,1999,0.349,0.12,0.68
Peru,PER,2000,0.413,0.185,0.654
Peru,PER,2001,0.723,0.567,0.472
Peru,PER,2002,0.792,0.648,0.519
Peru,PER,2003,0.792,0.651,0.519
Peru,PER,2004,0.792,0.651,0.519
Peru,PER,2005,0.792,0.659,0.519
Peru,PER,2006,0.792,0.652,0.531
Peru,PER,2007,0.796,0.647,0.533
Peru,PER,2008,0.801,0.65,0.533
Peru,PER,2009,0.8,0.649,0.533
Peru,PER,2010,0.804,0.658,0.544
Peru,PER,2011,0.812,0.67,0.506
Peru,PER,2012,0.827,0.698,0.518
Peru,PER,2013,0.821,0.689,0.54
Peru,PER,2014,0.822,0.691,0.54
Peru,PER,2015,0.817,0.688,0.524
Peru,PER,2016,0.788,0.673,0.527
Peru,PER,2017,0.789,0.677,0.522
Peru,PER,2018,0.81,0.698,0.51
Peru,PER,2019,0.801,0.694,0.526
Peru,PER,2020,0.818,0.706,0.534
Peru,PER,2021,0.771,0.66,0.525
Peru,PER,2022,0.733,0.621,0.622
Peru,PER,2023,0.7,0.572,0.576
Peru,PER,2024,0.642,0.501,0.619
Senegal,SEN,1960,0.307,0.244,0.393
Senegal,SEN,1961,0.393,0.288,0.423
Senegal,SEN,1962,0.393,0.293,0.423
Senegal,SEN,1963,0.389,0.292,0.423
Senegal,SEN,1964,0.326,0.262,0.423
Senegal,SEN,1965,0.326,0.262,0.423
Senegal,SEN,1966,0.329,0.263,0.423
Senegal,SEN,1967,0.329,0.263,0.423
Senegal,SEN,1968,0.353,0.275,0.423
Senegal,SEN,1969,0.368,0.283,0.423
Senegal,SEN,1970,0.38,0.295,0.423
Senegal,SEN,1971,0.38,0.294,0.423
Senegal,SEN,1972,0.385,0.296,0.423
Senegal,SEN,1973,0.369,0.289,0.423
Senegal,SEN,1974,0.36,0.284,0.423
Senegal,SEN,1975,0.36,0.284,0.423
Senegal,SEN,1976,0.368,0.291,0.423
Senegal,SEN,1977,0.368,0.291,0.423
Senegal,SEN,1978,0.394,0.304,0.423
Senegal,SEN,1979,0.398,0.306,0.423
Senegal,SEN,1980,0.417,0.317,0.423
Senegal,SEN,1981,0.451,0.342,0.414
Senegal,SEN,1982,0.467,0.353,0.414
Senegal,SEN,1983,0.489,0.367,0.414
Senegal,SEN,1984,0.492,0.369,0.414
Senegal,SEN,1985,0.492,0.369,0.414
Senegal,SEN,1986,0.492,0.369,0.414
Senegal,SEN,1987,0.492,0.369,0.414
Senegal,SEN,1988,0.492,0.37,0.414
Senegal,SEN,1989,0.492,0.371,0.414
Senegal,SEN,1990,0.505,0.381,0.414
Senegal,SEN,1991,0.522,0.389,0.414
Senegal,SEN,1992,0.53,0.396,0.414
Senegal,SEN,1993,0.61,0.448,0.414
Senegal,SEN,1994,0.627,0.463,0.414
Senegal,SEN,1995,0.635,0.468,0.414
Senegal,SEN,1996,0.638,0.471,0.414
Senegal,SEN,1997,0.638,0.472,0.414
Senegal,SEN,1998,0.641,0.474,0.414
Senegal,SEN,1999,0.642,0.475,0.414
Senegal,SEN,2000,0.679,0.509,0.414
Senegal,SEN,2001,0.602,0.441,0.397
Senegal,SEN,2002,0.685,0.536,0.397
Senegal,SEN,2003,0.685,0.536,0.397
Senegal,SEN,2004,0.685,0.536,0.397
Senegal,SEN,2005,0.685,0.536,0.397
Senegal,SEN,2006,0.685,0.536,0.397
Senegal,SEN,2007,0.672,0.523,0.397
Senegal,SEN,2008,0.674,0.526,0.397
Senegal,SEN,2009,0.668,0.52,0.397
Senegal,SEN,2010,0.684,0.532,0.379
Senegal,SEN,2011,0.684,0.532,0.379
Senegal,SEN,2012,0.696,0.54,0.372
Senegal,SEN,2013,0.722,0.585,0.268
Senegal,SEN,2014,0.726,0.584,0.268
Senegal,SEN,2015,0.726,0.586,0.315
Senegal,SEN,2016,0.726,0.578,0.309
Senegal,SEN,2017,0.701,0.556,0.346
Senegal,SEN,2018,0.688,0.536,0.352
Senegal,SEN,2019,0.697,0.543,0.365
Senegal,SEN,2020,0.728,0.563,0.373
Senegal,SEN,2021,0.714,0.558,0.371
Senegal,SEN,2022,0.686,0.536,0.377
Senegal,SEN,2023,0.625,0.474,0.304
Senegal,SEN,2024,0.605,0.461,0.404
South Sudan,SSD,2011,0.194,0.1,0.812
South Sudan,SSD,2012,0.194,0.1,0.812
South Sudan,SSD,2013,0.169,0.075,0.87
South Sudan,SSD,2014,0.164,0.068,0.87
South Sudan,SSD,2015,0.166,0.066,0.87
South Sudan,SSD,2016,0.158,0.053,0.907
South Sudan,SSD,2017,0.157,0.059,0.855
South Sudan,SSD,2018,0.153,0.053,0.88
South Sudan,SSD,2019,0.16,0.064,0.934
South Sudan,SSD,2020,0.169,0.069,0.927
South Sudan,SSD,2021,0.137,0.058,0.847
South Sudan,SSD,2022,0.13,0.063,0.853
South Sudan,SSD,2023,0.167,0.07,0.876
South Sudan,SSD,2024,0.154,0.071,0.864
Sudan,SDN,1960,0.072,0.049,0.339
Sudan,SDN,1961,0.072,0.049,0.339
Sudan,SDN,1962,0.072,0.048,0.339
Sudan,SDN,1963,0.071,0.048,0.339
Sudan,SDN,1964,0.105,0.067,0.285
Sudan,SDN,1965,0.209,0.103,0.285
Sudan,SDN,1966,0.206,0.102,0.285
Sudan,SDN,1967,0.206,0.102,0.285
Sudan,SDN,1968,0.228,0.108,0.285
Sudan,SDN,1969,0.099,0.055,0.393
Sudan,SDN,1970,0.1,0.05,0.473
Sudan,SDN,1971,0.11,0.052,0.491
Sudan,SDN,1972,0.145,0.058,0.494
Sudan,SDN,1973,0.146,0.058,0.503
Sudan,SDN,1974,0.152,0.068,0.504
Sudan,SDN,1975,0.161,0.079,0.56
Sudan,SDN,1976,0.161,0.079,0.56
Sudan,SDN,1977,0.161,0.078,0.56
Sudan,SDN,1978,0.177,0.081,0.56
Sudan,SDN,1979,0.181,0.082,0.56
Sudan,SDN,1980,0.172,0.077,0.56
Sudan,SDN,1981,0.184,0.081,0.56
Sudan,SDN,1982,0.163,0.074,0.56
Sudan,SDN,1983,0.183,0.078,0.56
Sudan,SDN,1984,0.197,0.083,0.56
Sudan,SDN,1985,0.209,0.101,0.383
Sudan,SDN,1986,0.331,0.146,0.364
Sudan,SDN,1987,0.371,0.164,0.457
Sudan,SDN,1988,0.371,0.162,0.457
Sudan,SDN,1989,0.169,0.06,0.661
Sudan,SDN,1990,0.086,0.012,0.784
Sudan,SDN,1991,0.086,0.012,0.784
Sudan,SDN,1992,0.088,0.02,0.784
Sudan,SDN,1993,0.088,0.018,0.824
Sudan,SDN,1994,0.088,0.018,0.824
Sudan,SDN,1995,0.088,0.018,0.824
Sudan,SDN,1996,0.136,0.024,0.824
Sudan,SDN,1997,0.151,0.026,0.824
Sudan,SDN,1998,0.151,0.026,0.824
Sudan,SDN,1999,0.149,0.034,0.784
Sudan,SDN,2000,0.131,0.018,0.788
Sudan,SDN,2001,0.172,0.037,0.807
Sudan,SDN,2002,0.173,0.037,0.807
Sudan,SDN,2003,0.173,0.037,0.807
Sudan,SDN,2004,0.179,0.04,0.807
Sudan,SDN,2005,0.198,0.061,0.807
Sudan,SDN,2006,0.199,0.061,0.807
Sudan,SDN,2007,0.198,0.063,0.807
Sudan,SDN,2008,0.201,0.064,0.807
Sudan,SDN,2009,0.202,0.063,0.807
Sudan,SDN,2010,0.213,0.066,0.801
Sudan,SDN,2011,0.212,0.057,0.829
Sudan,SDN,2012,0.211,0.06,0.829
Sudan,SDN,2013,0.212,0.063,0.842
Sudan,SDN,2014,0.212,0.062,0.842
Sudan,SDN,2015,0.22,0.064,0.842
Sudan,SDN,2016,0.219,0.064,0.845
Sudan,SDN,2017,0.226,0.074,0.781
Sudan,SDN,2018,0.227,0.068,0.784
Sudan,SDN,2019,0.193,0.066,0.742
Sudan,SDN,2020,0.167,0.054,0.741
Sudan,SDN,2021,0.163,0.051,0.686
Sudan,SDN,2022,0.158,0.048,0.7
Sudan,SDN,2023,0.139,0.039,0.772
Sudan,SDN,2024,0.137,0.03,0.839
Vietnam,VNM,1960,0.219,0.075,0.196
Vietnam,VNM,1961,0.216,0.071,0.196
Vietnam,VNM,1962,0.216,0.071,0.196
Vietnam,VNM,1963,0.216,0.071,0.196
Vietnam,VNM,1964,0.217,0.072,0.196
Vietnam,VNM,1965,0.218,0.072,0.196
Vietnam,VNM,1966,0.218,0.072,0.211
Vietnam,VNM,1967,0.218,0.072,0.211
Vietnam,VNM,1968,0.218,0.072,0.211
Vietnam,VNM,1969,0.218,0.072,0.211
Vietnam,VNM,1970,0.218,0.072,0.211
Vietnam,VNM,1971,0.218,0.072,0.211
Vietnam,VNM,1972,0.217,0.072,0.211
Vietnam,VNM,1973,0.217,0.072,0.211
Vietnam,VNM,1974,0.217,0.072,0.211
Vietnam,VNM,1975,0.215,0.071,0.211
Vietnam,VNM,1976,0.212,0.071,0.253
Vietnam,VNM,1977,0.212,0.071,0.253
Vietnam,VNM,1978,0.149,0.058,0.253
Vietnam,VNM,1979,0.149,0.06,0.253
Vietnam,VNM,1980,0.149,0.06,0.317
Vietnam,VNM,1981,0.146,0.059,0.32
Vietnam,VNM,1982,0.144,0.059,0.31
Vietnam,VNM,1983,0.144,0.059,0.31
Vietnam,VNM,1984,0.144,0.059,0.31
Vietnam,VNM,1985,0.144,0.059,0.31
Vietnam,VNM,1986,0.154,0.065,0.456
Vietnam,VNM,1987,0.163,0.069,0.485
Vietnam,VNM,1988,0.165,0.069,0.485
Vietnam,VNM,1989,0.161,0.069,0.485
Vietnam,VNM,1990,0.154,0.073,0.485
Vietnam,VNM,1991,0.155,0.075,0.494
Vietnam,VNM,1992,0.153,0.077,0.51
Vietnam,VNM,1993,0.15,0.076,0.534
Vietnam,VNM,1994,0.15,0.08,0.534
Vietnam,VNM,1995,0.15,0.08,0.534
Vietnam,VNM,1996,0.153,0.082,0.534
Vietnam,VNM,1997,0.153,0.082,0.534
Vietnam,VNM,1998,0.153,0.083,0.545
Vietnam,VNM,1999,0.153,0.089,0.545
Vietnam,VNM,2000,0.152,0.092,0.556
Vietnam,VNM,2001,0.152,0.092,0.556
Vietnam,VNM,2002,0.148,0.092,0.556
Vietnam,VNM,2003,0.146,0.092,0.556
Vietnam,VNM,2004,0.147,0.091,0.556
Vietnam,VNM,2005,0.147,0.103,0.565
Vietnam,VNM,2006,0.148,0.104,0.565
Vietnam,VNM,2007,0.149,0.105,0.565
Vietnam,VNM,2008,0.149,0.105,0.565
Vietnam,VNM,2009,0.148,0.105,0.565
Vietnam,VNM,2010,0.149,0.105,0.565
Vietnam,VNM,2011,0.149,0.104,0.565
Vietnam,VNM,2012,0.149,0.105,0.565
Vietnam,VNM,2013,0.147,0.113,0.506
Vietnam,VNM,2014,0.147,0.115,0.506
Vietnam,VNM,2015,0.148,0.115,0.506
Vietnam,VNM,2016,0.15,0.117,0.506
Vietnam,VNM,2017,0.15,0.115,0.491
Vietnam,VNM,2018,0.161,0.113,0.491
Vietnam,VNM,2019,0.211,0.117,0.496
Vietnam,VNM,2020,0.211,0.106,0.488
Vietnam,VNM,2021,0.169,0.109,0.504
Vietnam,VNM,2022,0.152,0.106,0.483
Vietnam,VNM,2023,0.148,0.111,0.498
Vietnam,VNM,2024,0.159,0.109,0.487
Republic of Vietnam,VDR,1960,0.294,0.165,0.575
Republic of Vietnam,VDR,1961,0.295,0.166,0.575
Republic of Vietnam,VDR,1962,0.295,0.166,0.575
Republic of Vietnam,VDR,1963,0.277,0.152,0.601
Republic of Vietnam,VDR,1964,0.162,0.065,0.641
Republic of Vietnam,VDR,1965,0.155,0.064,0.641
Republic of Vietnam,VDR,1966,0.173,0.067,0.641
Republic of Vietnam,VDR,1967,0.199,0.089,0.641
Republic of Vietnam,VDR,1968,0.316,0.197,0.608
Republic of Vietnam,VDR,1969,0.316,0.197,0.608
Republic of Vietnam,VDR,1970,0.316,0.197,0.608
Republic of Vietnam,VDR,1971,0.316,0.196,0.608
Republic of Vietnam,VDR,1972,0.316,0.196,0.608
Republic of Vietnam,VDR,1973,0.316,0.196,0.608
Republic of Vietnam,VDR,1974,0.316,0.196,0.608
Republic of Vietnam,VDR,1975,0.315,0.196,0.608
Afghanistan,AFG,1960,0.082,0.066,0.468
Afghanistan,AFG,1961,0.082,0.066,0.468
Afghanistan,AFG,1962,0.082,0.066,0.468
Afghanistan,AFG,1963,0.086,0.071,0.468
Afghanistan,AFG,1964,0.138,0.092,0.468
Afghanistan,AFG,1965,0.152,0.095,0.468
Afghanistan,AFG,1966,0.163,0.097,0.468
Afghanistan,AFG,1967,0.164,0.097,0.468
Afghanistan,AFG,1968,0.164,0.097,0.468
Afghanistan,AFG,1969,0.163,0.097,0.468
Afghanistan,AFG,1970,0.162,0.096,0.468
Afghanistan,AFG,1971,0.162,0.096,0.468
Afghanistan,AFG,1972,0.157,0.095,0.486
Afghanistan,AFG,1973,0.151,0.081,0.528
Afghanistan,AFG,1974,0.104,0.051,0.534
Afghanistan,AFG,1975,0.104,0.051,0.534
Afghanistan,AFG,1976,0.104,0.051,0.534
Afghanistan,AFG,1977,0.102,0.051,0.534
Afghanistan,AFG,1978,0.087,0.05,0.561
Afghanistan,AFG,1979,0.083,0.046,0.561
Afghanistan,AFG,1980,0.084,0.042,0.561
Afghanistan,AFG,1981,0.084,0.044,0.561
Afghanistan,AFG,1982,0.084,0.045,0.561
Afghanistan,AFG,1983,0.084,0.045,0.561
Afghanistan,AFG,1984,0.084,0.045,0.561
Afghanistan,AFG,1985,0.084,0.045,0.561
Afghanistan,AFG,1986,0.084,0.045,0.561
Afghanistan,AFG,1987,0.085,0.045,0.561
Afghanistan,AFG,1988,0.091,0.047,0.561
Afghanistan,AFG,1989,0.094,0.047,0.561
Afghanistan,AFG,1990,0.094,0.045,0.555
Afghanistan,AFG,1991,0.094,0.041,0.555
Afghanistan,AFG,1992,0.095,0.033,0.709
Afghanistan,AFG,1993,0.093,0.023,0.89
Afghanistan,AFG,1994,0.093,0.023,0.89
Afghanistan,AFG,1995,0.093,0.022,0.894
Afghanistan,AFG,1996,0.076,0.019,0.849
Afghanistan,AFG,1997,0.073,0.022,0.787
Afghanistan,AFG,1998,0.073,0.022,0.787
Afghanistan,AFG,1999,0.073,0.022,0.787
Afghanistan,AFG,2000,0.073,0.022,0.787
Afghanistan,AFG,2001,0.083,0.028,0.802
Afghanistan,AFG,2002,0.218,0.085,0.918
Afghanistan,AFG,2003,0.224,0.085,0.918
Afghanistan,AFG,2004,0.235,0.089,0.93
Afghanistan,AFG,2005,0.311,0.111,0.942
Afghanistan,AFG,2006,0.364,0.192,0.954
Afghanistan,AFG,2007,0.364,0.193,0.957
Afghanistan,AFG,2008,0.368,0.196,0.957
Afghanistan,AFG,2009,0.361,0.196,0.957
Afghanistan,AFG,2010,0.347,0.192,0.959
Afghanistan,AFG,2011,0.346,0.192,0.959
Afghanistan,AFG,2012,0.35,0.194,0.962
Afghanistan,AFG,2013,0.345,0.194,0.94
Afghanistan,AFG,2014,0.35,0.199,0.925
Afghanistan,AFG,2015,0.348,0.201,0.904
Afghanistan,AFG,2016,0.34,0.188,0.906
Afghanistan,AFG,2017,0.334,0.183,0.898
Afghanistan,AFG,2018,0.33,0.176,0.896
Afghanistan,AFG,2019,0.329,0.162,0.898
Afghanistan,AFG,2020,0.336,0.167,0.872
Afghanistan,AFG,2021,0.144,0.041,0.665
Afghanistan,AFG,2022,0.076,0.011,0.568
Afghanistan,AFG,2023,0.073,0.015,0.619
Afghanistan,AFG,2024,0.08,0.014,0.681
Argentina,ARG,1960,0.492,0.351,0.232
Argentina,ARG,1961,0.494,0.36,0.232
Argentina,ARG,1962,0.274,0.205,0.232
Argentina,ARG,1963,0.31,0.226,0.142
Argentina,ARG,1964,0.528,0.423,0.124
Argentina,ARG,1965,0.527,0.427,0.124
Argentina,ARG,1966,0.228,0.201,0.195
Argentina,ARG,1967,0.102,0.089,0.43
Argentina,ARG,1968,0.106,0.086,0.43
Argentina,ARG,1969,0.108,0.084,0.43
Argentina,ARG,1970,0.109,0.092,0.416
Argentina,ARG,1971,0.12,0.094,0.416
Argentina,ARG,1972,0.13,0.094,0.416
Argentina,ARG,1973,0.456,0.277,0.411
Argentina,ARG,1974,0.557,0.322,0.423
Argentina,ARG,1975,0.509,0.29,0.423
Argentina,ARG,1976,0.133,0.066,0.441
Argentina,ARG,1977,0.071,0.047,0.518
Argentina,ARG,1978,0.071,0.047,0.518
Argentina,ARG,1979,0.071,0.047,0.518
Argentina,ARG,1980,0.071,0.051,0.518
Argentina,ARG,1981,0.071,0.051,0.518
Argentina,ARG,1982,0.074,0.051,0.518
Argentina,ARG,1983,0.267,0.206,0.252
Argentina,ARG,1984,0.83,0.674,0.332
Argentina,ARG,1985,0.829,0.674,0.332
Argentina,ARG,1986,0.825,0.672,0.332
Argentina,ARG,1987,0.827,0.672,0.332
Argentina,ARG,1988,0.831,0.672,0.332
Argentina,ARG,1989,0.828,0.67,0.509
Argentina,ARG,1990,0.826,0.617,0.631
Argentina,ARG,1991,0.829,0.63,0.631
Argentina,ARG,1992,0.829,0.631,0.631
Argentina,ARG,1993,0.829,0.63,0.611
Argentina,ARG,1994,0.834,0.633,0.611
Argentina,ARG,1995,0.833,0.641,0.611
Argentina,ARG,1996,0.83,0.634,0.611
Argentina,ARG,1997,0.829,0.634,0.611
Argentina,ARG,1998,0.828,0.634,0.611
Argentina,ARG,1999,0.828,0.64,0.6
Argentina,ARG,2000,0.833,0.67,0.459
Argentina,ARG,2001,0.833,0.674,0.459
Argentina,ARG,2002,0.826,0.661,0.53
Argentina,ARG,2003,0.807,0.638,0.551
Argentina,ARG,2004,0.795,0.632,0.551
Argentina,ARG,2005,0.793,0.625,0.551
Argentina,ARG,2006,0.78,0.614,0.551
Argentina,ARG,2007,0.781,0.61,0.551
Argentina,ARG,2008,0.766,0.59,0.551
Argentina,ARG,2009,0.756,0.583,0.551
Argentina,ARG,2010,0.746,0.578,0.544
Argentina,ARG,2011,0.749,0.573,0.544
Argentina,ARG,2012,0.763,0.582,0.544
Argentina,ARG,2013,0.772,0.588,0.551
Argentina,ARG,2014,0.777,0.595,0.551
Argentina,ARG,2015,0.765,0.59,0.525
Argentina,ARG,2016,0.751,0.612,0.436
Argentina,ARG,2017,0.751,0.609,0.411
Argentina,ARG,2018,0.78,0.63,0.41
Argentina,ARG,2019,0.779,0.618,0.408
Argentina,ARG,2020,0.797,0.634,0.479
Argentina,ARG,2021,0.796,0.639,0.479
Argentina,ARG,2022,0.831,0.654,0.479
Argentina,ARG,2023,0.838,0.695,0.404
Argentina,ARG,2024,0.721,0.558,0.39
Ethiopia,ETH,1960,0.093,0.034,0.663
Ethiopia,ETH,1961,0.093,0.035,0.663
Ethiopia,ETH,1962,0.093,0.035,0.663
Ethiopia,ETH,1963,0.093,0.035,0.663
Ethiopia,ETH,1964,0.093,0.035,0.663
Ethiopia,ETH,1965,0.093,0.035,0.663
Ethiopia,ETH,1966,0.093,0.035,0.663
Ethiopia,ETH,1967,0.093,0.035,0.663
Ethiopia,ETH,1968,0.094,0.035,0.654
Ethiopia,ETH,1969,0.094,0.035,0.654
Ethiopia,ETH,1970,0.094,0.036,0.665
Ethiopia,ETH,1971,0.094,0.036,0.665
Ethiopia,ETH,1972,0.095,0.036,0.665
Ethiopia,ETH,1973,0.095,0.036,0.668
Ethiopia,ETH,1974,0.086,0.028,0.613
Ethiopia,ETH,1975,0.077,0.015,0.537
Ethiopia,ETH,1976,0.072,0.015,0.537
Ethiopia,ETH,1977,0.072,0.015,0.537
Ethiopia,ETH,1978,0.072,0.015,0.537
Ethiopia,ETH,1979,0.072,0.015,0.537
Ethiopia,ETH,1980,0.072,0.015,0.537
Ethiopia,ETH,1981,0.072,0.016,0.537
Ethiopia,ETH,1982,0.072,0.016,0.537
Ethiopia,ETH,1983,0.072,0.016,0.537
Ethiopia,ETH,1984,0.072,0.016,0.537
Ethiopia,ETH,1985,0.072,0.016,0.537
Ethiopia,ETH,1986,0.072,0.016,0.537
Ethiopia,ETH,1987,0.099,0.017,0.524
Ethiopia,ETH,1988,0.149,0.031,0.43
Ethiopia,ETH,1989,0.149,0.031,0.43
Ethiopia,ETH,1990,0.15,0.032,0.43
Ethiopia,ETH,1991,0.203,0.076,0.496
Ethiopia,ETH,1992,0.23,0.094,0.496
Ethiopia,ETH,1993,0.23,0.097,0.496
Ethiopia,ETH,1994,0.195,0.084,0.496
Ethiopia,ETH,1995,0.223,0.097,0.572
Ethiopia,ETH,1996,0.245,0.111,0.561
Ethiopia,ETH,1997,0.245,0.111,0.561
Ethiopia,ETH,1998,0.245,0.111,0.561
Ethiopia,ETH,1999,0.245,0.111,0.561
Ethiopia,ETH,2000,0.241,0.11,0.561
Ethiopia,ETH,2001,0.241,0.11,0.561
Ethiopia,ETH,2002,0.242,0.11,0.561
Ethiopia,ETH,2003,0.242,0.111,0.561
Ethiopia,ETH,2004,0.241,0.11,0.561
Ethiopia,ETH,2005,0.256,0.115,0.561
Ethiopia,ETH,2006,0.241,0.111,0.561
Ethiopia,ETH,2007,0.244,0.113,0.529
Ethiopia,ETH,2008,0.244,0.113,0.552
Ethiopia,ETH,2009,0.244,0.113,0.57
Ethiopia,ETH,2010,0.229,0.109,0.57
Ethiopia,ETH,2011,0.223,0.105,0.57
Ethiopia,ETH,2012,0.225,0.106,0.571
Ethiopia,ETH,2013,0.223,0.104,0.567
Ethiopia,ETH,2014,0.227,0.104,0.568
Ethiopia,ETH,2015,0.228,0.102,0.566
Ethiopia,ETH,2016,0.226,0.099,0.566
Ethiopia,ETH,2017,0.228,0.098,0.554
Ethiopia,ETH,2018,0.271,0.131,0.553
Ethiopia,ETH,2019,0.329,0.158,0.553
Ethiopia,ETH,2020,0.32,0.152,0.552
Ethiopia,ETH,2021,0.29,0.136,0.563
Ethiopia,ETH,2022,0.3,0.134,0.561
Ethiopia,ETH,2023,0.279,0.106,0.565
Ethiopia,ETH,2024,0.26,0.093,0.52
India,IND,1960,0.67,0.514,0.146
India,IND,1961,0.67,0.514,0.146
India,IND,1962,0.655,0.501,0.146
India,IND,1963,0.653,0.499,0.146
India,IND,1964,0.65,0.499,0.146
India,IND,1965,0.644,0.489,0.186
India,IND,1966,0.645,0.488,0.278
India,IND,1967,0.66,0.502,0.293
India,IND,1968,0.665,0.506,0.338
India,IND,1969,0.665,0.506,0.338
India,IND,1970,0.664,0.493,0.359
India,IND,1971,0.618,0.458,0.359
India,IND,1972,0.612,0.455,0.359
India,IND,1973,0.612,0.455,0.359
India,IND,1974,0.57,0.425,0.359
India,IND,1975,0.39,0.286,0.359
India,IND,1976,0.381,0.265,0.359
India,IND,1977,0.494,0.345,0.359
India,IND,1978,0.652,0.514,0.389
India,IND,1979,0.656,0.515,0.395
India,IND,1980,0.646,0.503,0.395
India,IND,1981,0.643,0.499,0.395
India,IND,1982,0.641,0.497,0.395
India,IND,1983,0.641,0.498,0.395
India,IND,1984,0.642,0.494,0.395
India,IND,1985,0.658,0.517,0.395
India,IND,1986,0.668,0.521,0.395
India,IND,1987,0.668,0.521,0.453
India,IND,1988,0.664,0.517,0.453
India,IND,1989,0.665,0.517,0.453
India,IND,1990,0.693,0.54,0.497
India,IND,1991,0.713,0.561,0.497
India,IND,1992,0.726,0.572,0.551
India,IND,1993,0.731,0.576,0.551
India,IND,1994,0.738,0.582,0.551
India,IND,1995,0.738,0.582,0.551
India,IND,1996,0.741,0.588,0.551
India,IND,1997,0.742,0.591,0.551
India,IND,1998,0.746,0.593,0.551
India,IND,1999,0.737,0.586,0.551
India,IND,2000,0.735,0.584,0.551
India,IND,2001,0.735,0.584,0.551
India,IND,2002,0.739,0.587,0.551
India,IND,2003,0.736,0.583,0.551
India,IND,2004,0.731,0.578,0.551
India,IND,2005,0.723,0.573,0.551
India,IND,2006,0.721,0.569,0.551
India,IND,2007,0.721,0.569,0.551
India,IND,2008,0.721,0.569,0.551
India,IND,2009,0.683,0.539,0.551
India,IND,2010,0.671,0.532,0.579
India,IND,2011,0.671,0.532,0.582
India,IND,2012,0.659,0.525,0.582
India,IND,2013,0.65,0.522,0.582
India,IND,2014,0.617,0.488,0.576
India,IND,2015,0.543,0.417,0.616
India,IND,2016,0.524,0.406,0.616
India,IND,2017,0.488,0.371,0.619
India,IND,2018,0.482,0.363,0.625
India,IND,2019,0.43,0.324,0.625
India,IND,2020,0.39,0.292,0.663
India,IND,2021,0.398,0.307,0.687
India,IND,2022,0.384,0.291,0.694
India,IND,2023,0.374,0.273,0.686
India,IND,2024,0.381,0.281,0.681
Kenya,KEN,1960,0.111,0.07,0.209
Kenya,KEN,1961,0.122,0.073,0.209
Kenya,KEN,1962,0.123,0.072,0.209
Kenya,KEN,1963,0.21,0.118,0.547
Kenya,KEN,1964,0.238,0.146,0.629
Kenya,KEN,1965,0.275,0.158,0.64
Kenya,KEN,1966,0.247,0.149,0.64
Kenya,KEN,1967,0.219,0.141,0.64
Kenya,KEN,1968,0.217,0.139,0.64
Kenya,KEN,1969,0.2,0.127,0.666
Kenya,KEN,1970,0.196,0.114,0.757
Kenya,KEN,1971,0.197,0.114,0.757
Kenya,KEN,1972,0.196,0.114,0.789
Kenya,KEN,1973,0.198,0.114,0.789
Kenya,KEN,1974,0.202,0.117,0.789
Kenya,KEN,1975,0.209,0.117,0.789
Kenya,KEN,1976,0.21,0.118,0.789
Kenya,KEN,1977,0.21,0.118,0.789
Kenya,KEN,1978,0.21,0.114,0.821
Kenya,KEN,1979,0.211,0.117,0.821
Kenya,KEN,1980,0.207,0.115,0.879
Kenya,KEN,1981,0.205,0.115,0.879
Kenya,KEN,1982,0.197,0.106,0.879
Kenya,KEN,1983,0.193,0.103,0.895
Kenya,KEN,1984,0.181,0.101,0.895
Kenya,KEN,1985,0.181,0.101,0.895
Kenya,KEN,1986,0.183,0.1,0.895
Kenya,KEN,1987,0.183,0.1,0.895
Kenya,KEN,1988,0.177,0.096,0.895
Kenya,KEN,1989,0.175,0.097,0.895
Kenya,KEN,1990,0.189,0.123,0.88
Kenya,KEN,1991,0.203,0.132,0.88
Kenya,KEN,1992,0.291,0.186,0.88
Kenya,KEN,1993,0.329,0.207,0.862
Kenya,KEN,1994,0.334,0.208,0.862
Kenya,KEN,1995,0.337,0.211,0.862
Kenya,KEN,1996,0.337,0.211,0.862
Kenya,KEN,1997,0.336,0.209,0.862
Kenya,KEN,1998,0.363,0.225,0.862
Kenya,KEN,1999,0.363,0.225,0.862
Kenya,KEN,2000,0.374,0.253,0.846
Kenya,KEN,2001,0.376,0.254,0.846
Kenya,KEN,2002,0.419,0.291,0.843
Kenya,KEN,2003,0.51,0.355,0.811
Kenya,KEN,2004,0.51,0.355,0.805
Kenya,KEN,2005,0.51,0.358,0.772
Kenya,KEN,2006,0.51,0.358,0.772
Kenya,KEN,2007,0.511,0.356,0.759
Kenya,KEN,2008,0.415,0.305,0.739
Kenya,KEN,2009,0.416,0.305,0.739
Kenya,KEN,2010,0.427,0.361,0.65
Kenya,KEN,2011,0.428,0.362,0.641
Kenya,KEN,2012,0.425,0.358,0.632
Kenya,KEN,2013,0.524,0.413,0.604
Kenya,KEN,2014,0.539,0.426,0.604
Kenya,KEN,2015,0.539,0.426,0.604
Kenya,KEN,2016,0.534,0.421,0.598
Kenya,KEN,2017,0.512,0.408,0.601
Kenya,KEN,2018,0.496,0.394,0.601
Kenya,KEN,2019,0.501,0.402,0.585
Kenya,KEN,2020,0.503,0.404,0.616
Kenya,KEN,2021,0.507,0.423,0.531
Kenya,KEN,2022,0.55,0.45,0.545
Kenya,KEN,2023,0.57,0.463,0.528
Kenya,KEN,2024,0.557,0.437,0.556
North Korea,PRK,1960,0.092,0.015,0.624
North Korea,PRK,1961,0.092,0.015,0.624
North Korea,PRK,1962,0.091,0.015,0.624
North Korea,PRK,1963,0.089,0.015,0.624
North Korea,PRK,1964,0.089,0.015,0.624
North Korea,PRK,1965,0.089,0.015,0.624
North Korea,PRK,1966,0.089,0.015,0.624
North Korea,PRK,1967,0.089,0.015,0.624
North Korea,PRK,1968,0.088,0.015,0.624
North Korea,PRK,1969,0.088,0.015,0.624
North Korea,PRK,1970,0.088,0.015,0.624
North Korea,PRK,1971,0.088,0.015,0.624
North Korea,PRK,1972,0.086,0.015,0.624
North Korea,PRK,1973,0.087,0.014,0.624
North Korea,PRK,1974,0.087,0.014,0.624
North Korea,PRK,1975,0.087,0.014,0.624
North Korea,PRK,1976,0.087,0.014,0.624
North Korea,PRK,1977,0.086,0.014,0.624
North Korea,PRK,1978,0.086,0.014,0.624
North Korea,PRK,1979,0.086,0.014,0.624
North Korea,PRK,1980,0.086,0.014,0.624
North Korea,PRK,1981,0.086,0.014,0.624
North Korea,PRK,1982,0.086,0.014,0.624
North Korea,PRK,1983,0.087,0.014,0.624
North Korea,PRK,1984,0.087,0.014,0.624
North Korea,PRK,1985,0.087,0.014,0.624
North Korea,PRK,1986,0.086,0.014,0.624
North Korea,PRK,1987,0.084,0.014,0.624
North Korea,PRK,1988,0.084,0.014,0.659
North Korea,PRK,1989,0.084,0.014,0.659
North Korea,PRK,1990,0.086,0.014,0.664
North Korea,PRK,1991,0.087,0.014,0.664
North Korea,PRK,1992,0.084,0.014,0.664
North Korea,PRK,1993,0.084,0.014,0.664
North Korea,PRK,1994,0.084,0.014,0.675
North Korea,PRK,1995,0.084,0.014,0.717
North Korea,PRK,1996,0.084,0.014,0.717
North Korea,PRK,1997,0.084,0.014,0.717
North Korea,PRK,1998,0.084,0.014,0.717
North Korea,PRK,1999,0.083,0.014,0.717
North Korea,PRK,2000,0.083,0.014,0.709
North Korea,PRK,2001,0.083,0.014,0.709
North Korea,PRK,2002,0.083,0.014,0.709
North Korea,PRK,2003,0.083,0.014,0.709
North Korea,PRK,2004,0.085,0.014,0.709
North Korea,PRK,2005,0.085,0.014,0.709
North Korea,PRK,2006,0.085,0.014,0.709
North Korea,PRK,2007,0.085,0.014,0.711
North Korea,PRK,2008,0.085,0.014,0.711
North Korea,PRK,2009,0.085,0.014,0.711
North Korea,PRK,2010,0.086,0.014,0.709
North Korea,PRK,2011,0.086,0.014,0.707
North Korea,PRK,2012,0.086,0.014,0.677
North Korea,PRK,2013,0.086,0.014,0.677
North Korea,PRK,2014,0.085,0.014,0.677
North Korea,PRK,2015,0.085,0.014,0.677
North Korea,PRK,2016,0.085,0.014,0.677
North Korea,PRK,2017,0.085,0.014,0.677
North Korea,PRK,2018,0.085,0.014,0.677
North Korea,PRK,2019,0.083,0.014,0.659
North Korea,PRK,2020,0.083,0.014,0.653
North Korea,PRK,2021,0.083,0.014,0.653
North Korea,PRK,2022,0.083,0.014,0.653
North Korea,PRK,2023,0.083,0.014,0.67
North Korea,PRK,2024,0.084,0.014,0.67
South Korea,KOR,1960,0.331,0.223,0.525
South Korea,KOR,1961,0.216,0.122,0.545
South Korea,KOR,1962,0.163,0.103,0.565
South Korea,KOR,1963,0.175,0.108,0.565
South Korea,KOR,1964,0.273,0.136,0.565
South Korea,KOR,1965,0.273,0.135,0.565
South Korea,KOR,1966,0.273,0.135,0.565
South Korea,KOR,1967,0.276,0.135,0.565
South Korea,KOR,1968,0.278,0.135,0.565
South Korea,KOR,1969,0.278,0.135,0.565
South Korea,KOR,1970,0.276,0.135,0.565
South Korea,KOR,1971,0.274,0.135,0.565
South Korea,KOR,1972,0.231,0.106,0.572
South Korea,KOR,1973,0.208,0.098,0.572
South Korea,KOR,1974,0.211,0.099,0.572
South Korea,KOR,1975,0.211,0.099,0.572
South Korea,KOR,1976,0.209,0.098,0.572
South Korea,KOR,1977,0.209,0.098,0.572
South Korea,KOR,1978,0.209,0.098,0.572
South Korea,KOR,1979,0.208,0.099,0.572
South Korea,KOR,1980,0.199,0.103,0.571
South Korea,KOR,1981,0.21,0.105,0.571
South Korea,KOR,1982,0.22,0.116,0.571
South Korea,KOR,1983,0.228,0.119,0.567
South Korea,KOR,1984,0.245,0.123,0.567
South Korea,KOR,1985,0.303,0.143,0.567
South Korea,KOR,1986,0.312,0.148,0.567
South Korea,KOR,1987,0.38,0.219,0.512
South Korea,KOR,1988,0.616,0.469,0.458
South Korea,KOR,1989,0.646,0.498,0.458
South Korea,KOR,1990,0.647,0.5,0.458
South Korea,KOR,1991,0.647,0.5,0.458
South Korea,KOR,1992,0.651,0.512,0.441
South Korea,KOR,1993,0.724,0.607,0.293
South Korea,KOR,1994,0.731,0.612,0.308
South Korea,KOR,1995,0.731,0.612,0.308
South Korea,KOR,1996,0.736,0.618,0.29
South Korea,KOR,1997,0.743,0.638,0.29
South Korea,KOR,1998,0.804,0.729,0.257
South Korea,KOR,1999,0.811,0.736,0.256
South Korea,KOR,2000,0.829,0.753,0.237
South Korea,KOR,2001,0.833,0.757,0.237
South Korea,KOR,2002,0.833,0.761,0.201
South Korea,KOR,2003,0.835,0.761,0.147
South Korea,KOR,2004,0.834,0.761,0.132
South Korea,KOR,2005,0.834,0.762,0.132
South Korea,KOR,2006,0.834,0.762,0.132
South Korea,KOR,2007,0.834,0.759,0.132
South Korea,KOR,2008,0.759,0.661,0.17
South Korea,KOR,2009,0.759,0.662,0.17
South Korea,KOR,2010,0.762,0.665,0.18
South Korea,KOR,2011,0.762,0.665,0.18
South Korea,KOR,2012,0.753,0.658,0.196
South Korea,KOR,2013,0.716,0.609,0.213
South Korea,KOR,2014,0.705,0.6,0.213
South Korea,KOR,2015,0.705,0.599,0.233
South Korea,KOR,2016,0.718,0.62,0.233
South Korea,KOR,2017,0.852,0.791,0.134
South Korea,KOR,2018,0.857,0.794,0.129
South Korea,KOR,2019,0.842,0.777,0.113
South Korea,KOR,2020,0.85,0.782,0.113
South Korea,KOR,2021,0.852,0.775,0.16
South Korea,KOR,2022,0.802,0.718,0.124
South Korea,KOR,2023,0.722,0.62,0.154
South Korea,KOR,2024,0.724,0.627,0.156
Kosovo,XKX,1999,0.219,0.14,0.569
Kosovo,XKX,2000,0.238,0.153,0.38
Kosovo,XKX,2001,0.25,0.162,0.348
Kosovo,XKX,2002,0.493,0.346,0.396
Kosovo,XKX,2003,0.532,0.377,0.396
Kosovo,XKX,2004,0.527,0.375,0.423
Kosovo,XKX,2005,0.512,0.364,0.55
Kosovo,XKX,2006,0.512,0.364,0.55
Kosovo,XKX,2007,0.519,0.37,0.55
Kosovo,XKX,2008,0.512,0.362,0.571
Kosovo,XKX,2009,0.514,0.374,0.57
Kosovo,XKX,2010,0.533,0.386,0.569
Kosovo,XKX,2011,0.504,0.373,0.561
Kosovo,XKX,2012,0.507,0.376,0.555
Kosovo,XKX,2013,0.519,0.364,0.543
Kosovo,XKX,2014,0.593,0.414,0.539
Kosovo,XKX,2015,0.651,0.45,0.512
Kosovo,XKX,2016,0.653,0.454,0.438
Kosovo,XKX,2017,0.574,0.399,0.392
Kosovo,XKX,2018,0.662,0.47,0.326
Kosovo,XKX,2019,0.677,0.497,0.318
Kosovo,XKX,2020,0.67,0.493,0.305
Kosovo,XKX,2021,0.674,0.494,0.282
Kosovo,XKX,2022,0.676,0.508,0.293
Kosovo,XKX,2023,0.676,0.494,0.291
Kosovo,XKX,2024,0.648,0.471,0.272
Lebanon,LBN,1960,0.373,0.223,0.52
Lebanon,LBN,1961,0.395,0.233,0.52
Lebanon,LBN,1962,0.394,0.232,0.52
Lebanon,LBN,1963,0.394,0.232,0.52
Lebanon,LBN,1964,0.389,0.23,0.52
Lebanon,LBN,1965,0.387,0.23,0.52
Lebanon,LBN,1966,0.387,0.23,0.52
Lebanon,LBN,1967,0.387,0.23,0.52
Lebanon,LBN,1968,0.386,0.229,0.52
Lebanon,LBN,1969,0.386,0.229,0.52
Lebanon,LBN,1970,0.395,0.226,0.635
Lebanon,LBN,1971,0.395,0.226,0.635
Lebanon,LBN,1972,0.376,0.219,0.655
Lebanon,LBN,1973,0.369,0.216,0.655
Lebanon,LBN,1974,0.369,0.216,0.655
Lebanon,LBN,1975,0.358,0.205,0.761
Lebanon,LBN,1976,0.348,0.195,0.645
Lebanon,LBN,1977,0.348,0.195,0.645
Lebanon,LBN,1978,0.348,0.195,0.645
Lebanon,LBN,1979,0.348,0.195,0.645
Lebanon,LBN,1980,0.348,0.195,0.645
Lebanon,LBN,1981,0.348,0.195,0.645
Lebanon,LBN,1982,0.348,0.19,0.672
Lebanon,LBN,1983,0.348,0.19,0.789
Lebanon,LBN,1984,0.348,0.19,0.789
Lebanon,LBN,1985,0.348,0.19,0.789
Lebanon,LBN,1986,0.348,0.19,0.789
Lebanon,LBN,1987,0.348,0.19,0.789
Lebanon,LBN,1988,0.334,0.185,0.789
Lebanon,LBN,1989,0.304,0.174,0.789
Lebanon,LBN,1990,0.342,0.195,0.795
Lebanon,LBN,1991,0.336,0.193,0.795
Lebanon,LBN,1992,0.336,0.193,0.795
Lebanon,LBN,1993,0.317,0.19,0.795
Lebanon,LBN,1994,0.312,0.188,0.795
Lebanon,LBN,1995,0.312,0.188,0.795
Lebanon,LBN,1996,0.312,0.188,0.795
Lebanon,LBN,1997,0.312,0.188,0.795
Lebanon,LBN,1998,0.312,0.188,0.795
Lebanon,LBN,1999,0.312,0.188,0.795
Lebanon,LBN,2000,0.323,0.194,0.795
Lebanon,LBN,2001,0.354,0.207,0.795
Lebanon,LBN,2002,0.351,0.206,0.795
Lebanon,LBN,2003,0.351,0.206,0.795
Lebanon,LBN,2004,0.355,0.207,0.795
Lebanon,LBN,2005,0.402,0.232,0.737
Lebanon,LBN,2006,0.441,0.255,0.737
Lebanon,LBN,2007,0.442,0.258,0.737
Lebanon,LBN,2008,0.443,0.259,0.737
Lebanon,LBN,2009,0.467,0.273,0.737
Lebanon,LBN,2010,0.466,0.271,0.737
Lebanon,LBN,2011,0.479,0.277,0.737
Lebanon,LBN,2012,0.477,0.282,0.732
Lebanon,LBN,2013,0.486,0.301,0.732
Lebanon,LBN,2014,0.486,0.302,0.732
Lebanon,LBN,2015,0.48,0.295,0.732
Lebanon,LBN,2016,0.479,0.296,0.756
Lebanon,LBN,2017,0.47,0.294,0.747
Lebanon,LBN,2018,0.44,0.282,0.76
Lebanon,LBN,2019,0.429,0.276,0.761
Lebanon,LBN,2020,0.436,0.274,0.763
Lebanon,LBN,2021,0.433,0.262,0.776
Lebanon,LBN,2022,0.405,0.25,0.776
Lebanon,LBN,2023,0.361,0.234,0.765
Lebanon,LBN,2024,0.347,0.226,0.842
Nigeria,NGA,1960,0.25,0.195,0.839
Nigeria,NGA,1961,0.249,0.196,0.839
Nigeria,NGA,1962,0.249,0.196,0.839
Nigeria,NGA,1963,0.249,0.196,0.839
Nigeria,NGA,1964,0.249,0.189,0.839
Nigeria,NGA,1965,0.233,0.183,0.839
Nigeria,NGA,1966,0.213,0.11,0.853
Nigeria,NGA,1967,0.181,0.085,0.812
Nigeria,NGA,1968,0.181,0.085,0.816
Nigeria,NGA,1969,0.181,0.085,0.816
Nigeria,NGA,1970,0.181,0.086,0.816
Nigeria,NGA,1971,0.181,0.088,0.816
Nigeria,NGA,1972,0.181,0.094,0.816
Nigeria,NGA,1973,0.179,0.093,0.816
Nigeria,NGA,1974,0.179,0.093,0.816
Nigeria,NGA,1975,0.18,0.092,0.814
Nigeria,NGA,1976,0.181,0.095,0.808
Nigeria,NGA,1977,0.191,0.097,0.808
Nigeria,NGA,1978,0.2,0.099,0.808
Nigeria,NGA,1979,0.262,0.148,0.895
Nigeria,NGA,1980,0.376,0.254,0.904
Nigeria,NGA,1981,0.376,0.258,0.904
Nigeria,NGA,1982,0.376,0.258,0.904
Nigeria,NGA,1983,0.311,0.216,0.919
Nigeria,NGA,1984,0.187,0.094,0.816
Nigeria,NGA,1985,0.189,0.095,0.816
Nigeria,NGA,1986,0.193,0.098,0.84
Nigeria,NGA,1987,0.193,0.098,0.84
Nigeria,NGA,1988,0.193,0.098,0.84
Nigeria,NGA,1989,0.199,0.099,0.84
Nigeria,NGA,1990,0.203,0.1,0.84
Nigeria,NGA,1991,0.204,0.1,0.84
Nigeria,NGA,1992,0.223,0.108,0.84
Nigeria,NGA,1993,0.229,0.148,0.84
Nigeria,NGA,1994,0.197,0.098,0.84
Nigeria,NGA,1995,0.189,0.095,0.84
Nigeria,NGA,1996,0.189,0.094,0.84
Nigeria,NGA,1997,0.2,0.097,0.84
Nigeria,NGA,1998,0.222,0.107,0.84
Nigeria,NGA,1999,0.376,0.243,0.925
Nigeria,NGA,2000,0.471,0.327,0.936
Nigeria,NGA,2001,0.471,0.327,0.936
Nigeria,NGA,2002,0.471,0.327,0.936
Nigeria,NGA,2003,0.428,0.304,0.936
Nigeria,NGA,2004,0.412,0.296,0.936
Nigeria,NGA,2005,0.412,0.296,0.936
Nigeria,NGA,2006,0.417,0.294,0.936
Nigeria,NGA,2007,0.408,0.297,0.936
Nigeria,NGA,2008,0.414,0.303,0.937
Nigeria,NGA,2009,0.413,0.304,0.937
Nigeria,NGA,2010,0.43,0.319,0.95
Nigeria,NGA,2011,0.481,0.348,0.954
Nigeria,NGA,2012,0.506,0.36,0.954
Nigeria,NGA,2013,0.52,0.381,0.954
Nigeria,NGA,2014,0.525,0.389,0.953
Nigeria,NGA,2015,0.554,0.401,0.933
Nigeria,NGA,2016,0.555,0.395,0.917
Nigeria,NGA,2017,0.556,0.393,0.915
Nigeria,NGA,2018,0.555,0.391,0.934
Nigeria,NGA,2019,0.52,0.36,0.937
Nigeria,NGA,2020,0.512,0.349,0.937
Nigeria,NGA,2021,0.488,0.331,0.939
Nigeria,NGA,2022,0.49,0.321,0.931
Nigeria,NGA,2023,0.484,0.316,0.922
Nigeria,NGA,2024,0.499,0.314,0.932
Philippines,PHL,1960,0.402,0.293,0.704
Philippines,PHL,1961,0.399,0.293,0.704
Philippines,PHL,1962,0.398,0.292,0.704
Philippines,PHL,1963,0.398,0.292,0.704
Philippines,PHL,1964,0.398,0.292,0.704
Philippines,PHL,1965,0.404,0.288,0.721
Philippines,PHL,1966,0.392,0.282,0.736
Philippines,PHL,1967,0.392,0.283,0.736
Philippines,PHL,1968,0.391,0.277,0.736
Philippines,PHL,1969,0.387,0.269,0.763
Philippines,PHL,1970,0.35,0.245,0.763
Philippines,PHL,1971,0.331,0.212,0.798
Philippines,PHL,1972,0.141,0.065,0.869
Philippines,PHL,1973,0.077,0.038,0.862
Philippines,PHL,1974,0.077,0.038,0.862
Philippines,PHL,1975,0.077,0.038,0.862
Philippines,PHL,1976,0.077,0.038,0.862
Philippines,PHL,1977,0.077,0.038,0.862
Philippines,PHL,1978,0.155,0.055,0.879
Philippines,PHL,1979,0.167,0.06,0.885
Philippines,PHL,1980,0.167,0.06,0.885
Philippines,PHL,1981,0.171,0.061,0.885
Philippines,PHL,1982,0.174,0.062,0.885
Philippines,PHL,1983,0.177,0.062,0.885
Philippines,PHL,1984,0.179,0.062,0.885
Philippines,PHL,1985,0.182,0.063,0.883
Philippines,PHL,1986,0.235,0.128,0.777
Philippines,PHL,1987,0.431,0.273,0.757
Philippines,PHL,1988,0.552,0.417,0.747
Philippines,PHL,1989,0.552,0.417,0.747
Philippines,PHL,1990,0.565,0.43,0.747
Philippines,PHL,1991,0.565,0.433,0.716
Philippines,PHL,1992,0.555,0.425,0.702
Philippines,PHL,1993,0.542,0.406,0.702
Philippines,PHL,1994,0.542,0.409,0.707
Philippines,PHL,1995,0.55,0.414,0.707
Philippines,PHL,1996,0.555,0.416,0.707
Philippines,PHL,1997,0.555,0.416,0.707
Philippines,PHL,1998,0.579,0.428,0.752
Philippines,PHL,1999,0.576,0.437,0.763
Philippines,PHL,2000,0.585,0.439,0.763
Philippines,PHL,2001,0.545,0.409,0.759
Philippines,PHL,2002,0.531,0.394,0.744
Philippines,PHL,2003,0.529,0.393,0.744
Philippines,PHL,2004,0.486,0.354,0.804
Philippines,PHL,2005,0.463,0.348,0.804
Philippines,PHL,2006,0.463,0.346,0.804
Philippines,PHL,2007,0.459,0.346,0.804
Philippines,PHL,2008,0.456,0.347,0.804
Philippines,PHL,2009,0.46,0.348,0.804
Philippines,PHL,2010,0.506,0.395,0.723
Philippines,PHL,2011,0.524,0.413,0.716
Philippines,PHL,2012,0.524,0.413,0.716
Philippines,PHL,2013,0.521,0.408,0.713
Philippines,PHL,2014,0.521,0.408,0.713
Philippines,PHL,2015,0.522,0.409,0.713
Philippines,PHL,2016,0.485,0.346,0.744
Philippines,PHL,2017,0.469,0.321,0.751
Philippines,PHL,2018,0.45,0.295,0.751
Philippines,PHL,2019,0.428,0.28,0.763
Philippines,PHL,2020,0.405,0.27,0.788
Philippines,PHL,2021,0.411,0.271,0.788
Philippines,PHL,2022,0.411,0.277,0.819
Philippines,PHL,2023,0.416,0.288,0.819
Philippines,PHL,2024,0.411,0.301,0.837
Tanzania,TZA,1960,0.165,0.117,0.505
Tanzania,TZA,1961,0.21,0.194,0.435
Tanzania,TZA,1962,0.246,0.245,0.214
Tanzania,TZA,1963,0.324,0.282,0.214
Tanzania,TZA,1964,0.318,0.279,0.217
Tanzania,TZA,1965,0.269,0.251,0.168
Tanzania,TZA,1966,0.254,0.242,0.168
Tanzania,TZA,1967,0.245,0.241,0.168
Tanzania,TZA,1968,0.243,0.24,0.168
Tanzania,TZA,1969,0.243,0.24,0.168
Tanzania,TZA,1970,0.242,0.239,0.174
Tanzania,TZA,1971,0.242,0.24,0.174
Tanzania,TZA,1972,0.242,0.238,0.174
Tanzania,TZA,1973,0.242,0.239,0.174
Tanzania,TZA,1974,0.242,0.239,0.174
Tanzania,TZA,1975,0.242,0.239,0.174
Tanzania,TZA,1976,0.241,0.239,0.174
Tanzania,TZA,1977,0.243,0.24,0.174
Tanzania,TZA,1978,0.243,0.24,0.174
Tanzania,TZA,1979,0.243,0.24,0.174
Tanzania,TZA,1980,0.242,0.24,0.18
Tanzania,TZA,1981,0.244,0.24,0.18
Tanzania,TZA,1982,0.248,0.242,0.18
Tanzania,TZA,1983,0.248,0.242,0.18
Tanzania,TZA,1984,0.248,0.242,0.18
Tanzania,TZA,1985,0.256,0.245,0.26
Tanzania,TZA,1986,0.263,0.249,0.353
Tanzania,TZA,1987,0.267,0.251,0.353
Tanzania,TZA,1988,0.267,0.251,0.353
Tanzania,TZA,1989,0.267,0.251,0.353
Tanzania,TZA,1990,0.287,0.27,0.394
Tanzania,TZA,1991,0.294,0.278,0.394
Tanzania,TZA,1992,0.393,0.331,0.406
Tanzania,TZA,1993,0.402,0.336,0.418
Tanzania,TZA,1994,0.414,0.345,0.432
Tanzania,TZA,1995,0.473,0.394,0.432
Tanzania,TZA,1996,0.491,0.403,0.468
Tanzania,TZA,1997,0.491,0.403,0.468
Tanzania,TZA,1998,0.491,0.403,0.468
Tanzania,TZA,1999,0.491,0.403,0.468
Tanzania,TZA,2000,0.477,0.396,0.468
Tanzania,TZA,2001,0.44,0.373,0.468
Tanzania,TZA,2002,0.44,0.373,0.468
Tanzania,TZA,2003,0.44,0.373,0.468
Tanzania,TZA,2004,0.44,0.373,0.468
Tanzania,TZA,2005,0.429,0.372,0.468
Tanzania,TZA,2006,0.465,0.395,0.462
Tanzania,TZA,2007,0.462,0.393,0.46
Tanzania,TZA,2008,0.464,0.396,0.46
Tanzania,TZA,2009,0.465,0.395,0.46
Tanzania,TZA,2010,0.467,0.397,0.46
Tanzania,TZA,2011,0.477,0.404,0.46
Tanzania,TZA,2012,0.475,0.401,0.46
Tanzania,TZA,2013,0.47,0.396,0.462
Tanzania,TZA,2014,0.467,0.394,0.462
Tanzania,TZA,2015,0.453,0.391,0.429
Tanzania,TZA,2016,0.409,0.355,0.354
Tanzania,TZA,2017,0.401,0.351,0.322
Tanzania,TZA,2018,0.385,0.331,0.304
Tanzania,TZA,2019,0.383,0.325,0.313
Tanzania,TZA,2020,0.383,0.33,0.298
Tanzania,TZA,2021,0.366,0.324,0.319
Tanzania,TZA,2022,0.397,0.347,0.269
Tanzania,TZA,2023,0.409,0.355,0.314
Tanzania,TZA,2024,0.413,0.357,0.281
Taiwan,TWN,1960,0.081,0.06,0.59
Taiwan,TWN,1961,0.081,0.06,0.59
Taiwan,TWN,1962,0.081,0.061,0.59
Taiwan,TWN,1963,0.081,0.061,0.59
Taiwan,TWN,1964,0.081,0.062,0.59
Taiwan,TWN,1965,0.081,0.062,0.59
Taiwan,TWN,1966,0.081,0.062,0.59
Taiwan,TWN,1967,0.081,0.061,0.59
Taiwan,TWN,1968,0.082,0.061,0.59
Taiwan,TWN,1969,0.083,0.061,0.59
Taiwan,TWN,1970,0.114,0.069,0.59
Taiwan,TWN,1971,0.111,0.068,0.59
Taiwan,TWN,1972,0.112,0.067,0.588
Taiwan,TWN,1973,0.111,0.068,0.588
Taiwan,TWN,1974,0.112,0.07,0.588
Taiwan,TWN,1975,0.112,0.074,0.54
Taiwan,TWN,1976,0.115,0.08,0.534
Taiwan,TWN,1977,0.117,0.082,0.534
Taiwan,TWN,1978,0.118,0.078,0.521
Taiwan,TWN,1979,0.118,0.076,0.521
Taiwan,TWN,1980,0.126,0.087,0.521
Taiwan,TWN,1981,0.132,0.09,0.521
Taiwan,TWN,1982,0.134,0.098,0.521
Taiwan,TWN,1983,0.135,0.099,0.521
Taiwan,TWN,1984,0.139,0.103,0.521
Taiwan,TWN,1985,0.14,0.103,0.521
Taiwan,TWN,1986,0.155,0.117,0.521
Taiwan,TWN,1987,0.198,0.128,0.521
Taiwan,TWN,1988,0.22,0.169,0.45
Taiwan,TWN,1989,0.24,0.198,0.412
Taiwan,TWN,1990,0.263,0.226,0.383
Taiwan,TWN,1991,0.265,0.238,0.383
Taiwan,TWN,1992,0.296,0.259,0.38
Taiwan,TWN,1993,0.319,0.275,0.38
Taiwan,TWN,1994,0.32,0.277,0.38
Taiwan,TWN,1995,0.324,0.279,0.38
Taiwan,TWN,1996,0.505,0.389,0.38
Taiwan,TWN,1997,0.643,0.483,0.38
Taiwan,TWN,1998,0.659,0.493,0.38
Taiwan,TWN,1999,0.649,0.489,0.38
Taiwan,TWN,2000,0.772,0.674,0.346
Taiwan,TWN,2001,0.782,0.682,0.318
Taiwan,TWN,2002,0.787,0.687,0.318
Taiwan,TWN,2003,0.784,0.684,0.318
Taiwan,TWN,2004,0.776,0.677,0.318
Taiwan,TWN,2005,0.771,0.675,0.325
Taiwan,TWN,2006,0.776,0.679,0.325
Taiwan,TWN,2007,0.775,0.679,0.326
Taiwan,TWN,2008,0.793,0.685,0.331
Taiwan,TWN,2009,0.794,0.667,0.331
Taiwan,TWN,2010,0.798,0.668,0.331
Taiwan,TWN,2011,0.798,0.668,0.331
Taiwan,TWN,2012,0.799,0.676,0.331
Taiwan,TWN,2013,0.803,0.684,0.316
Taiwan,TWN,2014,0.806,0.685,0.316
Taiwan,TWN,2015,0.806,0.686,0.316
Taiwan,TWN,2016,0.835,0.727,0.273
Taiwan,TWN,2017,0.845,0.737,0.251
Taiwan,TWN,2018,0.845,0.739,0.255
Taiwan,TWN,2019,0.834,0.725,0.279
Taiwan,TWN,2020,0.82,0.719,0.189
Taiwan,TWN,2021,0.82,0.711,0.217
Taiwan,TWN,2022,0.827,0.729,0.222
Taiwan,TWN,2023,0.823,0.725,0.244
Taiwan,TWN,2024,0.804,0.707,0.22
Thailand,THA,1960,0.112,0.084,0.728
Thailand,THA,1961,0.112,0.084,0.728
Thailand,THA,1962,0.112,0.084,0.728
Thailand,THA,1963,0.112,0.084,0.728
Thailand,THA,1964,0.112,0.084,0.728
Thailand,THA,1965,0.112,0.084,0.728
Thailand,THA,1966,0.112,0.084,0.728
Thailand,THA,1967,0.114,0.085,0.728
Thailand,THA,1968,0.126,0.087,0.728
Thailand,THA,1969,0.15,0.106,0.728
Thailand,THA,1970,0.154,0.111,0.79
Thailand,THA,1971,0.148,0.109,0.79
Thailand,THA,1972,0.114,0.099,0.79
Thailand,THA,1973,0.127,0.113,0.79
Thailand,THA,1974,0.177,0.16,0.79
Thailand,THA,1975,0.271,0.194,0.79
Thailand,THA,1976,0.231,0.13,0.79
Thailand,THA,1977,0.124,0.102,0.79
Thailand,THA,1978,0.125,0.108,0.79
Thailand,THA,1979,0.142,0.115,0.79
Thailand,THA,1980,0.25,0.184,0.782
Thailand,THA,1981,0.288,0.198,0.782
Thailand,THA,1982,0.292,0.201,0.782
Thailand,THA,1983,0.316,0.215,0.782
Thailand,THA,1984,0.326,0.219,0.782
Thailand,THA,1985,0.327,0.221,0.782
Thailand,THA,1986,0.322,0.222,0.782
Thailand,THA,1987,0.327,0.221,0.782
Thailand,THA,1988,0.345,0.252,0.76
Thailand,THA,1989,0.363,0.261,0.76
Thailand,THA,1990,0.371,0.264,0.76
Thailand,THA,1991,0.209,0.158,0.76
Thailand,THA,1992,0.271,0.2,0.751
Thailand,THA,1993,0.405,0.303,0.751
Thailand,THA,1994,0.404,0.303,0.751
Thailand,THA,1995,0.412,0.307,0.751
Thailand,THA,1996,0.394,0.278,0.751
Thailand,THA,1997,0.476,0.348,0.694
Thailand,THA,1998,0.507,0.384,0.698
Thailand,THA,1999,0.507,0.385,0.698
Thailand,THA,2000,0.501,0.391,0.662
Thailand,THA,2001,0.55,0.412,0.662
Thailand,THA,2002,0.547,0.408,0.662
Thailand,THA,2003,0.537,0.391,0.662
Thailand,THA,2004,0.53,0.382,0.662
Thailand,THA,2005,0.507,0.359,0.662
Thailand,THA,2006,0.227,0.166,0.662
Thailand,THA,2007,0.181,0.18,0.654
Thailand,THA,2008,0.402,0.336,0.658
Thailand,THA,2009,0.418,0.337,0.663
Thailand,THA,2010,0.411,0.33,0.665
Thailand,THA,2011,0.462,0.373,0.665
Thailand,THA,2012,0.493,0.4,0.665
Thailand,THA,2013,0.446,0.352,0.649
Thailand,THA,2014,0.162,0.116,0.671
Thailand,THA,2015,0.16,0.105,0.683
Thailand,THA,2016,0.16,0.105,0.683
Thailand,THA,2017,0.154,0.102,0.683
Thailand,THA,2018,0.17,0.11,0.692
Thailand,THA,2019,0.208,0.184,0.696
Thailand,THA,2020,0.201,0.187,0.681
Thailand,THA,2021,0.208,0.187,0.681
Thailand,THA,2022,0.216,0.195,0.654
Thailand,THA,2023,0.295,0.246,0.654
Thailand,THA,2024,0.41,0.306,0.635
Uganda,UGA,1960,0.175,0.133,0.378
Uganda,UGA,1961,0.183,0.136,0.373
Uganda,UGA,1962,0.252,0.159,0.461
Uganda,UGA,1963,0.391,0.227,0.48
Uganda,UGA,1964,0.386,0.225,0.48
Uganda,UGA,1965,0.386,0.225,0.48
Uganda,UGA,1966,0.238,0.149,0.522
Uganda,UGA,1967,0.224,0.1,0.576
Uganda,UGA,1968,0.224,0.103,0.588
Uganda,UGA,1969,0.201,0.098,0.588
Uganda,UGA,1970,0.194,0.096,0.585
Uganda,UGA,1971,0.12,0.035,0.895
Uganda,UGA,1972,0.084,0.021,0.935
Uganda,UGA,1973,0.083,0.017,0.948
Uganda,UGA,1974,0.083,0.017,0.948
Uganda,UGA,1975,0.083,0.017,0.948
Uganda,UGA,1976,0.083,0.017,0.948
Uganda,UGA,1977,0.083,0.017,0.948
Uganda,UGA,1978,0.083,0.017,0.948
Uganda,UGA,1979,0.084,0.017,0.948
Uganda,UGA,1980,0.147,0.043,0.789
Uganda,UGA,1981,0.221,0.098,0.809
Uganda,UGA,1982,0.22,0.097,0.809
Uganda,UGA,1983,0.22,0.093,0.809
Uganda,UGA,1984,0.22,0.093,0.809
Uganda,UGA,1985,0.182,0.069,0.789
Uganda,UGA,1986,0.122,0.107,0.67
Uganda,UGA,1987,0.124,0.138,0.646
Uganda,UGA,1988,0.132,0.14,0.621
Uganda,UGA,1989,0.171,0.15,0.63
Uganda,UGA,1990,0.178,0.161,0.613
Uganda,UGA,1991,0.255,0.189,0.613
Uganda,UGA,1992,0.258,0.19,0.613
Uganda,UGA,1993,0.265,0.195,0.621
Uganda,UGA,1994,0.287,0.206,0.641
Uganda,UGA,1995,0.293,0.225,0.644
Uganda,UGA,1996,0.304,0.241,0.705
Uganda,UGA,1997,0.305,0.239,0.736
Uganda,UGA,1998,0.305,0.239,0.736
Uganda,UGA,1999,0.305,0.239,0.743
Uganda,UGA,2000,0.304,0.236,0.779
Uganda,UGA,2001,0.27,0.222,0.782
Uganda,UGA,2002,0.262,0.214,0.782
Uganda,UGA,2003,0.257,0.212,0.782
Uganda,UGA,2004,0.265,0.216,0.799
Uganda,UGA,2005,0.294,0.231,0.78
Uganda,UGA,2006,0.318,0.243,0.787
Uganda,UGA,2007,0.323,0.246,0.785
Uganda,UGA,2008,0.32,0.243,0.785
Uganda,UGA,2009,0.318,0.241,0.784
Uganda,UGA,2010,0.317,0.238,0.813
Uganda,UGA,2011,0.317,0.233,0.815
Uganda,UGA,2012,0.316,0.232,0.816
Uganda,UGA,2013,0.312,0.23,0.809
Uganda,UGA,2014,0.305,0.226,0.811
Uganda,UGA,2015,0.3,0.222,0.824
Uganda,UGA,2016,0.289,0.205,0.831
Uganda,UGA,2017,0.291,0.201,0.835
Uganda,UGA,2018,0.283,0.194,0.831
Uganda,UGA,2019,0.284,0.193,0.837
Uganda,UGA,2020,0.285,0.192,0.826
Uganda,UGA,2021,0.274,0.18,0.815
Uganda,UGA,2022,0.269,0.185,0.801
Uganda,UGA,2023,0.259,0.179,0.812
Uganda,UGA,2024,0.261,0.168,0.844
Venezuela,VEN,1960,0.65,0.515,0.534
Venezuela,VEN,1961,0.663,0.531,0.534
Venezuela,VEN,1962,0.658,0.527,0.534
Venezuela,VEN,1963,0.655,0.525,0.534
Venezuela,VEN,1964,0.631,0.504,0.538
Venezuela,VEN,1965,0.638,0.51,0.538
Venezuela,VEN,1966,0.638,0.51,0.538
Venezuela,VEN,1967,0.638,0.51,0.538
Venezuela,VEN,1968,0.643,0.518,0.538
Venezuela,VEN,1969,0.671,0.545,0.538
Venezuela,VEN,1970,0.685,0.555,0.555
Venezuela,VEN,1971,0.689,0.558,0.555
Venezuela,VEN,1972,0.702,0.568,0.566
Venezuela,VEN,1973,0.7,0.562,0.653
Venezuela,VEN,1974,0.736,0.587,0.665
Venezuela,VEN,1975,0.736,0.585,0.669
Venezuela,VEN,1976,0.736,0.59,0.669
Venezuela,VEN,1977,0.736,0.59,0.673
Venezuela,VEN,1978,0.732,0.586,0.673
Venezuela,VEN,1979,0.728,0.587,0.704
Venezuela,VEN,1980,0.731,0.59,0.707
Venezuela,VEN,1981,0.731,0.585,0.707
Venezuela,VEN,1982,0.731,0.587,0.707
Venezuela,VEN,1983,0.732,0.587,0.707
Venezuela,VEN,1984,0.731,0.588,0.717
Venezuela,VEN,1985,0.73,0.586,0.717
Venezuela,VEN,1986,0.726,0.584,0.717
Venezuela,VEN,1987,0.726,0.584,0.717
Venezuela,VEN,1988,0.732,0.584,0.717
Venezuela,VEN,1989,0.735,0.585,0.717
Venezuela,VEN,1990,0.741,0.595,0.701
Venezuela,VEN,1991,0.742,0.618,0.701
Venezuela,VEN,1992,0.733,0.609,0.707
Venezuela,VEN,1993,0.744,0.614,0.696
Venezuela,VEN,1994,0.748,0.602,0.696
Venezuela,VEN,1995,0.748,0.604,0.69
Venezuela,VEN,1996,0.748,0.604,0.69
Venezuela,VEN,1997,0.746,0.603,0.696
Venezuela,VEN,1998,0.73,0.575,0.696
Venezuela,VEN,1999,0.665,0.44,0.731
Venezuela,VEN,2000,0.573,0.31,0.894
Venezuela,VEN,2001,0.529,0.288,0.894
Venezuela,VEN,2002,0.495,0.255,0.902
Venezuela,VEN,2003,0.487,0.243,0.902
Venezuela,VEN,2004,0.475,0.216,0.913
Venezuela,VEN,2005,0.474,0.182,0.933
Venezuela,VEN,2006,0.45,0.168,0.933
Venezuela,VEN,2007,0.434,0.162,0.947
Venezuela,VEN,2008,0.432,0.159,0.943
Venezuela,VEN,2009,0.431,0.16,0.947
Venezuela,VEN,2010,0.419,0.154,0.954
Venezuela,VEN,2011,0.415,0.152,0.958
Venezuela,VEN,2012,0.399,0.145,0.958
Venezuela,VEN,2013,0.327,0.109,0.968
Venezuela,VEN,2014,0.312,0.102,0.966
Venezuela,VEN,2015,0.3,0.103,0.94
Venezuela,VEN,2016,0.293,0.118,0.905
Venezuela,VEN,2017,0.233,0.082,0.908
Venezuela,VEN,2018,0.213,0.061,0.918
Venezuela,VEN,2019,0.209,0.06,0.955
Venezuela,VEN,2020,0.206,0.056,0.961
Venezuela,VEN,2021,0.215,0.056,0.968
Venezuela,VEN,2022,0.209,0.054,0.971
Venezuela,VEN,2023,0.206,0.053,0.969
Venezuela,VEN,2024,0.196,0.046,0.97
Benin,BEN,1960,0.269,0.195,0.548
Benin,BEN,1961,0.331,0.223,0.548
Benin,BEN,1962,0.331,0.223,0.548
Benin,BEN,1963,0.331,0.223,0.548
Benin,BEN,1964,0.314,0.214,0.548
Benin,BEN,1965,0.31,0.22,0.667
Benin,BEN,1966,0.174,0.108,0.667
Benin,BEN,1967,0.174,0.108,0.667
Benin,BEN,1968,0.221,0.121,0.667
Benin,BEN,1969,0.257,0.131,0.667
Benin,BEN,1970,0.176,0.111,0.667
Benin,BEN,1971,0.17,0.106,0.667
Benin,BEN,1972,0.123,0.088,0.687
Benin,BEN,1973,0.093,0.082,0.531
Benin,BEN,1974,0.088,0.082,0.531
Benin,BEN,1975,0.085,0.081,0.531
Benin,BEN,1976,0.085,0.081,0.531
Benin,BEN,1977,0.085,0.081,0.531
Benin,BEN,1978,0.085,0.081,0.531
Benin,BEN,1979,0.087,0.082,0.531
Benin,BEN,1980,0.106,0.085,0.44
Benin,BEN,1981,0.106,0.085,0.44
Benin,BEN,1982,0.106,0.085,0.44
Benin,BEN,1983,0.106,0.085,0.44
Benin,BEN,1984,0.104,0.084,0.44
Benin,BEN,1985,0.101,0.084,0.44
Benin,BEN,1986,0.101,0.084,0.44
Benin,BEN,1987,0.102,0.084,0.447
Benin,BEN,1988,0.102,0.084,0.447
Benin,BEN,1989,0.102,0.084,0.447
Benin,BEN,1990,0.221,0.162,0.56
Benin,BEN,1991,0.462,0.361,0.54
Benin,BEN,1992,0.598,0.491,0.586
Benin,BEN,1993,0.598,0.491,0.586
Benin,BEN,1994,0.598,0.491,0.586
Benin,BEN,1995,0.624,0.512,0.586
Benin,BEN,1996,0.617,0.507,0.606
Benin,BEN,1997,0.618,0.5,0.64
Benin,BEN,1998,0.618,0.5,0.64
Benin,BEN,1999,0.613,0.497,0.64
Benin,BEN,2000,0.611,0.501,0.64
Benin,BEN,2001,0.609,0.499,0.64
Benin,BEN,2002,0.61,0.502,0.64
Benin,BEN,2003,0.603,0.494,0.64
Benin,BEN,2004,0.601,0.492,0.64
Benin,BEN,2005,0.622,0.508,0.602
Benin,BEN,2006,0.659,0.535,0.604
Benin,BEN,2007,0.645,0.524,0.604
Benin,BEN,2008,0.635,0.515,0.605
Benin,BEN,2009,0.633,0.513,0.605
Benin,BEN,2010,0.635,0.516,0.605
Benin,BEN,2011,0.599,0.486,0.605
Benin,BEN,2012,0.596,0.483,0.605
Benin,BEN,2013,0.603,0.482,0.515
Benin,BEN,2014,0.606,0.485,0.515
Benin,BEN,2015,0.652,0.523,0.527
Benin,BEN,2016,0.712,0.579,0.39
Benin,BEN,2017,0.713,0.593,0.326
Benin,BEN,2018,0.606,0.472,0.387
Benin,BEN,2019,0.452,0.335,0.385
Benin,BEN,2020,0.408,0.284,0.19
Benin,BEN,2021,0.39,0.271,0.185
Benin,BEN,2022,0.423,0.285,0.188
Benin,BEN,2023,0.487,0.313,0.183
Benin,BEN,2024,0.491,0.323,0.191
Bhutan,BTN,1960,0.04,0.119,0.177
Bhutan,BTN,1961,0.04,0.12,0.177
Bhutan,BTN,1962,0.04,0.12,0.177
Bhutan,BTN,1963,0.04,0.12,0.177
Bhutan,BTN,1964,0.04,0.12,0.177
Bhutan,BTN,1965,0.04,0.12,0.177
Bhutan,BTN,1966,0.04,0.12,0.177
Bhutan,BTN,1967,0.047,0.121,0.177
Bhutan,BTN,1968,0.047,0.122,0.177
Bhutan,BTN,1969,0.047,0.122,0.177
Bhutan,BTN,1970,0.047,0.123,0.177
Bhutan,BTN,1971,0.049,0.123,0.177
Bhutan,BTN,1972,0.049,0.125,0.174
Bhutan,BTN,1973,0.05,0.125,0.174
Bhutan,BTN,1974,0.05,0.125,0.174
Bhutan,BTN,1975,0.05,0.125,0.174
Bhutan,BTN,1976,0.053,0.125,0.174
Bhutan,BTN,1977,0.053,0.124,0.174
Bhutan,BTN,1978,0.053,0.124,0.174
Bhutan,BTN,1979,0.053,0.125,0.174
Bhutan,BTN,1980,0.053,0.126,0.174
Bhutan,BTN,1981,0.053,0.126,0.174
Bhutan,BTN,1982,0.053,0.126,0.174
Bhutan,BTN,1983,0.053,0.126,0.174
Bhutan,BTN,1984,0.053,0.126,0.174
Bhutan,BTN,1985,0.053,0.124,0.174
Bhutan,BTN,1986,0.057,0.124,0.174
Bhutan,BTN,1987,0.059,0.124,0.174
Bhutan,BTN,1988,0.059,0.124,0.174
Bhutan,BTN,1989,0.059,0.126,0.174
Bhutan,BTN,1990,0.059,0.128,0.174
Bhutan,BTN,1991,0.059,0.128,0.174
Bhutan,BTN,1992,0.063,0.129,0.166
Bhutan,BTN,1993,0.065,0.131,0.166
Bhutan,BTN,1994,0.064,0.131,0.166
Bhutan,BTN,1995,0.064,0.131,0.166
Bhutan,BTN,1996,0.064,0.131,0.166
Bhutan,BTN,1997,0.064,0.131,0.166
Bhutan,BTN,1998,0.064,0.141,0.176
Bhutan,BTN,1999,0.088,0.148,0.179
Bhutan,BTN,2000,0.091,0.15,0.179
Bhutan,BTN,2001,0.093,0.152,0.179
Bhutan,BTN,2002,0.095,0.159,0.16
Bhutan,BTN,2003,0.096,0.158,0.155
Bhutan,BTN,2004,0.098,0.158,0.151
Bhutan,BTN,2005,0.099,0.158,0.151
Bhutan,BTN,2006,0.107,0.162,0.145
Bhutan,BTN,2007,0.133,0.169,0.145
Bhutan,BTN,2008,0.491,0.431,0.095
Bhutan,BTN,2009,0.587,0.498,0.093
Bhutan,BTN,2010,0.601,0.507,0.093
Bhutan,BTN,2011,0.601,0.508,0.093
Bhutan,BTN,2012,0.597,0.507,0.093
Bhutan,BTN,2013,0.573,0.482,0.097
Bhutan,BTN,2014,0.564,0.475,0.097
Bhutan,BTN,2015,0.568,0.479,0.097
Bhutan,BTN,2016,0.558,0.471,0.104
Bhutan,BTN,2017,0.571,0.48,0.104
Bhutan,BTN,2018,0.579,0.489,0.104
Bhutan,BTN,2019,0.598,0.517,0.104
Bhutan,BTN,2020,0.598,0.515,0.106
Bhutan,BTN,2021,0.574,0.482,0.115
Bhutan,BTN,2022,0.558,0.466,0.124
Bhutan,BTN,2023,0.532,0.447,0.124
Bhutan,BTN,2024,0.565,0.457,0.148
Burkina Faso,BFA,1960,0.299,0.187,0.438
Burkina Faso,BFA,1961,0.364,0.215,0.438
Burkina Faso,BFA,1962,0.364,0.213,0.438
Burkina Faso,BFA,1963,0.364,0.213,0.438
Burkina Faso,BFA,1964,0.364,0.213,0.438
Burkina Faso,BFA,1965,0.347,0.206,0.438
Burkina Faso,BFA,1966,0.186,0.126,0.578
Burkina Faso,BFA,1967,0.174,0.116,0.565
Burkina Faso,BFA,1968,0.174,0.116,0.565
Burkina Faso,BFA,1969,0.174,0.116,0.565
Burkina Faso,BFA,1970,0.181,0.127,0.547
Burkina Faso,BFA,1971,0.178,0.125,0.547
Burkina Faso,BFA,1972,0.178,0.151,0.421
Burkina Faso,BFA,1973,0.178,0.151,0.421
Burkina Faso,BFA,1974,0.178,0.126,0.421
Burkina Faso,BFA,1975,0.178,0.116,0.547
Burkina Faso,BFA,1976,0.178,0.116,0.547
Burkina Faso,BFA,1977,0.179,0.114,0.547
Burkina Faso,BFA,1978,0.234,0.149,0.528
Burkina Faso,BFA,1979,0.378,0.216,0.401
Burkina Faso,BFA,1980,0.316,0.185,0.382
Burkina Faso,BFA,1981,0.159,0.106,0.503
Burkina Faso,BFA,1982,0.159,0.106,0.503
Burkina Faso,BFA,1983,0.16,0.114,0.194
Burkina Faso,BFA,1984,0.158,0.112,0.194
Burkina Faso,BFA,1985,0.155,0.111,0.194
Burkina Faso,BFA,1986,0.155,0.113,0.194
Burkina Faso,BFA,1987,0.159,0.113,0.194
Burkina Faso,BFA,1988,0.159,0.101,0.654
Burkina Faso,BFA,1989,0.159,0.1,0.654
Burkina Faso,BFA,1990,0.167,0.102,0.714
Burkina Faso,BFA,1991,0.193,0.114,0.714
Burkina Faso,BFA,1992,0.415,0.212,0.645
Burkina Faso,BFA,1993,0.481,0.256,0.54
Burkina Faso,BFA,1994,0.481,0.256,0.54
Burkina Faso,BFA,1995,0.481,0.256,0.54
Burkina Faso,BFA,1996,0.484,0.256,0.54
Burkina Faso,BFA,1997,0.486,0.257,0.54
Burkina Faso,BFA,1998,0.492,0.262,0.54
Burkina Faso,BFA,1999,0.487,0.304,0.54
Burkina Faso,BFA,2000,0.516,0.324,0.515
Burkina Faso,BFA,2001,0.519,0.325,0.515
Burkina Faso,BFA,2002,0.517,0.325,0.515
Burkina Faso,BFA,2003,0.516,0.324,0.525
Burkina Faso,BFA,2004,0.516,0.324,0.525
Burkina Faso,BFA,2005,0.52,0.326,0.525
Burkina Faso,BFA,2006,0.542,0.34,0.525
Burkina Faso,BFA,2007,0.534,0.335,0.525
Burkina Faso,BFA,2008,0.531,0.333,0.525
Burkina Faso,BFA,2009,0.537,0.334,0.525
Burkina Faso,BFA,2010,0.559,0.351,0.516
Burkina Faso,BFA,2011,0.561,0.354,0.521
Burkina Faso,BFA,2012,0.571,0.358,0.527
Burkina Faso,BFA,2013,0.598,0.405,0.472
Burkina Faso,BFA,2014,0.569,0.417,0.43
Burkina Faso,BFA,2015,0.376,0.306,0.386
Burkina Faso,BFA,2016,0.683,0.504,0.392
Burkina Faso,BFA,2017,0.683,0.511,0.386
Burkina Faso,BFA,2018,0.666,0.485,0.397
Burkina Faso,BFA,2019,0.657,0.477,0.449
Burkina Faso,BFA,2020,0.662,0.486,0.449
Burkina Faso,BFA,2021,0.634,0.456,0.449
Burkina Faso,BFA,2022,0.275,0.224,0.433
Burkina Faso,BFA,2023,0.212,0.179,0.379
Burkina Faso,BFA,2024,0.154,0.126,0.384
Cambodia,KHM,1960,0.27,0.153,0.421
Cambodia,KHM,1961,0.27,0.153,0.421
Cambodia,KHM,1962,0.265,0.152,0.421
Cambodia,KHM,1963,0.263,0.151,0.421
Cambodia,KHM,1964,0.262,0.151,0.421
Cambodia,KHM,1965,0.262,0.151,0.421
Cambodia,KHM,1966,0.262,0.151,0.421
Cambodia,KHM,1967,0.262,0.15,0.421
Cambodia,KHM,1968,0.262,0.15,0.421
Cambodia,KHM,1969,0.262,0.15,0.421
Cambodia,KHM,1970,0.16,0.083,0.651
Cambodia,KHM,1971,0.137,0.068,0.55
Cambodia,KHM,1972,0.147,0.075,0.55
Cambodia,KHM,1973,0.163,0.086,0.608
Cambodia,KHM,1974,0.163,0.086,0.608
Cambodia,KHM,1975,0.067,0.006,0.14
Cambodia,KHM,1976,0.103,0.014,0.14
Cambodia,KHM,1977,0.13,0.018,0.14
Cambodia,KHM,1978,0.13,0.018,0.14
Cambodia,KHM,1979,0.069,0.012,0.171
Cambodia,KHM,1980,0.07,0.022,0.388
Cambodia,KHM,1981,0.089,0.024,0.388
Cambodia,KHM,1982,0.105,0.02,0.581
Cambodia,KHM,1983,0.105,0.021,0.581
Cambodia,KHM,1984,0.105,0.021,0.581
Cambodia,KHM,1985,0.105,0.021,0.581
Cambodia,KHM,1986,0.105,0.021,0.581
Cambodia,KHM,1987,0.105,0.021,0.581
Cambodia,KHM,1988,0.105,0.021,0.581
Cambodia,KHM,1989,0.105,0.021,0.589
Cambodia,KHM,1990,0.138,0.027,0.629
Cambodia,KHM,1991,0.139,0.028,0.629
Cambodia,KHM,1992,0.164,0.041,0.597
Cambodia,KHM,1993,0.318,0.104,0.875
Cambodia,KHM,1994,0.365,0.139,0.901
Cambodia,KHM,1995,0.365,0.14,0.901
Cambodia,KHM,1996,0.365,0.14,0.901
Cambodia,KHM,1997,0.365,0.137,0.901
Cambodia,KHM,1998,0.347,0.132,0.901
Cambodia,KHM,1999,0.321,0.125,0.901
Cambodia,KHM,2000,0.318,0.124,0.901
Cambodia,KHM,2001,0.317,0.126,0.901
Cambodia,KHM,2002,0.317,0.124,0.901
Cambodia,KHM,2003,0.321,0.126,0.901
Cambodia,KHM,2004,0.324,0.126,0.901
Cambodia,KHM,2005,0.32,0.123,0.901
Cambodia,KHM,2006,0.32,0.123,0.901
Cambodia,KHM,2007,0.319,0.123,0.901
Cambodia,KHM,2008,0.316,0.121,0.901
Cambodia,KHM,2009,0.308,0.118,0.901
Cambodia,KHM,2010,0.308,0.118,0.901
Cambodia,KHM,2011,0.308,0.118,0.901
Cambodia,KHM,2012,0.305,0.118,0.901
Cambodia,KHM,2013,0.297,0.114,0.895
Cambodia,KHM,2014,0.293,0.114,0.871
Cambodia,KHM,2015,0.291,0.115,0.871
Cambodia,KHM,2016,0.275,0.103,0.871
Cambodia,KHM,2017,0.234,0.078,0.894
Cambodia,KHM,2018,0.211,0.07,0.907
Cambodia,KHM,2019,0.194,0.066,0.91
Cambodia,KHM,2020,0.191,0.063,0.902
Cambodia,KHM,2021,0.19,0.059,0.904
Cambodia,KHM,2022,0.199,0.059,0.904
Cambodia,KHM,2023,0.189,0.052,0.904
Cambodia,KHM,2024,0.184,0.048,0.904
Indonesia,IDN,1960,0.241,0.109,0.783
Indonesia,IDN,1961,0.224,0.105,0.783
Indonesia,IDN,1962,0.224,0.105,0.783
Indonesia,IDN,1963,0.224,0.103,0.783
Indonesia,IDN,1964,0.224,0.103,0.783
Indonesia,IDN,1965,0.216,0.089,0.816
Indonesia,IDN,1966,0.195,0.075,0.848
Indonesia,IDN,1967,0.194,0.069,0.858
Indonesia,IDN,1968,0.194,0.066,0.858
Indonesia,IDN,1969,0.194,0.067,0.858
Indonesia,IDN,1970,0.189,0.06,0.866
Indonesia,IDN,1971,0.208,0.062,0.881
Indonesia,IDN,1972,0.233,0.068,0.881
Indonesia,IDN,1973,0.23,0.068,0.883
Indonesia,IDN,1974,0.225,0.07,0.883
Indonesia,IDN,1975,0.217,0.068,0.883
Indonesia,IDN,1976,0.217,0.068,0.883
Indonesia,IDN,1977,0.199,0.06,0.89
Indonesia,IDN,1978,0.193,0.06,0.914
Indonesia,IDN,1979,0.193,0.058,0.916
Indonesia,IDN,1980,0.193,0.058,0.916
Indonesia,IDN,1981,0.193,0.058,0.916
Indonesia,IDN,1982,0.192,0.058,0.935
Indonesia,IDN,1983,0.192,0.058,0.935
Indonesia,IDN,1984,0.192,0.058,0.935
Indonesia,IDN,1985,0.192,0.057,0.935
Indonesia,IDN,1986,0.192,0.057,0.935
Indonesia,IDN,1987,0.192,0.057,0.94
Indonesia,IDN,1988,0.192,0.056,0.94
Indonesia,IDN,1989,0.192,0.056,0.94
Indonesia,IDN,1990,0.192,0.057,0.94
Indonesia,IDN,1991,0.195,0.057,0.94
Indonesia,IDN,1992,0.194,0.052,0.94
Indonesia,IDN,1993,0.193,0.052,0.94
Indonesia,IDN,1994,0.193,0.052,0.94
Indonesia,IDN,1995,0.193,0.052,0.94
Indonesia,IDN,1996,0.193,0.051,0.94
Indonesia,IDN,1997,0.2,0.052,0.94
Indonesia,IDN,1998,0.286,0.117,0.846
Indonesia,IDN,1999,0.55,0.417,0.758
Indonesia,IDN,2000,0.666,0.505,0.759
Indonesia,IDN,2001,0.666,0.505,0.759
Indonesia,IDN,2002,0.666,0.512,0.759
Indonesia,IDN,2003,0.666,0.512,0.759
Indonesia,IDN,2004,0.689,0.528,0.754
Indonesia,IDN,2005,0.7,0.534,0.747
Indonesia,IDN,2006,0.696,0.534,0.745
Indonesia,IDN,2007,0.697,0.537,0.743
Indonesia,IDN,2008,0.707,0.545,0.749
Indonesia,IDN,2009,0.684,0.526,0.748
Indonesia,IDN,2010,0.686,0.539,0.747
Indonesia,IDN,2011,0.686,0.538,0.749
Indonesia,IDN,2012,0.685,0.534,0.75
Indonesia,IDN,2013,0.668,0.52,0.753
Indonesia,IDN,2014,0.658,0.512,0.756
Indonesia,IDN,2015,0.654,0.511,0.691
Indonesia,IDN,2016,0.639,0.496,0.698
Indonesia,IDN,2017,0.627,0.484,0.702
Indonesia,IDN,2018,0.599,0.463,0.73
Indonesia,IDN,2019,0.596,0.459,0.741
Indonesia,IDN,2020,0.566,0.411,0.762
Indonesia,IDN,2021,0.545,0.398,0.754
Indonesia,IDN,2022,0.561,0.39,0.736
Indonesia,IDN,2023,0.538,0.348,0.769
Indonesia,IDN,2024,0.496,0.332,0.767
Mozambique,MOZ,1960,0.026,0.021,0.341
Mozambique,MOZ,1961,0.026,0.02,0.341
Mozambique,MOZ,1962,0.027,0.02,0.341
Mozambique,MOZ,1963,0.027,0.02,0.341
Mozambique,MOZ,1964,0.027,0.02,0.341
Mozambique,MOZ,1965,0.027,0.02,0.341
Mozambique,MOZ,1966,0.027,0.02,0.341
Mozambique,MOZ,1967,0.027,0.02,0.341
Mozambique,MOZ,1968,0.027,0.02,0.341
Mozambique,MOZ,1969,0.027,0.02,0.341
Mozambique,MOZ,1970,0.027,0.021,0.341
Mozambique,MOZ,1971,0.027,0.021,0.341
Mozambique,MOZ,1972,0.027,0.02,0.341
Mozambique,MOZ,1973,0.05,0.034,0.341
Mozambique,MOZ,1974,0.034,0.03,0.324
Mozambique,MOZ,1975,0.024,0.049,0.192
Mozambique,MOZ,1976,0.08,0.052,0.186
Mozambique,MOZ,1977,0.08,0.049,0.183
Mozambique,MOZ,1978,0.08,0.049,0.183
Mozambique,MOZ,1979,0.08,0.049,0.183
Mozambique,MOZ,1980,0.08,0.048,0.183
Mozambique,MOZ,1981,0.08,0.048,0.183
Mozambique,MOZ,1982,0.08,0.048,0.183
Mozambique,MOZ,1983,0.08,0.048,0.183
Mozambique,MOZ,1984,0.08,0.048,0.183
Mozambique,MOZ,1985,0.08,0.048,0.183
Mozambique,MOZ,1986,0.08,0.048,0.183
Mozambique,MOZ,1987,0.081,0.05,0.22
Mozambique,MOZ,1988,0.081,0.051,0.22
Mozambique,MOZ,1989,0.081,0.051,0.22
Mozambique,MOZ,1990,0.123,0.111,0.393
Mozambique,MOZ,1991,0.16,0.132,0.401
Mozambique,MOZ,1992,0.183,0.138,0.401
Mozambique,MOZ,1993,0.22,0.154,0.401
Mozambique,MOZ,1994,0.246,0.199,0.44
Mozambique,MOZ,1995,0.463,0.305,0.506
Mozambique,MOZ,1996,0.457,0.304,0.506
Mozambique,MOZ,1997,0.457,0.301,0.506
Mozambique,MOZ,1998,0.46,0.302,0.506
Mozambique,MOZ,1999,0.453,0.298,0.506
Mozambique,MOZ,2000,0.419,0.297,0.519
Mozambique,MOZ,2001,0.419,0.297,0.519
Mozambique,MOZ,2002,0.419,0.294,0.519
Mozambique,MOZ,2003,0.422,0.299,0.519
Mozambique,MOZ,2004,0.425,0.296,0.519
Mozambique,MOZ,2005,0.463,0.312,0.519
Mozambique,MOZ,2006,0.464,0.313,0.519
Mozambique,MOZ,2007,0.464,0.313,0.519
Mozambique,MOZ,2008,0.456,0.309,0.519
Mozambique,MOZ,2009,0.453,0.307,0.519
Mozambique,MOZ,2010,0.425,0.293,0.519
Mozambique,MOZ,2011,0.427,0.296,0.519
Mozambique,MOZ,2012,0.427,0.296,0.519
Mozambique,MOZ,2013,0.437,0.301,0.504
Mozambique,MOZ,2014,0.43,0.299,0.504
Mozambique,MOZ,2015,0.437,0.299,0.499
Mozambique,MOZ,2016,0.433,0.292,0.496
Mozambique,MOZ,2017,0.408,0.275,0.52
Mozambique,MOZ,2018,0.4,0.264,0.535
Mozambique,MOZ,2019,0.397,0.255,0.542
Mozambique,MOZ,2020,0.364,0.238,0.539
Mozambique,MOZ,2021,0.367,0.244,0.57
Mozambique,MOZ,2022,0.366,0.24,0.602
Mozambique,MOZ,2023,0.351,0.224,0.637
Mozambique,MOZ,2024,0.31,0.189,0.698
Nepal,NPL,1960,0.199,0.116,0.802
Nepal,NPL,1961,0.101,0.057,0.806
Nepal,NPL,1962,0.092,0.05,0.803
Nepal,NPL,1963,0.092,0.08,0.84
Nepal,NPL,1964,0.092,0.081,0.84
Nepal,NPL,1965,0.092,0.082,0.84
Nepal,NPL,1966,0.092,0.082,0.84
Nepal,NPL,1967,0.092,0.082,0.84
Nepal,NPL,1968,0.092,0.082,0.84
Nepal,NPL,1969,0.092,0.082,0.84
Nepal,NPL,1970,0.092,0.083,0.849
Nepal,NPL,1971,0.094,0.083,0.849
Nepal,NPL,1972,0.094,0.079,0.849
Nepal,NPL,1973,0.094,0.08,0.849
Nepal,NPL,1974,0.094,0.08,0.849
Nepal,NPL,1975,0.094,0.079,0.849
Nepal,NPL,1976,0.094,0.08,0.849
Nepal,NPL,1977,0.094,0.08,0.849
Nepal,NPL,1978,0.094,0.079,0.849
Nepal,NPL,1979,0.094,0.079,0.849
Nepal,NPL,1980,0.098,0.101,0.849
Nepal,NPL,1981,0.106,0.102,0.842
Nepal,NPL,1982,0.11,0.103,0.842
Nepal,NPL,1983,0.11,0.103,0.842
Nepal,NPL,1984,0.11,0.103,0.842
Nepal,NPL,1985,0.11,0.103,0.842
Nepal,NPL,1986,0.112,0.103,0.842
Nepal,NPL,1987,0.112,0.103,0.842
Nepal,NPL,1988,0.112,0.103,0.842
Nepal,NPL,1989,0.112,0.103,0.842
Nepal,NPL,1990,0.258,0.217,0.839
Nepal,NPL,1991,0.383,0.309,0.826
Nepal,NPL,1992,0.407,0.321,0.826
Nepal,NPL,1993,0.407,0.326,0.826
Nepal,NPL,1994,0.407,0.326,0.826
Nepal,NPL,1995,0.405,0.318,0.826
Nepal,NPL,1996,0.398,0.312,0.826
Nepal,NPL,1997,0.395,0.311,0.826
Nepal,NPL,1998,0.395,0.31,0.826
Nepal,NPL,1999,0.388,0.307,0.808
Nepal,NPL,2000,0.36,0.291,0.826
Nepal,NPL,2001,0.352,0.283,0.817
Nepal,NPL,2002,0.271,0.221,0.817
Nepal,NPL,2003,0.224,0.145,0.774
Nepal,NPL,2004,0.224,0.145,0.774
Nepal,NPL,2005,0.222,0.149,0.774
Nepal,NPL,2006,0.23,0.21,0.758
Nepal,NPL,2007,0.274,0.277,0.755
Nepal,NPL,2008,0.478,0.413,0.727
Nepal,NPL,2009,0.56,0.471,0.723
Nepal,NPL,2010,0.554,0.465,0.723
Nepal,NPL,2011,0.556,0.472,0.716
Nepal,NPL,2012,0.39,0.31,0.725
Nepal,NPL,2013,0.28,0.191,0.72
Nepal,NPL,2014,0.625,0.501,0.719
Nepal,NPL,2015,0.643,0.534,0.647
Nepal,NPL,2016,0.665,0.557,0.659
Nepal,NPL,2017,0.66,0.553,0.653
Nepal,NPL,2018,0.633,0.523,0.627
Nepal,NPL,2019,0.606,0.484,0.66
Nepal,NPL,2020,0.598,0.477,0.672
Nepal,NPL,2021,0.609,0.491,0.65
Nepal,NPL,2022,0.631,0.501,0.613
Nepal,NPL,2023,0.685,0.528,0.593
Nepal,NPL,2024,0.669,0.52,0.622
Nicaragua,NIC,1960,0.172,0.034,0.942
Nicaragua,NIC,1961,0.173,0.034,0.942
Nicaragua,NIC,1962,0.174,0.034,0.942
Nicaragua,NIC,1963,0.174,0.034,0.942
Nicaragua,NIC,1964,0.175,0.034,0.942
Nicaragua,NIC,1965,0.175,0.034,0.942
Nicaragua,NIC,1966,0.174,0.034,0.942
Nicaragua,NIC,1967,0.176,0.034,0.942
Nicaragua,NIC,1968,0.175,0.034,0.942
Nicaragua,NIC,1969,0.175,0.034,0.942
Nicaragua,NIC,1970,0.175,0.036,0.942
Nicaragua,NIC,1971,0.175,0.034,0.942
Nicaragua,NIC,1972,0.161,0.031,0.942
Nicaragua,NIC,1973,0.171,0.034,0.942
Nicaragua,NIC,1974,0.172,0.034,0.942
Nicaragua,NIC,1975,0.174,0.034,0.942
Nicaragua,NIC,1976,0.174,0.034,0.942
Nicaragua,NIC,1977,0.172,0.034,0.942
Nicaragua,NIC,1978,0.172,0.034,0.942
Nicaragua,NIC,1979,0.147,0.024,0.846
Nicaragua,NIC,1980,0.182,0.082,0.548
Nicaragua,NIC,1981,0.187,0.083,0.548
Nicaragua,NIC,1982,0.17,0.069,0.548
Nicaragua,NIC,1983,0.177,0.07,0.548
Nicaragua,NIC,1984,0.198,0.09,0.562
Nicaragua,NIC,1985,0.362,0.167,0.573
Nicaragua,NIC,1986,0.365,0.159,0.625
Nicaragua,NIC,1987,0.364,0.157,0.668
Nicaragua,NIC,1988,0.382,0.17,0.69
Nicaragua,NIC,1989,0.401,0.178,0.69
Nicaragua,NIC,1990,0.631,0.414,0.57
Nicaragua,NIC,1991,0.688,0.471,0.566
Nicaragua,NIC,1992,0.688,0.478,0.557
Nicaragua,NIC,1993,0.691,0.482,0.557
Nicaragua,NIC,1994,0.69,0.484,0.557
Nicaragua,NIC,1995,0.689,0.485,0.537
Nicaragua,NIC,1996,0.676,0.45,0.658
Nicaragua,NIC,1997,0.632,0.409,0.805
Nicaragua,NIC,1998,0.632,0.409,0.805
Nicaragua,NIC,1999,0.597,0.383,0.805
Nicaragua,NIC,2000,0.586,0.378,0.805
Nicaragua,NIC,2001,0.588,0.373,0.733
Nicaragua,NIC,2002,0.601,0.377,0.733
Nicaragua,NIC,2003,0.591,0.371,0.733
Nicaragua,NIC,2004,0.591,0.372,0.753
Nicaragua,NIC,2005,0.591,0.372,0.753
Nicaragua,NIC,2006,0.563,0.322,0.758
Nicaragua,NIC,2007,0.457,0.216,0.849
Nicaragua,NIC,2008,0.445,0.203,0.845
Nicaragua,NIC,2009,0.441,0.197,0.845
Nicaragua,NIC,2010,0.436,0.192,0.839
Nicaragua,NIC,2011,0.425,0.188,0.839
Nicaragua,NIC,2012,0.371,0.156,0.839
Nicaragua,NIC,2013,0.319,0.125,0.862
Nicaragua,NIC,2014,0.319,0.126,0.865
Nicaragua,NIC,2015,0.318,0.124,0.873
Nicaragua,NIC,2016,0.305,0.12,0.873
Nicaragua,NIC,2017,0.281,0.103,0.878
Nicaragua,NIC,2018,0.221,0.051,0.896
Nicaragua,NIC,2019,0.215,0.046,0.901
Nicaragua,NIC,2020,0.215,0.045,0.938
Nicaragua,NIC,2021,0.195,0.034,0.932
Nicaragua,NIC,2022,0.158,0.027,0.937
Nicaragua,NIC,2023,0.158,0.021,0.908
Nicaragua,NIC,2024,0.151,0.02,0.942
Niger,NER,1960,0.142,0.118,0.687
Niger,NER,1961,0.199,0.133,0.687
Niger,NER,1962,0.196,0.132,0.687
Niger,NER,1963,0.198,0.132,0.687
Niger,NER,1964,0.198,0.132,0.687
Niger,NER,1965,0.195,0.131,0.687
Niger,NER,1966,0.186,0.128,0.687
Niger,NER,1967,0.186,0.128,0.687
Niger,NER,1968,0.186,0.128,0.687
Niger,NER,1969,0.186,0.128,0.687
Niger,NER,1970,0.187,0.127,0.687
Niger,NER,1971,0.185,0.126,0.687
Niger,NER,1972,0.185,0.126,0.687
Niger,NER,1973,0.187,0.127,0.687
Niger,NER,1974,0.115,0.104,0.244
Niger,NER,1975,0.089,0.085,0.227
Niger,NER,1976,0.089,0.085,0.227
Niger,NER,1977,0.089,0.086,0.227
Niger,NER,1978,0.089,0.085,0.227
Niger,NER,1979,0.089,0.085,0.227
Niger,NER,1980,0.09,0.086,0.303
Niger,NER,1981,0.09,0.086,0.303
Niger,NER,1982,0.09,0.086,0.303
Niger,NER,1983,0.09,0.086,0.303
Niger,NER,1984,0.09,0.086,0.303
Niger,NER,1985,0.09,0.086,0.303
Niger,NER,1986,0.09,0.086,0.303
Niger,NER,1987,0.093,0.091,0.606
Niger,NER,1988,0.112,0.101,0.692
Niger,NER,1989,0.153,0.12,0.685
Niger,NER,1990,0.35,0.217,0.517
Niger,NER,1991,0.385,0.254,0.473
Niger,NER,1992,0.334,0.235,0.496
Niger,NER,1993,0.528,0.399,0.548
Niger,NER,1994,0.541,0.407,0.548
Niger,NER,1995,0.532,0.404,0.548
Niger,NER,1996,0.292,0.182,0.622
Niger,NER,1997,0.385,0.228,0.616
Niger,NER,1998,0.385,0.228,0.616
Niger,NER,1999,0.255,0.173,0.492
Niger,NER,2000,0.546,0.407,0.586
Niger,NER,2001,0.543,0.407,0.586
Niger,NER,2002,0.543,0.407,0.586
Niger,NER,2003,0.543,0.407,0.586
Niger,NER,2004,0.547,0.409,0.586
Niger,NER,2005,0.573,0.425,0.586
Niger,NER,2006,0.578,0.426,0.586
Niger,NER,2007,0.578,0.427,0.586
Niger,NER,2008,0.576,0.421,0.586
Niger,NER,2009,0.421,0.275,0.73
Niger,NER,2010,0.265,0.185,0.611
Niger,NER,2011,0.541,0.39,0.583
Niger,NER,2012,0.624,0.482,0.54
Niger,NER,2013,0.629,0.501,0.532
Niger,NER,2014,0.633,0.502,0.532
Niger,NER,2015,0.622,0.493,0.532
Niger,NER,2016,0.573,0.459,0.532
Niger,NER,2017,0.542,0.426,0.531
Niger,NER,2018,0.53,0.405,0.531
Niger,NER,2019,0.528,0.401,0.556
Niger,NER,2020,0.544,0.401,0.568
Niger,NER,2021,0.523,0.401,0.565
Niger,NER,2022,0.504,0.387,0.575
Niger,NER,2023,0.388,0.285,0.482
Niger,NER,2024,0.237,0.182,0.57
Zambia,ZMB,1960,0.115,0.109,0.038
Zambia,ZMB,1961,0.118,0.11,0.038
Zambia,ZMB,1962,0.125,0.111,0.038
Zambia,ZMB,1963,0.137,0.117,0.038
Zambia,ZMB,1964,0.227,0.168,0.17
Zambia,ZMB,1965,0.306,0.211,0.168
Zambia,ZMB,1966,0.307,0.211,0.168
Zambia,ZMB,1967,0.307,0.212,0.168
Zambia,ZMB,1968,0.306,0.214,0.168
Zambia,ZMB,1969,0.286,0.206,0.168
Zambia,ZMB,1970,0.283,0.204,0.168
Zambia,ZMB,1971,0.258,0.195,0.168
Zambia,ZMB,1972,0.254,0.194,0.168
Zambia,ZMB,1973,0.209,0.159,0.177
Zambia,ZMB,1974,0.194,0.147,0.21
Zambia,ZMB,1975,0.194,0.147,0.21
Zambia,ZMB,1976,0.193,0.147,0.21
Zambia,ZMB,1977,0.193,0.147,0.21
Zambia,ZMB,1978,0.193,0.147,0.21
Zambia,ZMB,1979,0.192,0.147,0.21
Zambia,ZMB,1980,0.192,0.147,0.21
Zambia,ZMB,1981,0.192,0.147,0.21
Zambia,ZMB,1982,0.192,0.147,0.21
Zambia,ZMB,1983,0.192,0.147,0.21
Zambia,ZMB,1984,0.192,0.148,0.21
Zambia,ZMB,1985,0.192,0.148,0.21
Zambia,ZMB,1986,0.192,0.148,0.21
Zambia,ZMB,1987,0.192,0.148,0.21
Zambia,ZMB,1988,0.192,0.148,0.21
Zambia,ZMB,1989,0.193,0.149,0.21
Zambia,ZMB,1990,0.217,0.161,0.224
Zambia,ZMB,1991,0.287,0.248,0.45
Zambia,ZMB,1992,0.439,0.344,0.584
Zambia,ZMB,1993,0.447,0.355,0.584
Zambia,ZMB,1994,0.482,0.377,0.584
Zambia,ZMB,1995,0.482,0.377,0.584
Zambia,ZMB,1996,0.49,0.384,0.584
Zambia,ZMB,1997,0.478,0.374,0.584
Zambia,ZMB,1998,0.478,0.374,0.575
Zambia,ZMB,1999,0.478,0.374,0.49
Zambia,ZMB,2000,0.486,0.38,0.49
Zambia,ZMB,2001,0.489,0.394,0.454
Zambia,ZMB,2002,0.484,0.405,0.263
Zambia,ZMB,2003,0.484,0.405,0.263
Zambia,ZMB,2004,0.484,0.405,0.263
Zambia,ZMB,2005,0.498,0.419,0.203
Zambia,ZMB,2006,0.498,0.418,0.203
Zambia,ZMB,2007,0.5,0.42,0.198
Zambia,ZMB,2008,0.51,0.424,0.341
Zambia,ZMB,2009,0.517,0.426,0.378
Zambia,ZMB,2010,0.514,0.427,0.349
Zambia,ZMB,2011,0.503,0.42,0.308
Zambia,ZMB,2012,0.503,0.421,0.205
Zambia,ZMB,2013,0.485,0.391,0.256
Zambia,ZMB,2014,0.478,0.388,0.256
Zambia,ZMB,2015,0.458,0.371,0.294
Zambia,ZMB,2016,0.397,0.328,0.319
Zambia,ZMB,2017,0.36,0.294,0.367
Zambia,ZMB,2018,0.37,0.294,0.437
Zambia,ZMB,2019,0.358,0.301,0.537
Zambia,ZMB,2020,0.353,0.292,0.435
Zambia,ZMB,2021,0.421,0.339,0.464
Zambia,ZMB,2022,0.52,0.436,0.375
Zambia,ZMB,2023,0.525,0.427,0.32
Zambia,ZMB,2024,0.512,0.39,0.351
Zimbabwe,ZWE,1960,0.233,0.174,0.183
Zimbabwe,ZWE,1961,0.233,0.174,0.183
Zimbabwe,ZWE,1962,0.233,0.174,0.183
Zimbabwe,ZWE,1963,0.228,0.172,0.183
Zimbabwe,ZWE,1964,0.213,0.143,0.183
Zimbabwe,ZWE,1965,0.204,0.126,0.234
Zimbabwe,ZWE,1966,0.197,0.124,0.234
Zimbabwe,ZWE,1967,0.197,0.124,0.234
Zimbabwe,ZWE,1968,0.197,0.124,0.234
Zimbabwe,ZWE,1969,0.197,0.121,0.234
Zimbabwe,ZWE,1970,0.197,0.121,0.234
Zimbabwe,ZWE,1971,0.193,0.12,0.234
Zimbabwe,ZWE,1972,0.193,0.12,0.234
Zimbabwe,ZWE,1973,0.193,0.12,0.234
Zimbabwe,ZWE,1974,0.194,0.12,0.234
Zimbabwe,ZWE,1975,0.194,0.121,0.234
Zimbabwe,ZWE,1976,0.194,0.121,0.234
Zimbabwe,ZWE,1977,0.193,0.121,0.234
Zimbabwe,ZWE,1978,0.056,0.094,0.234
Zimbabwe,ZWE,1979,0.165,0.114,0.234
Zimbabwe,ZWE,1980,0.303,0.215,0.466
Zimbabwe,ZWE,1981,0.33,0.229,0.466
Zimbabwe,ZWE,1982,0.327,0.228,0.466
Zimbabwe,ZWE,1983,0.327,0.228,0.466
Zimbabwe,ZWE,1984,0.32,0.226,0.466
Zimbabwe,ZWE,1985,0.313,0.224,0.466
Zimbabwe,ZWE,1986,0.311,0.222,0.466
Zimbabwe,ZWE,1987,0.217,0.185,0.466
Zimbabwe,ZWE,1988,0.306,0.221,0.466
Zimbabwe,ZWE,1989,0.309,0.222,0.466
Zimbabwe,ZWE,1990,0.303,0.222,0.506
Zimbabwe,ZWE,1991,0.31,0.225,0.524
Zimbabwe,ZWE,1992,0.31,0.225,0.524
Zimbabwe,ZWE,1993,0.31,0.225,0.524
Zimbabwe,ZWE,1994,0.31,0.225,0.524
Zimbabwe,ZWE,1995,0.31,0.225,0.524
Zimbabwe,ZWE,1996,0.313,0.228,0.524
Zimbabwe,ZWE,1997,0.309,0.229,0.524
Zimbabwe,ZWE,1998,0.308,0.226,0.583
Zimbabwe,ZWE,1999,0.31,0.228,0.583
Zimbabwe,ZWE,2000,0.284,0.187,0.787
Zimbabwe,ZWE,2001,0.267,0.164,0.787
Zimbabwe,ZWE,2002,0.268,0.167,0.787
Zimbabwe,ZWE,2003,0.269,0.157,0.811
Zimbabwe,ZWE,2004,0.259,0.154,0.811
Zimbabwe,ZWE,2005,0.258,0.153,0.811
Zimbabwe,ZWE,2006,0.255,0.152,0.811
Zimbabwe,ZWE,2007,0.255,0.152,0.811
Zimbabwe,ZWE,2008,0.251,0.149,0.811
Zimbabwe,ZWE,2009,0.254,0.179,0.8
Zimbabwe,ZWE,2010,0.265,0.2,0.786
Zimbabwe,ZWE,2011,0.266,0.201,0.786
Zimbabwe,ZWE,2012,0.266,0.202,0.785
Zimbabwe,ZWE,2013,0.289,0.209,0.744
Zimbabwe,ZWE,2014,0.303,0.213,0.744
Zimbabwe,ZWE,2015,0.302,0.212,0.744
Zimbabwe,ZWE,2016,0.297,0.203,0.767
Zimbabwe,ZWE,2017,0.3,0.225,0.744
Zimbabwe,ZWE,2018,0.313,0.216,0.771
Zimbabwe,ZWE,2019,0.304,0.202,0.771
Zimbabwe,ZWE,2020,0.299,0.192,0.799
Zimbabwe,ZWE,2021,0.297,0.194,0.828
Zimbabwe,ZWE,2022,0.292,0.186,0.816
Zimbabwe,ZWE,2023,0.296,0.175,0.867
Zimbabwe,ZWE,2024,0.272,0.156,0.824
Guinea,GIN,1960,0.182,0.047,0.624
Guinea,GIN,1961,0.155,0.04,0.649
Guinea,GIN,1962,0.155,0.04,0.618
Guinea,GIN,1963,0.149,0.038,0.618
Guinea,GIN,1964,0.147,0.038,0.618
Guinea,GIN,1965,0.145,0.037,0.609
Guinea,GIN,1966,0.145,0.037,0.609
Guinea,GIN,1967,0.143,0.037,0.609
Guinea,GIN,1968,0.143,0.037,0.609
Guinea,GIN,1969,0.143,0.036,0.609
Guinea,GIN,1970,0.143,0.035,0.609
Guinea,GIN,1971,0.143,0.035,0.609
Guinea,GIN,1972,0.143,0.035,0.609
Guinea,GIN,1973,0.143,0.035,0.609
Guinea,GIN,1974,0.143,0.035,0.609
Guinea,GIN,1975,0.143,0.036,0.609
Guinea,GIN,1976,0.143,0.036,0.609
Guinea,GIN,1977,0.143,0.036,0.609
Guinea,GIN,1978,0.143,0.036,0.609
Guinea,GIN,1979,0.143,0.036,0.609
Guinea,GIN,1980,0.142,0.036,0.609
Guinea,GIN,1981,0.142,0.036,0.609
Guinea,GIN,1982,0.143,0.037,0.609
Guinea,GIN,1983,0.143,0.037,0.609
Guinea,GIN,1984,0.092,0.031,0.629
Guinea,GIN,1985,0.096,0.04,0.86
Guinea,GIN,1986,0.096,0.04,0.911
Guinea,GIN,1987,0.098,0.039,0.911
Guinea,GIN,1988,0.098,0.039,0.911
Guinea,GIN,1989,0.101,0.039,0.911
Guinea,GIN,1990,0.117,0.047,0.911
Guinea,GIN,1991,0.142,0.074,0.819
Guinea,GIN,1992,0.163,0.079,0.819
Guinea,GIN,1993,0.166,0.081,0.819
Guinea,GIN,1994,0.185,0.085,0.846
Guinea,GIN,1995,0.255,0.102,0.853
Guinea,GIN,1996,0.259,0.109,0.923
Guinea,GIN,1997,0.262,0.107,0.923
Guinea,GIN,1998,0.259,0.108,0.923
Guinea,GIN,1999,0.265,0.11,0.923
Guinea,GIN,2000,0.272,0.11,0.923
Guinea,GIN,2001,0.277,0.111,0.923
Guinea,GIN,2002,0.273,0.11,0.923
Guinea,GIN,2003,0.277,0.117,0.923
Guinea,GIN,2004,0.274,0.116,0.923
Guinea,GIN,2005,0.274,0.117,0.923
Guinea,GIN,2006,0.271,0.118,0.923
Guinea,GIN,2007,0.271,0.123,0.923
Guinea,GIN,2008,0.271,0.096,0.923
Guinea,GIN,2009,0.177,0.056,0.945
Guinea,GIN,2010,0.236,0.092,0.941
Guinea,GIN,2011,0.318,0.115,0.908
Guinea,GIN,2012,0.318,0.115,0.903
Guinea,GIN,2013,0.322,0.117,0.867
Guinea,GIN,2014,0.375,0.161,0.867
Guinea,GIN,2015,0.375,0.161,0.869
Guinea,GIN,2016,0.377,0.166,0.869
Guinea,GIN,2017,0.369,0.161,0.873
Guinea,GIN,2018,0.373,0.158,0.888
Guinea,GIN,2019,0.36,0.141,0.89
Guinea,GIN,2020,0.295,0.113,0.851
Guinea,GIN,2021,0.258,0.098,0.851
Guinea,GIN,2022,0.172,0.082,0.851
Guinea,GIN,2023,0.169,0.079,0.852
Guinea,GIN,2024,0.159,0.075,0.862
Ivory Coast,CIV,1960,0.143,0.131,0.721
Ivory Coast,CIV,1961,0.187,0.142,0.721
Ivory Coast,CIV,1962,0.187,0.143,0.721
Ivory Coast,CIV,1963,0.187,0.143,0.721
Ivory Coast,CIV,1964,0.187,0.143,0.721
Ivory Coast,CIV,1965,0.185,0.143,0.721
Ivory Coast,CIV,1966,0.175,0.14,0.721
Ivory Coast,CIV,1967,0.175,0.14,0.721
Ivory Coast,CIV,1968,0.175,0.14,0.721
Ivory Coast,CIV,1969,0.175,0.14,0.721
Ivory Coast,CIV,1970,0.176,0.141,0.708
Ivory Coast,CIV,1971,0.172,0.14,0.708
Ivory Coast,CIV,1972,0.172,0.14,0.708
Ivory Coast,CIV,1973,0.172,0.14,0.708
Ivory Coast,CIV,1974,0.172,0.14,0.708
Ivory Coast,CIV,1975,0.172,0.14,0.708
Ivory Coast,CIV,1976,0.172,0.14,0.708
Ivory Coast,CIV,1977,0.172,0.14,0.708
Ivory Coast,CIV,1978,0.172,0.14,0.708
Ivory Coast,CIV,1979,0.172,0.14,0.708
Ivory Coast,CIV,1980,0.173,0.14,0.708
Ivory Coast,CIV,1981,0.172,0.141,0.708
Ivory Coast,CIV,1982,0.172,0.141,0.708
Ivory Coast,CIV,1983,0.172,0.141,0.708
Ivory Coast,CIV,1984,0.172,0.141,0.708
Ivory Coast,CIV,1985,0.174,0.141,0.708
Ivory Coast,CIV,1986,0.175,0.141,0.708
Ivory Coast,CIV,1987,0.175,0.141,0.708
Ivory Coast,CIV,1988,0.176,0.141,0.708
Ivory Coast,CIV,1989,0.176,0.141,0.708
Ivory Coast,CIV,1990,0.306,0.188,0.616
Ivory Coast,CIV,1991,0.306,0.191,0.589
Ivory Coast,CIV,1992,0.306,0.192,0.589
Ivory Coast,CIV,1993,0.329,0.204,0.589
Ivory Coast,CIV,1994,0.356,0.218,0.622
Ivory Coast,CIV,1995,0.263,0.179,0.622
Ivory Coast,CIV,1996,0.397,0.239,0.622
Ivory Coast,CIV,1997,0.396,0.239,0.622
Ivory Coast,CIV,1998,0.392,0.241,0.622
Ivory Coast,CIV,1999,0.389,0.244,0.627
Ivory Coast,CIV,2000,0.274,0.174,0.65
Ivory Coast,CIV,2001,0.447,0.286,0.62
Ivory Coast,CIV,2002,0.446,0.285,0.658
Ivory Coast,CIV,2003,0.439,0.283,0.638
Ivory Coast,CIV,2004,0.446,0.285,0.638
Ivory Coast,CIV,2005,0.434,0.28,0.638
Ivory Coast,CIV,2006,0.434,0.281,0.638
Ivory Coast,CIV,2007,0.435,0.283,0.638
Ivory Coast,CIV,2008,0.436,0.282,0.638
Ivory Coast,CIV,2009,0.435,0.28,0.636
Ivory Coast,CIV,2010,0.446,0.284,0.629
Ivory Coast,CIV,2011,0.427,0.275,0.583
Ivory Coast,CIV,2012,0.461,0.303,0.565
Ivory Coast,CIV,2013,0.465,0.295,0.505
Ivory Coast,CIV,2014,0.463,0.299,0.505
Ivory Coast,CIV,2015,0.473,0.304,0.507
Ivory Coast,CIV,2016,0.529,0.335,0.507
Ivory Coast,CIV,2017,0.539,0.326,0.518
Ivory Coast,CIV,2018,0.54,0.326,0.518
Ivory Coast,CIV,2019,0.534,0.314,0.554
Ivory Coast,CIV,2020,0.499,0.261,0.595
Ivory Coast,CIV,2021,0.435,0.233,0.598
Ivory Coast,CIV,2022,0.443,0.236,0.588
Ivory Coast,CIV,2023,0.445,0.24,0.588
Ivory Coast,CIV,2024,0.429,0.248,0.599
Mauritania,MRT,1960,0.24,0.145,0.488
Mauritania,MRT,1961,0.194,0.107,0.594
Mauritania,MRT,1962,0.228,0.121,0.594
Mauritania,MRT,1963,0.228,0.121,0.594
Mauritania,MRT,1964,0.228,0.121,0.594
Mauritania,MRT,1965,0.216,0.118,0.594
Mauritania,MRT,1966,0.208,0.116,0.594
Mauritania,MRT,1967,0.208,0.115,0.594
Mauritania,MRT,1968,0.208,0.115,0.594
Mauritania,MRT,1969,0.208,0.115,0.594
Mauritania,MRT,1970,0.209,0.117,0.594
Mauritania,MRT,1971,0.209,0.117,0.594
Mauritania,MRT,1972,0.209,0.118,0.594
Mauritania,MRT,1973,0.209,0.117,0.594
Mauritania,MRT,1974,0.209,0.117,0.594
Mauritania,MRT,1975,0.209,0.117,0.594
Mauritania,MRT,1976,0.208,0.117,0.594
Mauritania,MRT,1977,0.208,0.117,0.594
Mauritania,MRT,1978,0.146,0.088,0.74
Mauritania,MRT,1979,0.094,0.043,0.713
Mauritania,MRT,1980,0.094,0.043,0.713
Mauritania,MRT,1981,0.094,0.044,0.713
Mauritania,MRT,1982,0.094,0.041,0.713
Mauritania,MRT,1983,0.094,0.041,0.713
Mauritania,MRT,1984,0.1,0.042,0.713
Mauritania,MRT,1985,0.1,0.043,0.859
Mauritania,MRT,1986,0.1,0.043,0.859
Mauritania,MRT,1987,0.107,0.045,0.859
Mauritania,MRT,1988,0.107,0.045,0.859
Mauritania,MRT,1989,0.111,0.044,0.859
Mauritania,MRT,1990,0.114,0.045,0.859
Mauritania,MRT,1991,0.13,0.049,0.859
Mauritania,MRT,1992,0.272,0.107,0.861
Mauritania,MRT,1993,0.301,0.121,0.861
Mauritania,MRT,1994,0.307,0.124,0.861
Mauritania,MRT,1995,0.311,0.124,0.861
Mauritania,MRT,1996,0.308,0.135,0.861
Mauritania,MRT,1997,0.3,0.132,0.861
Mauritania,MRT,1998,0.302,0.133,0.861
Mauritania,MRT,1999,0.302,0.133,0.861
Mauritania,MRT,2000,0.308,0.138,0.861
Mauritania,MRT,2001,0.315,0.14,0.861
Mauritania,MRT,2002,0.318,0.143,0.861
Mauritania,MRT,2003,0.313,0.14,0.861
Mauritania,MRT,2004,0.319,0.146,0.861
Mauritania,MRT,2005,0.29,0.12,0.875
Mauritania,MRT,2006,0.25,0.122,0.817
Mauritania,MRT,2007,0.45,0.237,0.831
Mauritania,MRT,2008,0.4,0.208,0.842
Mauritania,MRT,2009,0.364,0.192,0.844
Mauritania,MRT,2010,0.468,0.228,0.844
Mauritania,MRT,2011,0.468,0.228,0.844
Mauritania,MRT,2012,0.471,0.23,0.844
Mauritania,MRT,2013,0.416,0.174,0.859
Mauritania,MRT,2014,0.422,0.175,0.859
Mauritania,MRT,2015,0.431,0.178,0.859
Mauritania,MRT,2016,0.431,0.178,0.859
Mauritania,MRT,2017,0.389,0.157,0.868
Mauritania,MRT,2018,0.391,0.172,0.886
Mauritania,MRT,2019,0.407,0.186,0.788
Mauritania,MRT,2020,0.389,0.206,0.843
Mauritania,MRT,2021,0.391,0.195,0.864
Mauritania,MRT,2022,0.396,0.195,0.832
Mauritania,MRT,2023,0.368,0.183,0.852
Mauritania,MRT,2024,0.337,0.136,0.853
Canada,CAN,1960,0.776,0.688,0.05
Canada,CAN,1961,0.8,0.71,0.05
Canada,CAN,1962,0.81,0.721,0.05
Canada,CAN,1963,0.816,0.733,0.05
Canada,CAN,1964,0.816,0.733,0.05
Canada,CAN,1965,0.816,0.732,0.05
Canada,CAN,1966,0.817,0.734,0.05
Canada,CAN,1967,0.817,0.734,0.037
Canada,CAN,1968,0.814,0.729,0.037
Canada,CAN,1969,0.812,0.726,0.039
Canada,CAN,1970,0.82,0.735,0.043
Canada,CAN,1971,0.827,0.743,0.043
Canada,CAN,1972,0.828,0.744,0.043
Canada,CAN,1973,0.832,0.75,0.043
Canada,CAN,1974,0.823,0.741,0.043
Canada,CAN,1975,0.823,0.74,0.043
Canada,CAN,1976,0.823,0.741,0.043
Canada,CAN,1977,0.823,0.741,0.043
Canada,CAN,1978,0.823,0.741,0.043
Canada,CAN,1979,0.828,0.746,0.043
Canada,CAN,1980,0.829,0.747,0.04
Canada,CAN,1981,0.829,0.748,0.04
Canada,CAN,1982,0.828,0.747,0.04
Canada,CAN,1983,0.828,0.751,0.04
Canada,CAN,1984,0.834,0.757,0.04
Canada,CAN,1985,0.835,0.757,0.037
Canada,CAN,1986,0.835,0.757,0.037
Canada,CAN,1987,0.835,0.757,0.033
Canada,CAN,1988,0.835,0.757,0.033
Canada,CAN,1989,0.833,0.746,0.033
Canada,CAN,1990,0.833,0.754,0.033
Canada,CAN,1991,0.833,0.754,0.033
Canada,CAN,1992,0.831,0.75,0.033
Canada,CAN,1993,0.832,0.752,0.033
Canada,CAN,1994,0.842,0.762,0.035
Canada,CAN,1995,0.842,0.762,0.035
Canada,CAN,1996,0.846,0.765,0.035
Canada,CAN,1997,0.84,0.76,0.035
Canada,CAN,1998,0.836,0.756,0.035
Canada,CAN,1999,0.836,0.756,0.035
Canada,CAN,2000,0.836,0.756,0.035
Canada,CAN,2001,0.832,0.752,0.035
Canada,CAN,2002,0.825,0.746,0.035
Canada,CAN,2003,0.825,0.746,0.035
Canada,CAN,2004,0.825,0.751,0.035
Canada,CAN,2005,0.824,0.751,0.035
Canada,CAN,2006,0.83,0.757,0.035
Canada,CAN,2007,0.832,0.759,0.032
Canada,CAN,2008,0.827,0.753,0.033
Canada,CAN,2009,0.826,0.753,0.033
Canada,CAN,2010,0.826,0.755,0.03
Canada,CAN,2011,0.811,0.74,0.03
Canada,CAN,2012,0.81,0.738,0.03
Canada,CAN,2013,0.817,0.742,0.022
Canada,CAN,2014,0.814,0.742,0.022
Canada,CAN,2015,0.807,0.735,0.021
Canada,CAN,2016,0.834,0.762,0.021
Canada,CAN,2017,0.839,0.769,0.021
Canada,CAN,2018,0.84,0.763,0.021
Canada,CAN,2019,0.85,0.763,0.023
Canada,CAN,2020,0.849,0.745,0.03
Canada,CAN,2021,0.843,0.749,0.03
Canada,CAN,2022,0.848,0.745,0.03
Canada,CAN,2023,0.847,0.742,0.03
Canada,CAN,2024,0.841,0.744,0.03
Australia,AUS,1960,0.834,0.775,0.047
Australia,AUS,1961,0.834,0.775,0.047
Australia,AUS,1962,0.837,0.778,0.047
Australia,AUS,1963,0.845,0.787,0.047
Australia,AUS,1964,0.842,0.784,0.047
Australia,AUS,1965,0.842,0.784,0.047
Australia,AUS,1966,0.842,0.784,0.047
Australia,AUS,1967,0.847,0.788,0.047
Australia,AUS,1968,0.847,0.79,0.047
Australia,AUS,1969,0.846,0.79,0.047
Australia,AUS,1970,0.86,0.806,0.047
Australia,AUS,1971,0.86,0.806,0.047
Australia,AUS,1972,0.861,0.805,0.047
Australia,AUS,1973,0.873,0.82,0.047
Australia,AUS,1974,0.87,0.815,0.047
Australia,AUS,1975,0.868,0.814,0.047
Australia,AUS,1976,0.862,0.813,0.047
Australia,AUS,1977,0.862,0.813,0.047
Australia,AUS,1978,0.863,0.815,0.047
Australia,AUS,1979,0.863,0.815,0.047
Australia,AUS,1980,0.871,0.829,0.035
Australia,AUS,1981,0.877,0.835,0.035
Australia,AUS,1982,0.877,0.835,0.035
Australia,AUS,1983,0.877,0.834,0.035
Australia,AUS,1984,0.884,0.842,0.035
Australia,AUS,1985,0.886,0.844,0.035
Australia,AUS,1986,0.886,0.844,0.035
Australia,AUS,1987,0.885,0.844,0.035
Australia,AUS,1988,0.885,0.844,0.035
Australia,AUS,1989,0.885,0.844,0.035
Australia,AUS,1990,0.892,0.851,0.035
Australia,AUS,1991,0.892,0.851,0.035
Australia,AUS,1992,0.892,0.851,0.035
Australia,AUS,1993,0.89,0.849,0.035
Australia,AUS,1994,0.889,0.848,0.035
Australia,AUS,1995,0.889,0.848,0.035
Australia,AUS,1996,0.891,0.849,0.035
Australia,AUS,1997,0.882,0.841,0.035
Australia,AUS,1998,0.882,0.841,0.035
Australia,AUS,1999,0.883,0.842,0.035
Australia,AUS,2000,0.888,0.847,0.035
Australia,AUS,2001,0.885,0.844,0.035
Australia,AUS,2002,0.879,0.838,0.035
Australia,AUS,2003,0.879,0.838,0.035
Australia,AUS,2004,0.879,0.838,0.035
Australia,AUS,2005,0.878,0.838,0.035
Australia,AUS,2006,0.878,0.838,0.035
Australia,AUS,2007,0.88,0.839,0.035
Australia,AUS,2008,0.889,0.849,0.035
Australia,AUS,2009,0.889,0.849,0.035
Australia,AUS,2010,0.896,0.856,0.035
Australia,AUS,2011,0.896,0.857,0.035
Australia,AUS,2012,0.896,0.858,0.035
Australia,AUS,2013,0.862,0.821,0.04
Australia,AUS,2014,0.855,0.815,0.039
Australia,AUS,2015,0.865,0.825,0.039
Australia,AUS,2016,0.871,0.833,0.038
Australia,AUS,2017,0.871,0.828,0.031
Australia,AUS,2018,0.86,0.817,0.035
Australia,AUS,2019,0.825,0.779,0.033
Australia,AUS,2020,0.837,0.79,0.033
Australia,AUS,2021,0.828,0.779,0.033
Australia,AUS,2022,0.846,0.794,0.033
Australia,AUS,2023,0.851,0.802,0.029
Australia,AUS,2024,0.848,0.796,0.029
Botswana,BWA,1960,0.077,0.109,0.055
Botswana,BWA,1961,0.183,0.153,0.055
Botswana,BWA,1962,0.218,0.172,0.046
Botswana,BWA,1963,0.218,0.173,0.046
Botswana,BWA,1964,0.218,0.173,0.046
Botswana,BWA,1965,0.271,0.192,0.046
Botswana,BWA,1966,0.404,0.355,0.186
Botswana,BWA,1967,0.594,0.483,0.186
Botswana,BWA,1968,0.594,0.483,0.186
Botswana,BWA,1969,0.6,0.488,0.186
Botswana,BWA,1970,0.624,0.507,0.186
Botswana,BWA,1971,0.624,0.508,0.186
Botswana,BWA,1972,0.624,0.508,0.186
Botswana,BWA,1973,0.624,0.508,0.186
Botswana,BWA,1974,0.625,0.509,0.186
Botswana,BWA,1975,0.627,0.511,0.186
Botswana,BWA,1976,0.632,0.515,0.186
Botswana,BWA,1977,0.632,0.515,0.186
Botswana,BWA,1978,0.632,0.515,0.186
Botswana,BWA,1979,0.632,0.516,0.186
Botswana,BWA,1980,0.629,0.515,0.186
Botswana,BWA,1981,0.633,0.522,0.175
Botswana,BWA,1982,0.643,0.529,0.175
Botswana,BWA,1983,0.643,0.529,0.175
Botswana,BWA,1984,0.653,0.544,0.175
Botswana,BWA,1985,0.655,0.547,0.175
Botswana,BWA,1986,0.655,0.55,0.175
Botswana,BWA,1987,0.655,0.55,0.175
Botswana,BWA,1988,0.664,0.558,0.138
Botswana,BWA,1989,0.666,0.563,0.138
Botswana,BWA,1990,0.683,0.577,0.138
Botswana,BWA,1991,0.683,0.577,0.138
Botswana,BWA,1992,0.683,0.577,0.138
Botswana,BWA,1993,0.683,0.577,0.138
Botswana,BWA,1994,0.676,0.58,0.138
Botswana,BWA,1995,0.684,0.587,0.138
Botswana,BWA,1996,0.684,0.587,0.138
Botswana,BWA,1997,0.698,0.601,0.138
Botswana,BWA,1998,0.702,0.604,0.138
Botswana,BWA,1999,0.703,0.607,0.138
Botswana,BWA,2000,0.702,0.607,0.145
Botswana,BWA,2001,0.702,0.607,0.145
Botswana,BWA,2002,0.702,0.607,0.145
Botswana,BWA,2003,0.702,0.607,0.145
Botswana,BWA,2004,0.713,0.615,0.145
Botswana,BWA,2005,0.717,0.619,0.145
Botswana,BWA,2006,0.722,0.623,0.145
Botswana,BWA,2007,0.72,0.623,0.145
Botswana,BWA,2008,0.715,0.617,0.146
Botswana,BWA,2009,0.712,0.614,0.146
Botswana,BWA,2010,0.717,0.622,0.146
Botswana,BWA,2011,0.719,0.624,0.146
Botswana,BWA,2012,0.719,0.617,0.144
Botswana,BWA,2013,0.713,0.609,0.135
Botswana,BWA,2014,0.711,0.61,0.14
Botswana,BWA,2015,0.69,0.587,0.149
Botswana,BWA,2016,0.685,0.582,0.149
Botswana,BWA,2017,0.675,0.568,0.129
Botswana,BWA,2018,0.672,0.573,0.145
Botswana,BWA,2019,0.656,0.56,0.129
Botswana,BWA,2020,0.589,0.484,0.092
Botswana,BWA,2021,0.587,0.477,0.159
Botswana,BWA,2022,0.573,0.459,0.277
Botswana,BWA,2023,0.564,0.444,0.242
Botswana,BWA,2024,0.595,0.47,0.242
Burundi,BDI,1960,0.108,0.063,0.491
Burundi,BDI,1961,0.127,0.078,0.491
Burundi,BDI,1962,0.19,0.131,0.358
Burundi,BDI,1963,0.195,0.134,0.377
Burundi,BDI,1964,0.195,0.133,0.395
Burundi,BDI,1965,0.181,0.129,0.395
Burundi,BDI,1966,0.123,0.104,0.478
Burundi,BDI,1967,0.086,0.066,0.478
Burundi,BDI,1968,0.086,0.066,0.478
Burundi,BDI,1969,0.083,0.066,0.478
Burundi,BDI,1970,0.083,0.067,0.478
Burundi,BDI,1971,0.083,0.066,0.478
Burundi,BDI,1972,0.083,0.065,0.478
Burundi,BDI,1973,0.083,0.065,0.478
Burundi,BDI,1974,0.083,0.067,0.478
Burundi,BDI,1975,0.083,0.068,0.478
Burundi,BDI,1976,0.08,0.076,0.416
Burundi,BDI,1977,0.082,0.078,0.381
Burundi,BDI,1978,0.082,0.081,0.381
Burundi,BDI,1979,0.082,0.081,0.381
Burundi,BDI,1980,0.084,0.082,0.381
Burundi,BDI,1981,0.09,0.083,0.381
Burundi,BDI,1982,0.137,0.097,0.38
Burundi,BDI,1983,0.136,0.122,0.302
Burundi,BDI,1984,0.136,0.121,0.302
Burundi,BDI,1985,0.193,0.135,0.302
Burundi,BDI,1986,0.193,0.136,0.302
Burundi,BDI,1987,0.159,0.127,0.381
Burundi,BDI,1988,0.088,0.085,0.415
Burundi,BDI,1989,0.088,0.085,0.415
Burundi,BDI,1990,0.089,0.086,0.415
Burundi,BDI,1991,0.089,0.084,0.415
Burundi,BDI,1992,0.165,0.099,0.442
Burundi,BDI,1993,0.277,0.164,0.485
Burundi,BDI,1994,0.237,0.168,0.479
Burundi,BDI,1995,0.253,0.17,0.479
Burundi,BDI,1996,0.224,0.155,0.479
Burundi,BDI,1997,0.188,0.149,0.479
Burundi,BDI,1998,0.183,0.148,0.479
Burundi,BDI,1999,0.185,0.148,0.479
Burundi,BDI,2000,0.187,0.147,0.501
Burundi,BDI,2001,0.188,0.149,0.501
Burundi,BDI,2002,0.202,0.149,0.547
Burundi,BDI,2003,0.209,0.151,0.547
Burundi,BDI,2004,0.208,0.151,0.566
Burundi,BDI,2005,0.299,0.148,0.846
Burundi,BDI,2006,0.418,0.186,0.849
Burundi,BDI,2007,0.413,0.183,0.846
Burundi,BDI,2008,0.405,0.178,0.854
Burundi,BDI,2009,0.397,0.175,0.854
Burundi,BDI,2010,0.323,0.144,0.867
Burundi,BDI,2011,0.287,0.133,0.867
Burundi,BDI,2012,0.287,0.134,0.869
Burundi,BDI,2013,0.278,0.109,0.882
Burundi,BDI,2014,0.27,0.101,0.891
Burundi,BDI,2015,0.196,0.063,0.891
Burundi,BDI,2016,0.166,0.046,0.948
Burundi,BDI,2017,0.157,0.045,0.948
Burundi,BDI,2018,0.157,0.044,0.948
Burundi,BDI,2019,0.159,0.055,0.928
Burundi,BDI,2020,0.168,0.049,0.894
Burundi,BDI,2021,0.181,0.067,0.772
Burundi,BDI,2022,0.189,0.077,0.725
Burundi,BDI,2023,0.186,0.056,0.79
Burundi,BDI,2024,0.178,0.062,0.827
Cape Verde,CPV,1960,0.022,0.034,0.681
Cape Verde,CPV,1961,0.022,0.034,0.681
Cape Verde,CPV,1962,0.022,0.034,0.681
Cape Verde,CPV,1963,0.022,0.034,0.681
Cape Verde,CPV,1964,0.022,0.034,0.681
Cape Verde,CPV,1965,0.022,0.034,0.681
Cape Verde,CPV,1966,0.022,0.034,0.681
Cape Verde,CPV,1967,0.022,0.034,0.681
Cape Verde,CPV,1968,0.022,0.034,0.681
Cape Verde,CPV,1969,0.022,0.034,0.681
Cape Verde,CPV,1970,0.022,0.034,0.681
Cape Verde,CPV,1971,0.023,0.034,0.681
Cape Verde,CPV,1972,0.038,0.035,0.681
Cape Verde,CPV,1973,0.038,0.086,0.681
Cape Verde,CPV,1974,0.038,0.081,0.551
Cape Verde,CPV,1975,0.194,0.184,0.247
Cape Verde,CPV,1976,0.156,0.157,0.237
Cape Verde,CPV,1977,0.156,0.157,0.237
Cape Verde,CPV,1978,0.156,0.157,0.237
Cape Verde,CPV,1979,0.156,0.157,0.237
Cape Verde,CPV,1980,0.166,0.167,0.237
Cape Verde,CPV,1981,0.302,0.261,0.223
Cape Verde,CPV,1982,0.302,0.261,0.266
Cape Verde,CPV,1983,0.302,0.261,0.266
Cape Verde,CPV,1984,0.302,0.262,0.266
Cape Verde,CPV,1985,0.302,0.262,0.266
Cape Verde,CPV,1986,0.312,0.267,0.266
Cape Verde,CPV,1987,0.312,0.267,0.266
Cape Verde,CPV,1988,0.321,0.278,0.266
Cape Verde,CPV,1989,0.321,0.278,0.266
Cape Verde,CPV,1990,0.338,0.289,0.266
Cape Verde,CPV,1991,0.662,0.569,0.236
Cape Verde,CPV,1992,0.714,0.635,0.236
Cape Verde,CPV,1993,0.714,0.635,0.237
Cape Verde,CPV,1994,0.714,0.635,0.237
Cape Verde,CPV,1995,0.732,0.649,0.237
Cape Verde,CPV,1996,0.776,0.69,0.237
Cape Verde,CPV,1997,0.778,0.692,0.237
Cape Verde,CPV,1998,0.778,0.692,0.237
Cape Verde,CPV,1999,0.778,0.692,0.237
Cape Verde,CPV,2000,0.772,0.685,0.207
Cape Verde,CPV,2001,0.762,0.677,0.207
Cape Verde,CPV,2002,0.767,0.682,0.207
Cape Verde,CPV,2003,0.767,0.682,0.207
Cape Verde,CPV,2004,0.767,0.682,0.207
Cape Verde,CPV,2005,0.767,0.682,0.207
Cape Verde,CPV,2006,0.778,0.693,0.207
Cape Verde,CPV,2007,0.781,0.696,0.207
Cape Verde,CPV,2008,0.782,0.697,0.207
Cape Verde,CPV,2009,0.782,0.697,0.207
Cape Verde,CPV,2010,0.779,0.695,0.207
Cape Verde,CPV,2011,0.788,0.702,0.188
Cape Verde,CPV,2012,0.788,0.702,0.208
Cape Verde,CPV,2013,0.794,0.708,0.199
Cape Verde,CPV,2014,0.794,0.707,0.208
Cape Verde,CPV,2015,0.795,0.707,0.207
Cape Verde,CPV,2016,0.8,0.713,0.207
Cape Verde,CPV,2017,0.797,0.707,0.204
Cape Verde,CPV,2018,0.783,0.701,0.211
Cape Verde,CPV,2019,0.79,0.707,0.211
Cape Verde,CPV,2020,0.793,0.701,0.267
Cape Verde,CPV,2021,0.775,0.676,0.259
Cape Verde,CPV,2022,0.754,0.651,0.259
Cape Verde,CPV,2023,0.75,0.646,0.261
Cape Verde,CPV,2024,0.752,0.642,0.261
Central African Republic,CAF,1960,0.219,0.104,0.683
Central African Republic,CAF,1961,0.262,0.117,0.683
Central African Republic,CAF,1962,0.256,0.116,0.683
Central African Republic,CAF,1963,0.219,0.106,0.683
Central African Republic,CAF,1964,0.178,,0.858
Central African Republic,CAF,1965,0.177,,0.858
Central African Republic,CAF,1966,0.092,0.038,0.883
Central African Republic,CAF,1967,0.092,0.038,0.883
Central African Republic,CAF,1968,0.092,0.038,0.883
Central African Republic,CAF,1969,0.092,0.036,0.883
Central African Republic,CAF,1970,0.091,0.036,0.887
Central African Republic,CAF,1971,0.091,0.036,0.887
Central African Republic,CAF,1972,0.091,0.034,0.887
Central African Republic,CAF,1973,0.091,0.034,0.887
Central African Republic,CAF,1974,0.091,0.034,0.887
Central African Republic,CAF,1975,0.091,0.034,0.887
Central African Republic,CAF,1976,0.091,0.034,0.887
Central African Republic,CAF,1977,0.087,0.027,0.887
Central African Republic,CAF,1978,0.087,0.026,0.887
Central African Republic,CAF,1979,0.091,0.033,0.887
Central African Republic,CAF,1980,0.165,0.074,0.887
Central African Republic,CAF,1981,0.185,0.084,0.887
Central African Republic,CAF,1982,0.107,0.064,0.887
Central African Republic,CAF,1983,0.107,0.065,0.887
Central African Republic,CAF,1984,0.107,0.065,0.887
Central African Republic,CAF,1985,0.107,0.065,0.887
Central African Republic,CAF,1986,0.119,0.069,0.887
Central African Republic,CAF,1987,0.18,0.094,0.866
Central African Republic,CAF,1988,0.199,0.116,0.838
Central African Republic,CAF,1989,0.199,0.116,0.838
Central African Republic,CAF,1990,0.224,0.123,0.838
Central African Republic,CAF,1991,0.249,0.131,0.838
Central African Republic,CAF,1992,0.289,0.152,0.838
Central African Republic,CAF,1993,0.346,0.212,0.726
Central African Republic,CAF,1994,0.352,0.223,0.726
Central African Republic,CAF,1995,0.352,0.22,0.726
Central African Republic,CAF,1996,0.352,0.22,0.726
Central African Republic,CAF,1997,0.352,0.22,0.726
Central African Republic,CAF,1998,0.352,0.22,0.726
Central African Republic,CAF,1999,0.346,0.217,0.726
Central African Republic,CAF,2000,0.341,0.217,0.735
Central African Republic,CAF,2001,0.341,0.217,0.735
Central African Republic,CAF,2002,0.341,0.217,0.735
Central African Republic,CAF,2003,0.245,0.118,0.847
Central African Republic,CAF,2004,0.221,0.091,0.887
Central African Republic,CAF,2005,0.294,0.174,0.882
Central African Republic,CAF,2006,0.342,0.191,0.882
Central African Republic,CAF,2007,0.342,0.191,0.882
Central African Republic,CAF,2008,0.342,0.191,0.882
Central African Republic,CAF,2009,0.342,0.191,0.882
Central African Republic,CAF,2010,0.343,0.193,0.882
Central African Republic,CAF,2011,0.319,0.183,0.882
Central African Republic,CAF,2012,0.317,0.182,0.882
Central African Republic,CAF,2013,0.272,0.15,0.878
Central African Republic,CAF,2014,0.282,0.17,0.838
Central African Republic,CAF,2015,0.284,0.179,0.832
Central African Republic,CAF,2016,0.4,0.231,0.8
Central African Republic,CAF,2017,0.396,0.231,0.778
Central African Republic,CAF,2018,0.406,0.249,0.755
Central African Republic,CAF,2019,0.379,0.214,0.695
Central African Republic,CAF,2020,0.374,0.201,0.828
Central African Republic,CAF,2021,0.343,0.176,0.815
Central African Republic,CAF,2022,0.326,0.169,0.833
Central African Republic,CAF,2023,0.301,0.102,0.825
Central African Republic,CAF,2024,0.299,0.097,0.851
Chile,CHL,1960,0.537,0.391,0.068
Chile,CHL,1961,0.543,0.395,0.068
Chile,CHL,1962,0.544,0.396,0.068
Chile,CHL,1963,0.551,0.403,0.057
Chile,CHL,1964,0.581,0.427,0.057
Chile,CHL,1965,0.586,0.431,0.057
Chile,CHL,1966,0.586,0.432,0.057
Chile,CHL,1967,0.586,0.433,0.057
Chile,CHL,1968,0.586,0.439,0.057
Chile,CHL,1969,0.589,0.439,0.057
Chile,CHL,1970,0.604,0.453,0.067
Chile,CHL,1971,0.705,0.53,0.067
Chile,CHL,1972,0.688,0.52,0.067
Chile,CHL,1973,0.311,0.191,0.118
Chile,CHL,1974,0.071,0.032,0.295
Chile,CHL,1975,0.071,0.032,0.283
Chile,CHL,1976,0.071,0.032,0.283
Chile,CHL,1977,0.072,0.032,0.283
Chile,CHL,1978,0.072,0.032,0.283
Chile,CHL,1979,0.074,0.032,0.283
Chile,CHL,1980,0.075,0.044,0.283
Chile,CHL,1981,0.075,0.044,0.283
Chile,CHL,1982,0.075,0.045,0.283
Chile,CHL,1983,0.075,0.047,0.283
Chile,CHL,1984,0.075,0.048,0.283
Chile,CHL,1985,0.078,0.048,0.283
Chile,CHL,1986,0.078,0.049,0.283
Chile,CHL,1987,0.082,0.052,0.283
Chile,CHL,1988,0.111,0.06,0.283
Chile,CHL,1989,0.135,0.075,0.283
Chile,CHL,1990,0.721,0.63,0.067
Chile,CHL,1991,0.816,0.75,0.061
Chile,CHL,1992,0.816,0.75,0.061
Chile,CHL,1993,0.813,0.746,0.061
Chile,CHL,1994,0.85,0.783,0.061
Chile,CHL,1995,0.85,0.783,0.061
Chile,CHL,1996,0.85,0.784,0.061
Chile,CHL,1997,0.85,0.784,0.061
Chile,CHL,1998,0.851,0.786,0.061
Chile,CHL,1999,0.85,0.785,0.061
Chile,CHL,2000,0.876,0.81,0.061
Chile,CHL,2001,0.876,0.811,0.061
Chile,CHL,2002,0.88,0.817,0.061
Chile,CHL,2003,0.88,0.817,0.061
Chile,CHL,2004,0.88,0.817,0.061
Chile,CHL,2005,0.877,0.821,0.061
Chile,CHL,2006,0.894,0.839,0.061
Chile,CHL,2007,0.894,0.842,0.061
Chile,CHL,2008,0.894,0.841,0.061
Chile,CHL,2009,0.887,0.836,0.061
Chile,CHL,2010,0.888,0.837,0.068
Chile,CHL,2011,0.889,0.839,0.068
Chile,CHL,2012,0.893,0.844,0.068
Chile,CHL,2013,0.894,0.846,0.076
Chile,CHL,2014,0.893,0.85,0.077
Chile,CHL,2015,0.886,0.839,0.085
Chile,CHL,2016,0.886,0.839,0.085
Chile,CHL,2017,0.889,0.842,0.073
Chile,CHL,2018,0.87,0.803,0.055
Chile,CHL,2019,0.829,0.761,0.055
Chile,CHL,2020,0.837,0.766,0.055
Chile,CHL,2021,0.841,0.777,0.068
Chile,CHL,2022,0.833,0.776,0.064
Chile,CHL,2023,0.836,0.779,0.068
Chile,CHL,2024,0.845,0.786,0.075
Costa Rica,CRI,1960,0.719,0.629,0.3
Costa Rica,CRI,1961,0.719,0.629,0.3
Costa Rica,CRI,1962,0.721,0.632,0.3
Costa Rica,CRI,1963,0.721,0.632,0.3
Costa Rica,CRI,1964,0.721,0.632,0.3
Costa Rica,CRI,1965,0.721,0.632,0.3
Costa Rica,CRI,1966,0.731,0.643,0.3
Costa Rica,CRI,1967,0.732,0.644,0.282
Costa Rica,CRI,1968,0.732,0.644,0.282
Costa Rica,CRI,1969,0.732,0.644,0.282
Costa Rica,CRI,1970,0.742,0.653,0.282
Costa Rica,CRI,1971,0.744,0.655,0.282
Costa Rica,CRI,1972,0.744,0.655,0.282
Costa Rica,CRI,1973,0.744,0.655,0.282
Costa Rica,CRI,1974,0.746,0.657,0.282
Costa Rica,CRI,1975,0.793,0.702,0.284
Costa Rica,CRI,1976,0.807,0.714,0.284
Costa Rica,CRI,1977,0.81,0.717,0.284
Costa Rica,CRI,1978,0.825,0.732,0.284
Costa Rica,CRI,1979,0.826,0.738,0.284
Costa Rica,CRI,1980,0.848,0.767,0.285
Costa Rica,CRI,1981,0.848,0.764,0.285
Costa Rica,CRI,1982,0.866,0.786,0.285
Costa Rica,CRI,1983,0.867,0.787,0.285
Costa Rica,CRI,1984,0.867,0.787,0.285
Costa Rica,CRI,1985,0.867,0.787,0.285
Costa Rica,CRI,1986,0.866,0.789,0.285
Costa Rica,CRI,1987,0.865,0.795,0.285
Costa Rica,CRI,1988,0.876,0.804,0.285
Costa Rica,CRI,1989,0.876,0.812,0.285
Costa Rica,CRI,1990,0.891,0.838,0.264
Costa Rica,CRI,1991,0.892,0.841,0.264
Costa Rica,CRI,1992,0.892,0.841,0.264
Costa Rica,CRI,1993,0.892,0.841,0.264
Costa Rica,CRI,1994,0.893,0.841,0.264
Costa Rica,CRI,1995,0.893,0.841,0.2
Costa Rica,CRI,1996,0.893,0.84,0.2
Costa Rica,CRI,1997,0.893,0.835,0.2
Costa Rica,CRI,1998,0.893,0.841,0.2
Costa Rica,CRI,1999,0.893,0.841,0.176
Costa Rica,CRI,2000,0.892,0.84,0.176
Costa Rica,CRI,2001,0.892,0.841,0.176
Costa Rica,CRI,2002,0.895,0.843,0.176
Costa Rica,CRI,2003,0.895,0.843,0.174
Costa Rica,CRI,2004,0.894,0.843,0.174
Costa Rica,CRI,2005,0.894,0.839,0.174
Costa Rica,CRI,2006,0.905,0.851,0.188
Costa Rica,CRI,2007,0.908,0.854,0.188
Costa Rica,CRI,2008,0.908,0.854,0.188
Costa Rica,CRI,2009,0.908,0.855,0.188
Costa Rica,CRI,2010,0.91,0.857,0.188
Costa Rica,CRI,2011,0.91,0.856,0.185
Costa Rica,CRI,2012,0.91,0.857,0.188
Costa Rica,CRI,2013,0.907,0.853,0.188
Costa Rica,CRI,2014,0.906,0.854,0.179
Costa Rica,CRI,2015,0.906,0.854,0.184
Costa Rica,CRI,2016,0.902,0.852,0.188
Costa Rica,CRI,2017,0.898,0.85,0.204
Costa Rica,CRI,2018,0.89,0.834,0.198
Costa Rica,CRI,2019,0.893,0.842,0.193
Costa Rica,CRI,2020,0.895,0.844,0.193
Costa Rica,CRI,2021,0.894,0.843,0.193
Costa Rica,CRI,2022,0.866,0.813,0.193
Costa Rica,CRI,2023,0.862,0.809,0.193
Costa Rica,CRI,2024,0.862,0.809,0.206
Timor-Leste,TLS,1960,0.017,,
Timor-Leste,TLS,1961,0.017,,
Timor-Leste,TLS,1962,0.017,,
Timor-Leste,TLS,1963,0.017,,
Timor-Leste,TLS,1964,0.017,,
Timor-Leste,TLS,1965,0.017,,
Timor-Leste,TLS,1966,0.017,,
Timor-Leste,TLS,1967,0.017,,
Timor-Leste,TLS,1968,0.017,,
Timor-Leste,TLS,1969,0.017,,
Timor-Leste,TLS,1970,0.017,,
Timor-Leste,TLS,1971,0.017,,
Timor-Leste,TLS,1972,0.017,,
Timor-Leste,TLS,1973,0.046,,
Timor-Leste,TLS,1974,0.054,,
Timor-Leste,TLS,1975,0.089,,
Timor-Leste,TLS,1976,0.022,,
Timor-Leste,TLS,1977,0.076,,
Timor-Leste,TLS,1978,0.076,,
Timor-Leste,TLS,1979,0.076,,
Timor-Leste,TLS,1980,0.076,,
Timor-Leste,TLS,1981,0.076,,
Timor-Leste,TLS,1982,0.076,,
Timor-Leste,TLS,1983,0.076,,
Timor-Leste,TLS,1984,0.076,,
Timor-Leste,TLS,1985,0.076,,
Timor-Leste,TLS,1986,0.076,,
Timor-Leste,TLS,1987,0.076,,
Timor-Leste,TLS,1988,0.076,,
Timor-Leste,TLS,1989,0.076,,
Timor-Leste,TLS,1990,0.077,,
Timor-Leste,TLS,1991,0.077,,
Timor-Leste,TLS,1992,0.077,,
Timor-Leste,TLS,1993,0.077,,
Timor-Leste,TLS,1994,0.077,,
Timor-Leste,TLS,1995,0.077,,
Timor-Leste,TLS,1996,0.077,,
Timor-Leste,TLS,1997,0.077,,
Timor-Leste,TLS,1998,0.09,,
Timor-Leste,TLS,1999,0.11,0.089,
Timor-Leste,TLS,2000,0.222,0.183,
Timor-Leste,TLS,2001,0.289,0.23,0.316
Timor-Leste,TLS,2002,0.561,0.417,0.315
Timor-Leste,TLS,2003,0.573,0.411,0.315
Timor-Leste,TLS,2004,0.573,0.411,0.315
Timor-Leste,TLS,2005,0.572,0.408,0.259
Timor-Leste,TLS,2006,0.569,0.405,0.259
Timor-Leste,TLS,2007,0.609,0.454,0.259
Timor-Leste,TLS,2008,0.618,0.46,0.27
Timor-Leste,TLS,2009,0.617,0.462,0.273
Timor-Leste,TLS,2010,0.632,0.478,0.273
Timor-Leste,TLS,2011,0.632,0.478,0.273
Timor-Leste,TLS,2012,0.65,0.495,0.273
Timor-Leste,TLS,2013,0.661,0.501,0.278
Timor-Leste,TLS,2014,0.639,0.471,0.299
Timor-Leste,TLS,2015,0.644,0.466,0.291
Timor-Leste,TLS,2016,0.628,0.46,0.28
Timor-Leste,TLS,2017,0.671,0.489,0.349
Timor-Leste,TLS,2018,0.689,0.502,0.348
Timor-Leste,TLS,2019,0.703,0.517,0.319
Timor-Leste,TLS,2020,0.679,0.492,0.295
Timor-Leste,TLS,2021,0.693,0.501,0.254
Timor-Leste,TLS,2022,0.709,0.516,0.254
Timor-Leste,TLS,2023,0.714,0.526,0.221
Timor-Leste,TLS,2024,0.734,0.545,0.221
Ecuador,ECU,1960,0.359,0.184,0.777
Ecuador,ECU,1961,0.358,0.181,0.789
Ecuador,ECU,1962,0.365,0.185,0.777
Ecuador,ECU,1963,0.216,0.057,0.74
Ecuador,ECU,1964,0.133,0.058,0.74
Ecuador,ECU,1965,0.136,0.061,0.74
Ecuador,ECU,1966,0.138,0.065,0.74
Ecuador,ECU,1967,0.178,0.122,0.77
Ecuador,ECU,1968,0.273,0.152,0.77
Ecuador,ECU,1969,0.376,0.193,0.785
Ecuador,ECU,1970,0.294,0.09,0.76
Ecuador,ECU,1971,0.206,0.088,0.76
Ecuador,ECU,1972,0.172,0.073,0.723
Ecuador,ECU,1973,0.146,0.063,0.723
Ecuador,ECU,1974,0.146,0.065,0.739
Ecuador,ECU,1975,0.146,0.065,0.739
Ecuador,ECU,1976,0.146,0.066,0.731
Ecuador,ECU,1977,0.147,0.07,0.731
Ecuador,ECU,1978,0.198,0.084,0.72
Ecuador,ECU,1979,0.393,0.134,0.512
Ecuador,ECU,1980,0.688,0.437,0.589
Ecuador,ECU,1981,0.688,0.438,0.589
Ecuador,ECU,1982,0.688,0.44,0.589
Ecuador,ECU,1983,0.684,0.439,0.589
Ecuador,ECU,1984,0.69,0.423,0.597
Ecuador,ECU,1985,0.672,0.4,0.683
Ecuador,ECU,1986,0.671,0.403,0.683
Ecuador,ECU,1987,0.67,0.402,0.683
Ecuador,ECU,1988,0.692,0.43,0.683
Ecuador,ECU,1989,0.716,0.468,0.626
Ecuador,ECU,1990,0.716,0.467,0.63
Ecuador,ECU,1991,0.716,0.467,0.63
Ecuador,ECU,1992,0.714,0.466,0.63
Ecuador,ECU,1993,0.706,0.456,0.651
Ecuador,ECU,1994,0.697,0.45,0.646
Ecuador,ECU,1995,0.699,0.45,0.66
Ecuador,ECU,1996,0.696,0.441,0.67
Ecuador,ECU,1997,0.695,0.45,0.707
Ecuador,ECU,1998,0.696,0.459,0.704
Ecuador,ECU,1999,0.693,0.454,0.714
Ecuador,ECU,2000,0.689,0.445,0.703
Ecuador,ECU,2001,0.689,0.445,0.703
Ecuador,ECU,2002,0.689,0.446,0.703
Ecuador,ECU,2003,0.698,0.454,0.715
Ecuador,ECU,2004,0.698,0.452,0.713
Ecuador,ECU,2005,0.698,0.454,0.715
Ecuador,ECU,2006,0.693,0.451,0.709
Ecuador,ECU,2007,0.671,0.407,0.68
Ecuador,ECU,2008,0.634,0.343,0.66
Ecuador,ECU,2009,0.613,0.329,0.66
Ecuador,ECU,2010,0.588,0.309,0.67
Ecuador,ECU,2011,0.581,0.304,0.674
Ecuador,ECU,2012,0.586,0.306,0.675
Ecuador,ECU,2013,0.538,0.265,0.703
Ecuador,ECU,2014,0.534,0.262,0.704
Ecuador,ECU,2015,0.533,0.263,0.709
Ecuador,ECU,2016,0.54,0.264,0.707
Ecuador,ECU,2017,0.552,0.338,0.627
Ecuador,ECU,2018,0.641,0.458,0.638
Ecuador,ECU,2019,0.617,0.446,0.629
Ecuador,ECU,2020,0.626,0.481,0.636
Ecuador,ECU,2021,0.625,0.454,0.627
Ecuador,ECU,2022,0.661,0.504,0.628
Ecuador,ECU,2023,0.641,0.463,0.66
Ecuador,ECU,2024,0.641,0.443,0.655
France,FRA,1960,0.748,0.633,0.059
France,FRA,1961,0.748,0.633,0.059
France,FRA,1962,0.749,0.636,0.059
France,FRA,1963,0.775,0.666,0.059
France,FRA,1964,0.775,0.666,0.059
France,FRA,1965,0.775,0.666,0.059
France,FRA,1966,0.775,0.666,0.059
France,FRA,1967,0.782,0.672,0.059
France,FRA,1968,0.78,0.672,0.059
France,FRA,1969,0.805,0.719,0.059
France,FRA,1970,0.829,0.75,0.059
France,FRA,1971,0.835,0.755,0.059
France,FRA,1972,0.828,0.748,0.059
France,FRA,1973,0.84,0.76,0.059
France,FRA,1974,0.844,0.763,0.059
France,FRA,1975,0.852,0.772,0.059
France,FRA,1976,0.852,0.772,0.059
France,FRA,1977,0.852,0.772,0.059
France,FRA,1978,0.854,0.773,0.059
France,FRA,1979,0.854,0.773,0.059
France,FRA,1980,0.854,0.773,0.059
France,FRA,1981,0.862,0.788,0.059
France,FRA,1982,0.867,0.793,0.059
France,FRA,1983,0.867,0.793,0.059
France,FRA,1984,0.867,0.793,0.059
France,FRA,1985,0.867,0.793,0.059
France,FRA,1986,0.864,0.79,0.059
France,FRA,1987,0.864,0.789,0.059
France,FRA,1988,0.874,0.8,0.059
France,FRA,1989,0.875,0.802,0.059
France,FRA,1990,0.875,0.802,0.059
France,FRA,1991,0.875,0.802,0.059
France,FRA,1992,0.875,0.803,0.059
France,FRA,1993,0.875,0.798,0.059
France,FRA,1994,0.875,0.801,0.059
France,FRA,1995,0.869,0.798,0.059
France,FRA,1996,0.874,0.802,0.059
France,FRA,1997,0.874,0.8,0.059
France,FRA,1998,0.873,0.798,0.059
France,FRA,1999,0.873,0.798,0.059
France,FRA,2000,0.873,0.798,0.059
France,FRA,2001,0.873,0.798,0.059
France,FRA,2002,0.874,0.801,0.059
France,FRA,2003,0.874,0.802,0.059
France,FRA,2004,0.874,0.802,0.059
France,FRA,2005,0.874,0.802,0.059
France,FRA,2006,0.874,0.802,0.059
France,FRA,2007,0.877,0.807,0.059
France,FRA,2008,0.885,0.816,0.059
France,FRA,2009,0.885,0.816,0.059
France,FRA,2010,0.885,0.816,0.059
France,FRA,2011,0.887,0.818,0.059
France,FRA,2012,0.89,0.82,0.059
France,FRA,2013,0.89,0.822,0.053
France,FRA,2014,0.889,0.821,0.053
France,FRA,2015,0.883,0.812,0.053
France,FRA,2016,0.883,0.812,0.053
France,FRA,2017,0.886,0.817,0.053
France,FRA,2018,0.874,0.802,0.058
France,FRA,2019,0.866,0.793,0.061
France,FRA,2020,0.866,0.789,0.054
France,FRA,2021,0.868,0.789,0.054
France,FRA,2022,0.875,0.807,0.045
France,FRA,2023,0.871,0.807,0.045
France,FRA,2024,0.864,0.8,0.049
Germany,DEU,1960,0.831,0.785,0.012
Germany,DEU,1961,0.835,0.789,0.012
Germany,DEU,1962,0.84,0.794,0.012
Germany,DEU,1963,0.845,0.799,0.012
Germany,DEU,1964,0.845,0.799,0.012
Germany,DEU,1965,0.846,0.8,0.012
Germany,DEU,1966,0.843,0.796,0.012
Germany,DEU,1967,0.843,0.796,0.012
Germany,DEU,1968,0.843,0.796,0.011
Germany,DEU,1969,0.842,0.795,0.011
Germany,DEU,1970,0.855,0.811,0.011
Germany,DEU,1971,0.855,0.81,0.011
Germany,DEU,1972,0.854,0.81,0.011
Germany,DEU,1973,0.852,0.808,0.011
Germany,DEU,1974,0.852,0.808,0.011
Germany,DEU,1975,0.852,0.808,0.011
Germany,DEU,1976,0.854,0.809,0.011
Germany,DEU,1977,0.855,0.809,0.011
Germany,DEU,1978,0.858,0.814,0.011
Germany,DEU,1979,0.861,0.816,0.011
Germany,DEU,1980,0.864,0.822,0.011
Germany,DEU,1981,0.865,0.824,0.011
Germany,DEU,1982,0.865,0.824,0.011
Germany,DEU,1983,0.864,0.82,0.011
Germany,DEU,1984,0.863,0.819,0.011
Germany,DEU,1985,0.863,0.819,0.011
Germany,DEU,1986,0.863,0.819,0.011
Germany,DEU,1987,0.864,0.823,0.011
Germany,DEU,1988,0.864,0.824,0.011
Germany,DEU,1989,0.864,0.824,0.011
Germany,DEU,1990,0.892,0.853,0.011
Germany,DEU,1991,0.893,0.853,0.011
Germany,DEU,1992,0.893,0.853,0.011
Germany,DEU,1993,0.893,0.853,0.011
Germany,DEU,1994,0.893,0.853,0.011
Germany,DEU,1995,0.893,0.853,0.011
Germany,DEU,1996,0.893,0.854,0.011
Germany,DEU,1997,0.893,0.854,0.011
Germany,DEU,1998,0.894,0.856,0.011
Germany,DEU,1999,0.899,0.86,0.011
Germany,DEU,2000,0.899,0.86,0.011
Germany,DEU,2001,0.899,0.86,0.011
Germany,DEU,2002,0.898,0.859,0.011
Germany,DEU,2003,0.896,0.857,0.011
Germany,DEU,2004,0.896,0.857,0.011
Germany,DEU,2005,0.896,0.859,0.011
Germany,DEU,2006,0.902,0.864,0.011
Germany,DEU,2007,0.902,0.864,0.011
Germany,DEU,2008,0.902,0.864,0.011
Germany,DEU,2009,0.9,0.862,0.011
Germany,DEU,2010,0.898,0.862,0.011
Germany,DEU,2011,0.9,0.864,0.011
Germany,DEU,2012,0.899,0.863,0.011
Germany,DEU,2013,0.892,0.853,0.011
Germany,DEU,2014,0.885,0.845,0.011
Germany,DEU,2015,0.883,0.845,0.011
Germany,DEU,2016,0.888,0.848,0.012
Germany,DEU,2017,0.889,0.842,0.012
Germany,DEU,2018,0.881,0.834,0.013
Germany,DEU,2019,0.878,0.831,0.013
Germany,DEU,2020,0.87,0.821,0.016
Germany,DEU,2021,0.863,0.814,0.016
Germany,DEU,2022,0.855,0.806,0.018
Germany,DEU,2023,0.855,0.812,0.015
Germany,DEU,2024,0.825,0.778,0.024
Guatemala,GTM,1960,0.154,0.078,0.829
Guatemala,GTM,1961,0.157,0.079,0.829
Guatemala,GTM,1962,0.156,0.077,0.828
Guatemala,GTM,1963,0.102,0.06,0.822
Guatemala,GTM,1964,0.088,0.056,0.799
Guatemala,GTM,1965,0.086,0.055,0.799
Guatemala,GTM,1966,0.128,0.078,0.807
Guatemala,GTM,1967,0.184,0.089,0.805
Guatemala,GTM,1968,0.184,0.087,0.805
Guatemala,GTM,1969,0.184,0.087,0.805
Guatemala,GTM,1970,0.176,0.08,0.812
Guatemala,GTM,1971,0.171,0.079,0.812
Guatemala,GTM,1972,0.171,0.079,0.812
Guatemala,GTM,1973,0.173,0.079,0.812
Guatemala,GTM,1974,0.173,0.079,0.807
Guatemala,GTM,1975,0.174,0.08,0.807
Guatemala,GTM,1976,0.17,0.079,0.807
Guatemala,GTM,1977,0.17,0.077,0.807
Guatemala,GTM,1978,0.165,0.067,0.813
Guatemala,GTM,1979,0.163,0.066,0.813
Guatemala,GTM,1980,0.163,0.066,0.813
Guatemala,GTM,1981,0.163,0.066,0.803
Guatemala,GTM,1982,0.109,0.05,0.814
Guatemala,GTM,1983,0.095,0.05,0.73
Guatemala,GTM,1984,0.125,0.055,0.782
Guatemala,GTM,1985,0.149,0.067,0.782
Guatemala,GTM,1986,0.345,0.165,0.82
Guatemala,GTM,1987,0.37,0.195,0.852
Guatemala,GTM,1988,0.37,0.195,0.852
Guatemala,GTM,1989,0.37,0.195,0.852
Guatemala,GTM,1990,0.371,0.205,0.852
Guatemala,GTM,1991,0.382,0.208,0.852
Guatemala,GTM,1992,0.382,0.208,0.852
Guatemala,GTM,1993,0.385,0.216,0.816
Guatemala,GTM,1994,0.396,0.229,0.812
Guatemala,GTM,1995,0.412,0.24,0.812
Guatemala,GTM,1996,0.454,0.261,0.779
Guatemala,GTM,1997,0.489,0.282,0.779
Guatemala,GTM,1998,0.489,0.284,0.779
Guatemala,GTM,1999,0.491,0.291,0.798
Guatemala,GTM,2000,0.542,0.362,0.827
Guatemala,GTM,2001,0.542,0.362,0.827
Guatemala,GTM,2002,0.542,0.362,0.827
Guatemala,GTM,2003,0.543,0.363,0.827
Guatemala,GTM,2004,0.552,0.372,0.803
Guatemala,GTM,2005,0.552,0.373,0.803
Guatemala,GTM,2006,0.552,0.374,0.803
Guatemala,GTM,2007,0.563,0.386,0.803
Guatemala,GTM,2008,0.582,0.395,0.797
Guatemala,GTM,2009,0.58,0.396,0.797
Guatemala,GTM,2010,0.583,0.397,0.793
Guatemala,GTM,2011,0.581,0.393,0.795
Guatemala,GTM,2012,0.576,0.391,0.795
Guatemala,GTM,2013,0.574,0.41,0.804
Guatemala,GTM,2014,0.572,0.412,0.804
Guatemala,GTM,2015,0.587,0.425,0.761
Guatemala,GTM,2016,0.626,0.451,0.727
Guatemala,GTM,2017,0.621,0.444,0.741
Guatemala,GTM,2018,0.602,0.415,0.788
Guatemala,GTM,2019,0.597,0.415,0.777
Guatemala,GTM,2020,0.589,0.402,0.765
Guatemala,GTM,2021,0.555,0.359,0.763
Guatemala,GTM,2022,0.509,0.314,0.779
Guatemala,GTM,2023,0.506,0.338,0.789
Guatemala,GTM,2024,0.609,0.492,0.691
Iran,IRN,1960,0.061,0.066,0.417
Iran,IRN,1961,0.061,0.068,0.417
Iran,IRN,1962,0.06,0.071,0.399
Iran,IRN,1963,0.061,0.072,0.399
Iran,IRN,1964,0.109,0.081,0.399
Iran,IRN,1965,0.11,0.081,0.399
Iran,IRN,1966,0.11,0.081,0.399
Iran,IRN,1967,0.11,0.081,0.399
Iran,IRN,1968,0.111,0.083,0.399
Iran,IRN,1969,0.111,0.083,0.399
Iran,IRN,1970,0.113,0.083,0.399
Iran,IRN,1971,0.113,0.083,0.399
Iran,IRN,1972,0.113,0.083,0.399
Iran,IRN,1973,0.113,0.083,0.399
Iran,IRN,1974,0.113,0.083,0.399
Iran,IRN,1975,0.107,0.081,0.399
Iran,IRN,1976,0.107,0.081,0.399
Iran,IRN,1977,0.107,0.081,0.379
Iran,IRN,1978,0.11,0.082,0.379
Iran,IRN,1979,0.159,0.077,0.538
Iran,IRN,1980,0.167,0.088,0.66
Iran,IRN,1981,0.121,0.094,0.656
Iran,IRN,1982,0.106,0.09,0.656
Iran,IRN,1983,0.104,0.085,0.656
Iran,IRN,1984,0.108,0.089,0.605
Iran,IRN,1985,0.109,0.09,0.605
Iran,IRN,1986,0.109,0.09,0.605
Iran,IRN,1987,0.171,0.103,0.623
Iran,IRN,1988,0.177,0.104,0.623
Iran,IRN,1989,0.168,0.108,0.633
Iran,IRN,1990,0.16,0.111,0.633
Iran,IRN,1991,0.16,0.111,0.633
Iran,IRN,1992,0.159,0.108,0.633
Iran,IRN,1993,0.162,0.118,0.633
Iran,IRN,1994,0.165,0.12,0.633
Iran,IRN,1995,0.165,0.12,0.633
Iran,IRN,1996,0.174,0.123,0.633
Iran,IRN,1997,0.218,0.149,0.516
Iran,IRN,1998,0.231,0.159,0.516
Iran,IRN,1999,0.234,0.16,0.516
Iran,IRN,2000,0.233,0.162,0.516
Iran,IRN,2001,0.234,0.154,0.516
Iran,IRN,2002,0.232,0.153,0.516
Iran,IRN,2003,0.232,0.153,0.533
Iran,IRN,2004,0.207,0.143,0.533
Iran,IRN,2005,0.177,0.128,0.728
Iran,IRN,2006,0.173,0.126,0.728
Iran,IRN,2007,0.173,0.127,0.728
Iran,IRN,2008,0.167,0.125,0.728
Iran,IRN,2009,0.158,0.122,0.736
Iran,IRN,2010,0.144,0.117,0.736
Iran,IRN,2011,0.145,0.118,0.736
Iran,IRN,2012,0.158,0.121,0.736
Iran,IRN,2013,0.174,0.129,0.729
Iran,IRN,2014,0.183,0.131,0.728
Iran,IRN,2015,0.186,0.136,0.728
Iran,IRN,2016,0.186,0.137,0.722
Iran,IRN,2017,0.185,0.134,0.757
Iran,IRN,2018,0.182,0.131,0.768
Iran,IRN,2019,0.181,0.126,0.767
Iran,IRN,2020,0.165,0.119,0.778
Iran,IRN,2021,0.158,0.091,0.781
Iran,IRN,2022,0.148,0.078,0.769
Iran,IRN,2023,0.153,0.077,0.787
Iran,IRN,2024,0.166,0.088,0.783
Iraq,IRQ,1960,0.098,0.079,0.536
Iraq,IRQ,1961,0.09,0.077,0.536
Iraq,IRQ,1962,0.091,0.076,0.536
Iraq,IRQ,1963,0.069,0.054,0.629
Iraq,IRQ,1964,0.07,0.065,0.587
Iraq,IRQ,1965,0.073,0.068,0.587
Iraq,IRQ,1966,0.076,0.068,0.587
Iraq,IRQ,1967,0.08,0.07,0.587
Iraq,IRQ,1968,0.056,0.07,0.589
Iraq,IRQ,1969,0.051,0.065,0.589
Iraq,IRQ,1970,0.052,0.062,0.578
Iraq,IRQ,1971,0.052,0.062,0.577
Iraq,IRQ,1972,0.052,0.062,0.577
Iraq,IRQ,1973,0.052,0.062,0.577
Iraq,IRQ,1974,0.053,0.062,0.577
Iraq,IRQ,1975,0.051,0.062,0.577
Iraq,IRQ,1976,0.052,0.062,0.577
Iraq,IRQ,1977,0.05,0.062,0.598
Iraq,IRQ,1978,0.05,0.062,0.598
Iraq,IRQ,1979,0.046,0.058,0.613
Iraq,IRQ,1980,0.046,0.056,0.78
Iraq,IRQ,1981,0.081,0.067,0.802
Iraq,IRQ,1982,0.081,0.066,0.802
Iraq,IRQ,1983,0.081,0.066,0.802
Iraq,IRQ,1984,0.081,0.066,0.802
Iraq,IRQ,1985,0.081,0.066,0.802
Iraq,IRQ,1986,0.081,0.066,0.802
Iraq,IRQ,1987,0.081,0.066,0.802
Iraq,IRQ,1988,0.081,0.066,0.802
Iraq,IRQ,1989,0.081,0.066,0.802
Iraq,IRQ,1990,0.081,0.062,0.829
Iraq,IRQ,1991,0.08,0.06,0.888
Iraq,IRQ,1992,0.08,0.06,0.888
Iraq,IRQ,1993,0.082,0.06,0.888
Iraq,IRQ,1994,0.083,0.06,0.888
Iraq,IRQ,1995,0.097,0.062,0.888
Iraq,IRQ,1996,0.146,0.07,0.888
Iraq,IRQ,1997,0.146,0.07,0.888
Iraq,IRQ,1998,0.146,0.07,0.888
Iraq,IRQ,1999,0.146,0.07,0.888
Iraq,IRQ,2000,0.145,0.069,0.889
Iraq,IRQ,2001,0.147,0.069,0.889
Iraq,IRQ,2002,0.147,0.095,0.87
Iraq,IRQ,2003,0.184,0.118,0.799
Iraq,IRQ,2004,0.21,0.107,0.749
Iraq,IRQ,2005,0.237,0.107,0.803
Iraq,IRQ,2006,0.397,0.233,0.803
Iraq,IRQ,2007,0.426,0.261,0.841
Iraq,IRQ,2008,0.426,0.261,0.839
Iraq,IRQ,2009,0.425,0.257,0.839
Iraq,IRQ,2010,0.414,0.251,0.842
Iraq,IRQ,2011,0.413,0.251,0.842
Iraq,IRQ,2012,0.41,0.25,0.842
Iraq,IRQ,2013,0.414,0.238,0.874
Iraq,IRQ,2014,0.403,0.237,0.862
Iraq,IRQ,2015,0.396,0.236,0.872
Iraq,IRQ,2016,0.39,0.238,0.878
Iraq,IRQ,2017,0.375,0.233,0.867
Iraq,IRQ,2018,0.398,0.238,0.854
Iraq,IRQ,2019,0.393,0.226,0.877
Iraq,IRQ,2020,0.376,0.212,0.87
Iraq,IRQ,2021,0.374,0.218,0.858
Iraq,IRQ,2022,0.385,0.204,0.864
Iraq,IRQ,2023,0.371,0.208,0.84
Iraq,IRQ,2024,0.361,0.21,0.85
Ireland,IRL,1960,0.783,0.677,0.079
Ireland,IRL,1961,0.79,0.683,0.079
Ireland,IRL,1962,0.804,0.695,0.084
Ireland,IRL,1963,0.803,0.696,0.084
Ireland,IRL,1964,0.811,0.706,0.088
Ireland,IRL,1965,0.808,0.703,0.109
Ireland,IRL,1966,0.809,0.704,0.111
Ireland,IRL,1967,0.811,0.706,0.133
Ireland,IRL,1968,0.811,0.706,0.133
Ireland,IRL,1969,0.809,0.703,0.133
Ireland,IRL,1970,0.819,0.711,0.133
Ireland,IRL,1971,0.819,0.711,0.133
Ireland,IRL,1972,0.819,0.711,0.133
Ireland,IRL,1973,0.816,0.711,0.133
Ireland,IRL,1974,0.824,0.728,0.133
Ireland,IRL,1975,0.824,0.728,0.133
Ireland,IRL,1976,0.824,0.728,0.133
Ireland,IRL,1977,0.824,0.728,0.133
Ireland,IRL,1978,0.825,0.728,0.133
Ireland,IRL,1979,0.825,0.728,0.138
Ireland,IRL,1980,0.825,0.728,0.149
Ireland,IRL,1981,0.831,0.734,0.149
Ireland,IRL,1982,0.83,0.73,0.146
Ireland,IRL,1983,0.829,0.734,0.149
Ireland,IRL,1984,0.829,0.738,0.149
Ireland,IRL,1985,0.833,0.742,0.149
Ireland,IRL,1986,0.833,0.746,0.149
Ireland,IRL,1987,0.842,0.754,0.146
Ireland,IRL,1988,0.843,0.755,0.141
Ireland,IRL,1989,0.841,0.752,0.141
Ireland,IRL,1990,0.851,0.76,0.141
Ireland,IRL,1991,0.866,0.779,0.141
Ireland,IRL,1992,0.867,0.782,0.08
Ireland,IRL,1993,0.871,0.788,0.08
Ireland,IRL,1994,0.871,0.788,0.08
Ireland,IRL,1995,0.871,0.789,0.08
Ireland,IRL,1996,0.875,0.793,0.063
Ireland,IRL,1997,0.878,0.802,0.063
Ireland,IRL,1998,0.88,0.804,0.058
Ireland,IRL,1999,0.88,0.804,0.051
Ireland,IRL,2000,0.885,0.809,0.051
Ireland,IRL,2001,0.885,0.809,0.051
Ireland,IRL,2002,0.883,0.807,0.051
Ireland,IRL,2003,0.882,0.806,0.051
Ireland,IRL,2004,0.882,0.806,0.051
Ireland,IRL,2005,0.882,0.806,0.051
Ireland,IRL,2006,0.882,0.806,0.051
Ireland,IRL,2007,0.891,0.815,0.051
Ireland,IRL,2008,0.896,0.82,0.05
Ireland,IRL,2009,0.896,0.82,0.043
Ireland,IRL,2010,0.896,0.82,0.042
Ireland,IRL,2011,0.896,0.821,0.036
Ireland,IRL,2012,0.897,0.822,0.033
Ireland,IRL,2013,0.895,0.823,0.03
Ireland,IRL,2014,0.895,0.824,0.03
Ireland,IRL,2015,0.895,0.825,0.03
Ireland,IRL,2016,0.886,0.815,0.03
Ireland,IRL,2017,0.887,0.821,0.026
Ireland,IRL,2018,0.89,0.821,0.026
Ireland,IRL,2019,0.887,0.822,0.032
Ireland,IRL,2020,0.891,0.824,0.032
Ireland,IRL,2021,0.898,0.833,0.032
Ireland,IRL,2022,0.892,0.827,0.032
Ireland,IRL,2023,0.894,0.829,0.032
Ireland,IRL,2024,0.895,0.83,0.032
Italy,ITA,1960,0.727,0.61,0.186
Italy,ITA,1961,0.727,0.609,0.186
Italy,ITA,1962,0.727,0.611,0.186
Italy,ITA,1963,0.728,0.618,0.186
Italy,ITA,1964,0.729,0.619,0.186
Italy,ITA,1965,0.729,0.619,0.186
Italy,ITA,1966,0.729,0.619,0.186
Italy,ITA,1967,0.729,0.619,0.186
Italy,ITA,1968,0.729,0.62,0.186
Italy,ITA,1969,0.732,0.624,0.186
Italy,ITA,1970,0.744,0.642,0.186
Italy,ITA,1971,0.741,0.641,0.186
Italy,ITA,1972,0.742,0.64,0.186
Italy,ITA,1973,0.748,0.645,0.186
Italy,ITA,1974,0.748,0.645,0.186
Italy,ITA,1975,0.752,0.651,0.186
Italy,ITA,1976,0.758,0.661,0.186
Italy,ITA,1977,0.764,0.665,0.186
Italy,ITA,1978,0.764,0.665,0.186
Italy,ITA,1979,0.763,0.664,0.186
Italy,ITA,1980,0.792,0.696,0.295
Italy,ITA,1981,0.802,0.709,0.295
Italy,ITA,1982,0.802,0.708,0.295
Italy,ITA,1983,0.806,0.712,0.295
Italy,ITA,1984,0.819,0.724,0.333
Italy,ITA,1985,0.819,0.724,0.333
Italy,ITA,1986,0.819,0.724,0.333
Italy,ITA,1987,0.82,0.725,0.333
Italy,ITA,1988,0.821,0.725,0.333
Italy,ITA,1989,0.821,0.725,0.34
Italy,ITA,1990,0.821,0.732,0.34
Italy,ITA,1991,0.829,0.738,0.34
Italy,ITA,1992,0.831,0.747,0.331
Italy,ITA,1993,0.835,0.749,0.261
Italy,ITA,1994,0.83,0.743,0.276
Italy,ITA,1995,0.828,0.744,0.276
Italy,ITA,1996,0.835,0.75,0.245
Italy,ITA,1997,0.843,0.758,0.245
Italy,ITA,1998,0.843,0.758,0.245
Italy,ITA,1999,0.843,0.758,0.245
Italy,ITA,2000,0.84,0.756,0.252
Italy,ITA,2001,0.833,0.746,0.271
Italy,ITA,2002,0.837,0.751,0.271
Italy,ITA,2003,0.837,0.753,0.271
Italy,ITA,2004,0.837,0.753,0.271
Italy,ITA,2005,0.846,0.761,0.271
Italy,ITA,2006,0.852,0.775,0.231
Italy,ITA,2007,0.861,0.782,0.231
Italy,ITA,2008,0.855,0.768,0.273
Italy,ITA,2009,0.857,0.775,0.273
Italy,ITA,2010,0.856,0.775,0.241
Italy,ITA,2011,0.862,0.786,0.211
Italy,ITA,2012,0.869,0.793,0.208
Italy,ITA,2013,0.864,0.786,0.196
Italy,ITA,2014,0.865,0.786,0.198
Italy,ITA,2015,0.865,0.786,0.198
Italy,ITA,2016,0.869,0.791,0.194
Italy,ITA,2017,0.87,0.797,0.186
Italy,ITA,2018,0.864,0.787,0.186
Italy,ITA,2019,0.854,0.777,0.186
Italy,ITA,2020,0.857,0.774,0.164
Italy,ITA,2021,0.857,0.774,0.134
Italy,ITA,2022,0.842,0.763,0.134
Italy,ITA,2023,0.806,0.727,0.151
Italy,ITA,2024,0.784,0.687,0.182
Jordan,JOR,1960,0.14,0.16,0.458
Jordan,JOR,1961,0.137,0.16,0.458
Jordan,JOR,1962,0.125,0.163,0.458
Jordan,JOR,1963,0.124,0.163,0.458
Jordan,JOR,1964,0.124,0.162,0.458
Jordan,JOR,1965,0.124,0.162,0.458
Jordan,JOR,1966,0.124,0.162,0.458
Jordan,JOR,1967,0.126,0.159,0.458
Jordan,JOR,1968,0.124,0.159,0.458
Jordan,JOR,1969,0.124,0.159,0.458
Jordan,JOR,1970,0.124,0.16,0.458
Jordan,JOR,1971,0.121,0.161,0.458
Jordan,JOR,1972,0.121,0.158,0.458
Jordan,JOR,1973,0.121,0.158,0.458
Jordan,JOR,1974,0.121,0.158,0.458
Jordan,JOR,1975,0.128,0.111,0.342
Jordan,JOR,1976,0.128,0.111,0.342
Jordan,JOR,1977,0.128,0.111,0.342
Jordan,JOR,1978,0.128,0.111,0.342
Jordan,JOR,1979,0.128,0.111,0.342
Jordan,JOR,1980,0.128,0.118,0.342
Jordan,JOR,1981,0.128,0.118,0.342
Jordan,JOR,1982,0.128,0.118,0.342
Jordan,JOR,1983,0.128,0.118,0.342
Jordan,JOR,1984,0.128,0.165,0.48
Jordan,JOR,1985,0.128,0.171,0.48
Jordan,JOR,1986,0.128,0.171,0.48
Jordan,JOR,1987,0.128,0.171,0.48
Jordan,JOR,1988,0.13,0.172,0.48
Jordan,JOR,1989,0.15,0.177,0.48
Jordan,JOR,1990,0.22,0.197,0.464
Jordan,JOR,1991,0.221,0.197,0.464
Jordan,JOR,1992,0.227,0.196,0.464
Jordan,JOR,1993,0.235,0.198,0.464
Jordan,JOR,1994,0.227,0.196,0.464
Jordan,JOR,1995,0.227,0.196,0.464
Jordan,JOR,1996,0.227,0.196,0.464
Jordan,JOR,1997,0.224,0.195,0.464
Jordan,JOR,1998,0.224,0.195,0.464
Jordan,JOR,1999,0.222,0.196,0.463
Jordan,JOR,2000,0.186,0.132,0.32
Jordan,JOR,2001,0.185,0.131,0.372
Jordan,JOR,2002,0.185,0.131,0.372
Jordan,JOR,2003,0.208,0.152,0.372
Jordan,JOR,2004,0.228,0.202,0.505
Jordan,JOR,2005,0.228,0.203,0.505
Jordan,JOR,2006,0.229,0.204,0.505
Jordan,JOR,2007,0.229,0.204,0.505
Jordan,JOR,2008,0.232,0.205,0.505
Jordan,JOR,2009,0.233,0.205,0.505
Jordan,JOR,2010,0.239,0.21,0.503
Jordan,JOR,2011,0.247,0.215,0.5
Jordan,JOR,2012,0.246,0.217,0.5
Jordan,JOR,2013,0.255,0.22,0.521
Jordan,JOR,2014,0.255,0.221,0.519
Jordan,JOR,2015,0.255,0.221,0.519
Jordan,JOR,2016,0.239,0.195,0.519
Jordan,JOR,2017,0.263,0.23,0.504
Jordan,JOR,2018,0.261,0.242,0.484
Jordan,JOR,2019,0.26,0.24,0.494
Jordan,JOR,2020,0.258,0.24,0.494
Jordan,JOR,2021,0.257,0.249,0.491
Jordan,JOR,2022,0.256,0.244,0.479
Jordan,JOR,2023,0.252,0.25,0.479
Jordan,JOR,2024,0.274,0.27,0.43
Latvia,LVA,1990,0.562,0.452,0.202
Latvia,LVA,1991,0.594,0.495,0.364
Latvia,LVA,1992,0.674,0.561,0.371
Latvia,LVA,1993,0.749,0.629,0.371
Latvia,LVA,1994,0.8,0.68,0.368
Latvia,LVA,1995,0.799,0.67,0.348
Latvia,LVA,1996,0.788,0.674,0.338
Latvia,LVA,1997,0.808,0.694,0.333
Latvia,LVA,1998,0.809,0.696,0.326
Latvia,LVA,1999,0.816,0.701,0.314
Latvia,LVA,2000,0.816,0.702,0.291
Latvia,LVA,2001,0.816,0.702,0.291
Latvia,LVA,2002,0.815,0.705,0.171
Latvia,LVA,2003,0.822,0.714,0.165
Latvia,LVA,2004,0.822,0.715,0.162
Latvia,LVA,2005,0.822,0.71,0.151
Latvia,LVA,2006,0.814,0.703,0.182
Latvia,LVA,2007,0.793,0.685,0.15
Latvia,LVA,2008,0.792,0.686,0.146
Latvia,LVA,2009,0.793,0.694,0.141
Latvia,LVA,2010,0.798,0.704,0.118
Latvia,LVA,2011,0.816,0.723,0.118
Latvia,LVA,2012,0.82,0.728,0.117
Latvia,LVA,2013,0.83,0.743,0.085
Latvia,LVA,2014,0.832,0.748,0.082
Latvia,LVA,2015,0.838,0.754,0.082
Latvia,LVA,2016,0.84,0.748,0.107
Latvia,LVA,2017,0.833,0.744,0.129
Latvia,LVA,2018,0.832,0.745,0.129
Latvia,LVA,2019,0.826,0.741,0.118
Latvia,LVA,2020,0.822,0.737,0.099
Latvia,LVA,2021,0.831,0.74,0.087
Latvia,LVA,2022,0.829,0.74,0.087
Latvia,LVA,2023,0.846,0.762,0.071
Latvia,LVA,2024,0.834,0.759,0.071
Lesotho,LSO,1960,0.089,0.099,0.253
Lesotho,LSO,1961,0.089,0.1,0.253
Lesotho,LSO,1962,0.089,0.11,0.253
Lesotho,LSO,1963,0.089,0.103,0.253
Lesotho,LSO,1964,0.089,0.103,0.253
Lesotho,LSO,1965,0.206,0.15,0.276
Lesotho,LSO,1966,0.273,0.209,0.308
Lesotho,LSO,1967,0.358,0.248,0.308
Lesotho,LSO,1968,0.358,0.248,0.308
Lesotho,LSO,1969,0.188,0.145,0.335
Lesotho,LSO,1970,0.141,0.111,0.596
Lesotho,LSO,1971,0.115,0.103,0.596
Lesotho,LSO,1972,0.115,0.103,0.596
Lesotho,LSO,1973,0.115,0.118,0.528
Lesotho,LSO,1974,0.115,0.118,0.528
Lesotho,LSO,1975,0.115,0.118,0.528
Lesotho,LSO,1976,0.115,0.118,0.528
Lesotho,LSO,1977,0.115,0.118,0.528
Lesotho,LSO,1978,0.117,0.119,0.528
Lesotho,LSO,1979,0.123,0.12,0.528
Lesotho,LSO,1980,0.123,0.122,0.528
Lesotho,LSO,1981,0.123,0.122,0.528
Lesotho,LSO,1982,0.123,0.122,0.528
Lesotho,LSO,1983,0.122,0.122,0.528
Lesotho,LSO,1984,0.122,0.122,0.528
Lesotho,LSO,1985,0.126,0.122,0.528
Lesotho,LSO,1986,0.119,0.107,0.645
Lesotho,LSO,1987,0.127,0.119,0.621
Lesotho,LSO,1988,0.127,0.12,0.621
Lesotho,LSO,1989,0.127,0.12,0.621
Lesotho,LSO,1990,0.159,0.18,0.637
Lesotho,LSO,1991,0.158,0.154,0.583
Lesotho,LSO,1992,0.158,0.157,0.583
Lesotho,LSO,1993,0.501,0.36,0.459
Lesotho,LSO,1994,0.469,0.333,0.459
Lesotho,LSO,1995,0.314,0.256,0.459
Lesotho,LSO,1996,0.314,0.258,0.459
Lesotho,LSO,1997,0.314,0.258,0.459
Lesotho,LSO,1998,0.371,0.288,0.592
Lesotho,LSO,1999,0.315,0.26,0.592
Lesotho,LSO,2000,0.315,0.259,0.592
Lesotho,LSO,2001,0.315,0.259,0.592
Lesotho,LSO,2002,0.496,0.377,0.571
Lesotho,LSO,2003,0.614,0.45,0.57
Lesotho,LSO,2004,0.614,0.449,0.57
Lesotho,LSO,2005,0.614,0.452,0.57
Lesotho,LSO,2006,0.614,0.451,0.57
Lesotho,LSO,2007,0.568,0.419,0.57
Lesotho,LSO,2008,0.561,0.415,0.57
Lesotho,LSO,2009,0.559,0.413,0.57
Lesotho,LSO,2010,0.566,0.425,0.57
Lesotho,LSO,2011,0.574,0.43,0.57
Lesotho,LSO,2012,0.582,0.453,0.555
Lesotho,LSO,2013,0.619,0.477,0.49
Lesotho,LSO,2014,0.621,0.48,0.49
Lesotho,LSO,2015,0.597,0.445,0.559
Lesotho,LSO,2016,0.576,0.424,0.537
Lesotho,LSO,2017,0.501,0.372,0.495
Lesotho,LSO,2018,0.601,0.441,0.512
Lesotho,LSO,2019,0.621,0.488,0.469
Lesotho,LSO,2020,0.627,0.505,0.487
Lesotho,LSO,2021,0.616,0.498,0.536
Lesotho,LSO,2022,0.648,0.509,0.534
Lesotho,LSO,2023,0.667,0.521,0.555
Lesotho,LSO,2024,0.652,0.507,0.554
Liberia,LBR,1960,0.189,0.106,0.728
Liberia,LBR,1961,0.189,0.106,0.728
Liberia,LBR,1962,0.19,0.106,0.728
Liberia,LBR,1963,0.189,0.106,0.728
Liberia,LBR,1964,0.188,0.105,0.728
Liberia,LBR,1965,0.188,0.105,0.728
Liberia,LBR,1966,0.188,0.105,0.728
Liberia,LBR,1967,0.188,0.105,0.728
Liberia,LBR,1968,0.187,0.105,0.728
Liberia,LBR,1969,0.187,0.105,0.728
Liberia,LBR,1970,0.187,0.105,0.728
Liberia,LBR,1971,0.196,0.126,0.721
Liberia,LBR,1972,0.219,0.137,0.721
Liberia,LBR,1973,0.219,0.137,0.721
Liberia,LBR,1974,0.219,0.137,0.721
Liberia,LBR,1975,0.219,0.137,0.721
Liberia,LBR,1976,0.219,0.137,0.721
Liberia,LBR,1977,0.219,0.137,0.721
Liberia,LBR,1978,0.219,0.137,0.721
Liberia,LBR,1979,0.219,0.135,0.721
Liberia,LBR,1980,0.123,0.061,0.871
Liberia,LBR,1981,0.091,0.043,0.871
Liberia,LBR,1982,0.091,0.043,0.871
Liberia,LBR,1983,0.091,0.043,0.871
Liberia,LBR,1984,0.097,0.06,0.876
Liberia,LBR,1985,0.119,0.079,0.876
Liberia,LBR,1986,0.234,0.129,0.86
Liberia,LBR,1987,0.235,0.13,0.86
Liberia,LBR,1988,0.232,0.129,0.86
Liberia,LBR,1989,0.22,0.117,0.882
Liberia,LBR,1990,0.167,0.063,0.925
Liberia,LBR,1991,0.198,0.177,0.818
Liberia,LBR,1992,0.198,0.179,0.818
Liberia,LBR,1993,0.202,0.18,0.818
Liberia,LBR,1994,0.169,0.159,0.818
Liberia,LBR,1995,0.166,0.143,0.836
Liberia,LBR,1996,0.15,0.117,0.849
Liberia,LBR,1997,0.241,0.129,0.93
Liberia,LBR,1998,0.348,0.161,0.93
Liberia,LBR,1999,0.346,0.159,0.93
Liberia,LBR,2000,0.346,0.161,0.92
Liberia,LBR,2001,0.343,0.16,0.92
Liberia,LBR,2002,0.343,0.158,0.92
Liberia,LBR,2003,0.303,0.149,0.92
Liberia,LBR,2004,0.239,0.244,0.896
Liberia,LBR,2005,0.276,0.267,0.857
Liberia,LBR,2006,0.643,0.498,0.824
Liberia,LBR,2007,0.655,0.506,0.824
Liberia,LBR,2008,0.655,0.506,0.824
Liberia,LBR,2009,0.657,0.507,0.824
Liberia,LBR,2010,0.649,0.489,0.824
Liberia,LBR,2011,0.646,0.487,0.824
Liberia,LBR,2012,0.64,0.482,0.85
Liberia,LBR,2013,0.618,0.456,0.85
Liberia,LBR,2014,0.611,0.45,0.85
Liberia,LBR,2015,0.611,0.451,0.85
Liberia,LBR,2016,0.615,0.452,0.85
Liberia,LBR,2017,0.62,0.459,0.858
Liberia,LBR,2018,0.621,0.425,0.891
Liberia,LBR,2019,0.623,0.412,0.891
Liberia,LBR,2020,0.633,0.419,0.862
Liberia,LBR,2021,0.616,0.408,0.866
Liberia,LBR,2022,0.618,0.409,0.866
Liberia,LBR,2023,0.624,0.421,0.877
Liberia,LBR,2024,0.61,0.398,0.877
Malawi,MWI,1960,0.04,0.042,0.155
Malawi,MWI,1961,0.117,0.06,0.141
Malawi,MWI,1962,0.177,0.091,0.141
Malawi,MWI,1963,0.237,0.11,0.141
Malawi,MWI,1964,0.273,0.133,0.145
Malawi,MWI,1965,0.236,0.098,0.119
Malawi,MWI,1966,0.212,0.086,0.119
Malawi,MWI,1967,0.211,0.086,0.135
Malawi,MWI,1968,0.211,0.086,0.135
Malawi,MWI,1969,0.211,0.088,0.135
Malawi,MWI,1970,0.211,0.088,0.135
Malawi,MWI,1971,0.211,0.086,0.138
Malawi,MWI,1972,0.211,0.086,0.138
Malawi,MWI,1973,0.211,0.086,0.138
Malawi,MWI,1974,0.211,0.086,0.138
Malawi,MWI,1975,0.211,0.086,0.138
Malawi,MWI,1976,0.182,0.08,0.138
Malawi,MWI,1977,0.163,0.076,0.138
Malawi,MWI,1978,0.165,0.077,0.138
Malawi,MWI,1979,0.168,0.077,0.138
Malawi,MWI,1980,0.168,0.077,0.138
Malawi,MWI,1981,0.168,0.077,0.138
Malawi,MWI,1982,0.168,0.077,0.138
Malawi,MWI,1983,0.168,0.077,0.138
Malawi,MWI,1984,0.167,0.077,0.138
Malawi,MWI,1985,0.167,0.077,0.138
Malawi,MWI,1986,0.167,0.077,0.138
Malawi,MWI,1987,0.167,0.077,0.138
Malawi,MWI,1988,0.167,0.077,0.138
Malawi,MWI,1989,0.167,0.077,0.138
Malawi,MWI,1990,0.167,0.077,0.138
Malawi,MWI,1991,0.167,0.078,0.141
Malawi,MWI,1992,0.188,0.084,0.141
Malawi,MWI,1993,0.252,0.11,0.144
Malawi,MWI,1994,0.463,0.299,0.533
Malawi,MWI,1995,0.566,0.432,0.661
Malawi,MWI,1996,0.567,0.439,0.661
Malawi,MWI,1997,0.567,0.439,0.661
Malawi,MWI,1998,0.567,0.439,0.661
Malawi,MWI,1999,0.512,0.401,0.661
Malawi,MWI,2000,0.478,0.379,0.646
Malawi,MWI,2001,0.478,0.386,0.646
Malawi,MWI,2002,0.478,0.387,0.646
Malawi,MWI,2003,0.478,0.387,0.646
Malawi,MWI,2004,0.459,0.377,0.646
Malawi,MWI,2005,0.443,0.367,0.634
Malawi,MWI,2006,0.439,0.364,0.631
Malawi,MWI,2007,0.442,0.365,0.631
Malawi,MWI,2008,0.443,0.367,0.631
Malawi,MWI,2009,0.5,0.4,0.632
Malawi,MWI,2010,0.514,0.406,0.66
Malawi,MWI,2011,0.521,0.41,0.66
Malawi,MWI,2012,0.536,0.424,0.66
Malawi,MWI,2013,0.56,0.439,0.645
Malawi,MWI,2014,0.547,0.437,0.641
Malawi,MWI,2015,0.54,0.444,0.641
Malawi,MWI,2016,0.538,0.442,0.661
Malawi,MWI,2017,0.546,0.457,0.612
Malawi,MWI,2018,0.528,0.442,0.657
Malawi,MWI,2019,0.48,0.413,0.684
Malawi,MWI,2020,0.534,0.462,0.679
Malawi,MWI,2021,0.603,0.522,0.672
Malawi,MWI,2022,0.611,0.512,0.718
Malawi,MWI,2023,0.571,0.479,0.68
Malawi,MWI,2024,0.563,0.472,0.721
Maldives,MDV,1960,0.13,0.065,0.703
Maldives,MDV,1961,0.13,0.065,0.703
Maldives,MDV,1962,0.131,0.065,0.703
Maldives,MDV,1963,0.13,0.062,0.703
Maldives,MDV,1964,0.13,0.063,0.703
Maldives,MDV,1965,0.131,0.063,0.703
Maldives,MDV,1966,0.129,0.059,0.703
Maldives,MDV,1967,0.129,0.057,0.703
Maldives,MDV,1968,0.142,0.062,0.707
Maldives,MDV,1969,0.172,0.069,0.709
Maldives,MDV,1970,0.171,0.068,0.709
Maldives,MDV,1971,0.171,0.068,0.709
Maldives,MDV,1972,0.171,0.068,0.709
Maldives,MDV,1973,0.171,0.068,0.709
Maldives,MDV,1974,0.171,0.069,0.709
Maldives,MDV,1975,0.172,0.069,0.709
Maldives,MDV,1976,0.172,0.069,0.709
Maldives,MDV,1977,0.172,0.069,0.709
Maldives,MDV,1978,0.163,0.061,0.757
Maldives,MDV,1979,0.155,0.059,0.762
Maldives,MDV,1980,0.155,0.059,0.762
Maldives,MDV,1981,0.155,0.059,0.762
Maldives,MDV,1982,0.155,0.059,0.762
Maldives,MDV,1983,0.155,0.059,0.762
Maldives,MDV,1984,0.154,0.059,0.762
Maldives,MDV,1985,0.157,0.059,0.762
Maldives,MDV,1986,0.157,0.057,0.762
Maldives,MDV,1987,0.157,0.057,0.762
Maldives,MDV,1988,0.156,0.057,0.762
Maldives,MDV,1989,0.157,0.057,0.762
Maldives,MDV,1990,0.167,0.059,0.774
Maldives,MDV,1991,0.16,0.058,0.774
Maldives,MDV,1992,0.16,0.058,0.774
Maldives,MDV,1993,0.16,0.058,0.774
Maldives,MDV,1994,0.158,0.057,0.774
Maldives,MDV,1995,0.16,0.058,0.776
Maldives,MDV,1996,0.16,0.058,0.776
Maldives,MDV,1997,0.16,0.058,0.776
Maldives,MDV,1998,0.161,0.058,0.783
Maldives,MDV,1999,0.158,0.057,0.783
Maldives,MDV,2000,0.161,0.057,0.783
Maldives,MDV,2001,0.162,0.058,0.783
Maldives,MDV,2002,0.163,0.055,0.783
Maldives,MDV,2003,0.171,0.057,0.783
Maldives,MDV,2004,0.175,0.061,0.787
Maldives,MDV,2005,0.283,0.117,0.733
Maldives,MDV,2006,0.303,0.126,0.697
Maldives,MDV,2007,0.308,0.128,0.697
Maldives,MDV,2008,0.459,0.246,0.627
Maldives,MDV,2009,0.609,0.404,0.605
Maldives,MDV,2010,0.599,0.395,0.607
Maldives,MDV,2011,0.6,0.392,0.607
Maldives,MDV,2012,0.543,0.333,0.657
Maldives,MDV,2013,0.453,0.238,0.714
Maldives,MDV,2014,0.407,0.209,0.72
Maldives,MDV,2015,0.38,0.187,0.736
Maldives,MDV,2016,0.365,0.182,0.716
Maldives,MDV,2017,0.353,0.178,0.705
Maldives,MDV,2018,0.391,0.196,0.706
Maldives,MDV,2019,0.57,0.41,0.496
Maldives,MDV,2020,0.581,0.429,0.47
Maldives,MDV,2021,0.582,0.424,0.466
Maldives,MDV,2022,0.586,0.436,0.466
Maldives,MDV,2023,0.596,0.453,0.463
Maldives,MDV,2024,0.577,0.435,0.411
Mongolia,MNG,1960,0.174,0.056,0.182
Mongolia,MNG,1961,0.176,0.058,0.182
Mongolia,MNG,1962,0.176,0.058,0.182
Mongolia,MNG,1963,0.176,0.058,0.182
Mongolia,MNG,1964,0.176,0.058,0.182
Mongolia,MNG,1965,0.176,0.058,0.182
Mongolia,MNG,1966,0.176,0.058,0.182
Mongolia,MNG,1967,0.175,0.058,0.182
Mongolia,MNG,1968,0.175,0.058,0.182
Mongolia,MNG,1969,0.176,0.058,0.182
Mongolia,MNG,1970,0.176,0.058,0.182
Mongolia,MNG,1971,0.176,0.058,0.182
Mongolia,MNG,1972,0.176,0.058,0.182
Mongolia,MNG,1973,0.177,0.058,0.182
Mongolia,MNG,1974,0.178,0.058,0.182
Mongolia,MNG,1975,0.178,0.058,0.182
Mongolia,MNG,1976,0.178,0.058,0.182
Mongolia,MNG,1977,0.178,0.058,0.182
Mongolia,MNG,1978,0.178,0.058,0.182
Mongolia,MNG,1979,0.178,0.058,0.182
Mongolia,MNG,1980,0.178,0.058,0.182
Mongolia,MNG,1981,0.179,0.058,0.182
Mongolia,MNG,1982,0.18,0.059,0.182
Mongolia,MNG,1983,0.18,0.059,0.182
Mongolia,MNG,1984,0.18,0.059,0.182
Mongolia,MNG,1985,0.18,0.059,0.182
Mongolia,MNG,1986,0.18,0.059,0.182
Mongolia,MNG,1987,0.18,0.059,0.182
Mongolia,MNG,1988,0.18,0.059,0.182
Mongolia,MNG,1989,0.184,0.059,0.184
Mongolia,MNG,1990,0.372,0.235,0.291
Mongolia,MNG,1991,0.555,0.395,0.269
Mongolia,MNG,1992,0.667,0.533,0.282
Mongolia,MNG,1993,0.698,0.569,0.294
Mongolia,MNG,1994,0.698,0.581,0.294
Mongolia,MNG,1995,0.698,0.581,0.294
Mongolia,MNG,1996,0.7,0.591,0.372
Mongolia,MNG,1997,0.707,0.598,0.372
Mongolia,MNG,1998,0.707,0.6,0.372
Mongolia,MNG,1999,0.707,0.603,0.372
Mongolia,MNG,2000,0.674,0.552,0.576
Mongolia,MNG,2001,0.663,0.541,0.576
Mongolia,MNG,2002,0.671,0.551,0.609
Mongolia,MNG,2003,0.672,0.556,0.609
Mongolia,MNG,2004,0.67,0.555,0.624
Mongolia,MNG,2005,0.673,0.557,0.647
Mongolia,MNG,2006,0.685,0.566,0.647
Mongolia,MNG,2007,0.685,0.566,0.647
Mongolia,MNG,2008,0.653,0.539,0.65
Mongolia,MNG,2009,0.662,0.546,0.648
Mongolia,MNG,2010,0.679,0.565,0.645
Mongolia,MNG,2011,0.676,0.563,0.637
Mongolia,MNG,2012,0.683,0.566,0.646
Mongolia,MNG,2013,0.684,0.557,0.622
Mongolia,MNG,2014,0.686,0.556,0.625
Mongolia,MNG,2015,0.681,0.556,0.64
Mongolia,MNG,2016,0.671,0.548,0.641
Mongolia,MNG,2017,0.661,0.544,0.666
Mongolia,MNG,2018,0.653,0.536,0.683
Mongolia,MNG,2019,0.653,0.54,0.697
Mongolia,MNG,2020,0.629,0.523,0.677
Mongolia,MNG,2021,0.609,0.495,0.706
Mongolia,MNG,2022,0.573,0.462,0.724
Mongolia,MNG,2023,0.534,0.412,0.707
Mongolia,MNG,2024,0.498,0.385,0.687
Morocco,MAR,1960,0.071,0.072,0.747
Morocco,MAR,1961,0.071,0.077,0.762
Morocco,MAR,1962,0.071,0.084,0.762
Morocco,MAR,1963,0.153,0.122,0.762
Morocco,MAR,1964,0.168,0.137,0.768
Morocco,MAR,1965,0.159,0.135,0.768
Morocco,MAR,1966,0.132,0.088,0.762
Morocco,MAR,1967,0.132,0.088,0.762
Morocco,MAR,1968,0.132,0.088,0.762
Morocco,MAR,1969,0.124,0.086,0.774
Morocco,MAR,1970,0.136,0.112,0.774
Morocco,MAR,1971,0.152,0.14,0.791
Morocco,MAR,1972,0.152,0.14,0.791
Morocco,MAR,1973,0.151,0.138,0.791
Morocco,MAR,1974,0.135,0.09,0.774
Morocco,MAR,1975,0.13,0.089,0.774
Morocco,MAR,1976,0.13,0.09,0.774
Morocco,MAR,1977,0.145,0.104,0.774
Morocco,MAR,1978,0.156,0.143,0.79
Morocco,MAR,1979,0.159,0.145,0.79
Morocco,MAR,1980,0.159,0.149,0.79
Morocco,MAR,1981,0.159,0.149,0.79
Morocco,MAR,1982,0.159,0.149,0.79
Morocco,MAR,1983,0.159,0.149,0.79
Morocco,MAR,1984,0.16,0.15,0.79
Morocco,MAR,1985,0.16,0.15,0.79
Morocco,MAR,1986,0.16,0.15,0.79
Morocco,MAR,1987,0.164,0.151,0.79
Morocco,MAR,1988,0.164,0.151,0.79
Morocco,MAR,1989,0.164,0.151,0.79
Morocco,MAR,1990,0.17,0.169,0.79
Morocco,MAR,1991,0.172,0.177,0.79
Morocco,MAR,1992,0.185,0.178,0.79
Morocco,MAR,1993,0.19,0.184,0.79
Morocco,MAR,1994,0.192,0.187,0.79
Morocco,MAR,1995,0.192,0.187,0.79
Morocco,MAR,1996,0.192,0.196,0.79
Morocco,MAR,1997,0.201,0.193,0.786
Morocco,MAR,1998,0.212,0.198,0.768
Morocco,MAR,1999,0.213,0.198,0.768
Morocco,MAR,2000,0.237,0.213,0.75
Morocco,MAR,2001,0.239,0.22,0.75
Morocco,MAR,2002,0.243,0.221,0.729
Morocco,MAR,2003,0.253,0.221,0.729
Morocco,MAR,2004,0.253,0.221,0.729
Morocco,MAR,2005,0.258,0.227,0.707
Morocco,MAR,2006,0.255,0.226,0.707
Morocco,MAR,2007,0.258,0.227,0.707
Morocco,MAR,2008,0.252,0.224,0.707
Morocco,MAR,2009,0.254,0.223,0.707
Morocco,MAR,2010,0.256,0.231,0.707
Morocco,MAR,2011,0.262,0.234,0.692
Morocco,MAR,2012,0.265,0.235,0.694
Morocco,MAR,2013,0.269,0.23,0.694
Morocco,MAR,2014,0.27,0.23,0.699
Morocco,MAR,2015,0.264,0.23,0.707
Morocco,MAR,2016,0.266,0.231,0.699
Morocco,MAR,2017,0.259,0.241,0.666
Morocco,MAR,2018,0.262,0.243,0.666
Morocco,MAR,2019,0.257,0.244,0.666
Morocco,MAR,2020,0.257,0.238,0.666
Morocco,MAR,2021,0.261,0.24,0.669
Morocco,MAR,2022,0.262,0.252,0.669
Morocco,MAR,2023,0.262,0.252,0.669
Morocco,MAR,2024,0.261,0.252,0.664
Netherlands,NLD,1960,0.796,0.739,0.016
Netherlands,NLD,1961,0.796,0.739,0.016
Netherlands,NLD,1962,0.796,0.739,0.016
Netherlands,NLD,1963,0.793,0.734,0.016
Netherlands,NLD,1964,0.791,0.731,0.016
Netherlands,NLD,1965,0.791,0.731,0.016
Netherlands,NLD,1966,0.818,0.76,0.016
Netherlands,NLD,1967,0.822,0.764,0.016
Netherlands,NLD,1968,0.826,0.769,0.016
Netherlands,NLD,1969,0.837,0.78,0.016
Netherlands,NLD,1970,0.84,0.786,0.016
Netherlands,NLD,1971,0.841,0.787,0.016
Netherlands,NLD,1972,0.845,0.793,0.016
Netherlands,NLD,1973,0.844,0.791,0.02
Netherlands,NLD,1974,0.844,0.791,0.016
Netherlands,NLD,1975,0.844,0.791,0.016
Netherlands,NLD,1976,0.844,0.791,0.016
Netherlands,NLD,1977,0.843,0.79,0.016
Netherlands,NLD,1978,0.847,0.793,0.016
Netherlands,NLD,1979,0.855,0.802,0.016
Netherlands,NLD,1980,0.86,0.811,0.018
Netherlands,NLD,1981,0.862,0.811,0.018
Netherlands,NLD,1982,0.862,0.814,0.018
Netherlands,NLD,1983,0.861,0.813,0.018
Netherlands,NLD,1984,0.861,0.813,0.018
Netherlands,NLD,1985,0.861,0.813,0.018
Netherlands,NLD,1986,0.86,0.813,0.018
Netherlands,NLD,1987,0.86,0.812,0.018
Netherlands,NLD,1988,0.86,0.812,0.018
Netherlands,NLD,1989,0.861,0.813,0.018
Netherlands,NLD,1990,0.862,0.814,0.018
Netherlands,NLD,1991,0.862,0.814,0.018
Netherlands,NLD,1992,0.862,0.814,0.018
Netherlands,NLD,1993,0.862,0.814,0.018
Netherlands,NLD,1994,0.861,0.813,0.018
Netherlands,NLD,1995,0.861,0.812,0.018
Netherlands,NLD,1996,0.861,0.812,0.018
Netherlands,NLD,1997,0.854,0.805,0.018
Netherlands,NLD,1998,0.847,0.799,0.018
Netherlands,NLD,1999,0.866,0.817,0.018
Netherlands,NLD,2000,0.856,0.808,0.018
Netherlands,NLD,2001,0.856,0.808,0.018
Netherlands,NLD,2002,0.851,0.803,0.022
Netherlands,NLD,2003,0.86,0.813,0.016
Netherlands,NLD,2004,0.86,0.813,0.016
Netherlands,NLD,2005,0.86,0.813,0.016
Netherlands,NLD,2006,0.865,0.817,0.016
Netherlands,NLD,2007,0.872,0.823,0.016
Netherlands,NLD,2008,0.872,0.823,0.016
Netherlands,NLD,2009,0.872,0.823,0.016
Netherlands,NLD,2010,0.874,0.828,0.016
Netherlands,NLD,2011,0.874,0.827,0.016
Netherlands,NLD,2012,0.872,0.825,0.016
Netherlands,NLD,2013,0.878,0.83,0.023
Netherlands,NLD,2014,0.879,0.831,0.023
Netherlands,NLD,2015,0.879,0.831,0.019
Netherlands,NLD,2016,0.879,0.831,0.019
Netherlands,NLD,2017,0.878,0.833,0.019
Netherlands,NLD,2018,0.876,0.83,0.017
Netherlands,NLD,2019,0.866,0.819,0.017
Netherlands,NLD,2020,0.864,0.813,0.019
Netherlands,NLD,2021,0.864,0.812,0.019
Netherlands,NLD,2022,0.852,0.798,0.019
Netherlands,NLD,2023,0.847,0.791,0.019
Netherlands,NLD,2024,0.823,0.766,0.018
Panama,PAN,1960,0.388,0.21,0.62
Panama,PAN,1961,0.394,0.212,0.62
Panama,PAN,1962,0.394,0.212,0.62
Panama,PAN,1963,0.394,0.212,0.62
Panama,PAN,1964,0.341,0.191,0.62
Panama,PAN,1965,0.326,0.185,0.62
Panama,PAN,1966,0.325,0.184,0.62
Panama,PAN,1967,0.323,0.192,0.62
Panama,PAN,1968,0.208,0.11,0.683
Panama,PAN,1969,0.091,0.068,0.624
Panama,PAN,1970,0.09,0.068,0.624
Panama,PAN,1971,0.09,0.068,0.624
Panama,PAN,1972,0.095,0.072,0.624
Panama,PAN,1973,0.102,0.074,0.672
Panama,PAN,1974,0.102,0.074,0.672
Panama,PAN,1975,0.102,0.074,0.672
Panama,PAN,1976,0.102,0.074,0.672
Panama,PAN,1977,0.102,0.074,0.672
Panama,PAN,1978,0.104,0.075,0.672
Panama,PAN,1979,0.122,0.077,0.672
Panama,PAN,1980,0.135,0.078,0.705
Panama,PAN,1981,0.126,0.076,0.745
Panama,PAN,1982,0.123,0.07,0.809
Panama,PAN,1983,0.123,0.07,0.763
Panama,PAN,1984,0.133,0.075,0.763
Panama,PAN,1985,0.132,0.075,0.763
Panama,PAN,1986,0.132,0.07,0.763
Panama,PAN,1987,0.132,0.07,0.763
Panama,PAN,1988,0.132,0.07,0.763
Panama,PAN,1989,0.146,0.073,0.763
Panama,PAN,1990,0.476,0.367,0.703
Panama,PAN,1991,0.684,0.507,0.576
Panama,PAN,1992,0.7,0.518,0.576
Panama,PAN,1993,0.704,0.522,0.576
Panama,PAN,1994,0.707,0.533,0.576
Panama,PAN,1995,0.711,0.534,0.576
Panama,PAN,1996,0.711,0.534,0.576
Panama,PAN,1997,0.711,0.534,0.576
Panama,PAN,1998,0.699,0.524,0.576
Panama,PAN,1999,0.698,0.524,0.576
Panama,PAN,2000,0.73,0.549,0.576
Panama,PAN,2001,0.738,0.558,0.576
Panama,PAN,2002,0.738,0.558,0.576
Panama,PAN,2003,0.738,0.558,0.576
Panama,PAN,2004,0.737,0.561,0.576
Panama,PAN,2005,0.736,0.547,0.576
Panama,PAN,2006,0.736,0.547,0.576
Panama,PAN,2007,0.736,0.547,0.576
Panama,PAN,2008,0.736,0.547,0.576
Panama,PAN,2009,0.739,0.549,0.576
Panama,PAN,2010,0.746,0.554,0.576
Panama,PAN,2011,0.746,0.554,0.576
Panama,PAN,2012,0.746,0.554,0.576
Panama,PAN,2013,0.748,0.547,0.573
Panama,PAN,2014,0.744,0.544,0.573
Panama,PAN,2015,0.755,0.553,0.573
Panama,PAN,2016,0.753,0.55,0.573
Panama,PAN,2017,0.736,0.553,0.546
Panama,PAN,2018,0.732,0.539,0.509
Panama,PAN,2019,0.731,0.535,0.507
Panama,PAN,2020,0.721,0.533,0.515
Panama,PAN,2021,0.735,0.544,0.488
Panama,PAN,2022,0.725,0.559,0.488
Panama,PAN,2023,0.722,0.557,0.506
Panama,PAN,2024,0.728,0.578,0.484
Papua New Guinea,PNG,1960,0.233,0.207,0.661
Papua New Guinea,PNG,1961,0.239,0.209,0.661
Papua New Guinea,PNG,1962,0.24,0.21,0.661
Papua New Guinea,PNG,1963,0.24,0.21,0.661
Papua New Guinea,PNG,1964,0.292,0.231,0.661
Papua New Guinea,PNG,1965,0.291,0.235,0.661
Papua New Guinea,PNG,1966,0.291,0.235,0.661
Papua New Guinea,PNG,1967,0.291,0.235,0.661
Papua New Guinea,PNG,1968,0.292,0.236,0.661
Papua New Guinea,PNG,1969,0.292,0.236,0.661
Papua New Guinea,PNG,1970,0.309,0.241,0.651
Papua New Guinea,PNG,1971,0.309,0.241,0.651
Papua New Guinea,PNG,1972,0.317,0.249,0.651
Papua New Guinea,PNG,1973,0.531,0.364,0.651
Papua New Guinea,PNG,1974,0.531,0.364,0.651
Papua New Guinea,PNG,1975,0.591,0.451,0.612
Papua New Guinea,PNG,1976,0.591,0.451,0.612
Papua New Guinea,PNG,1977,0.584,0.445,0.612
Papua New Guinea,PNG,1978,0.579,0.441,0.612
Papua New Guinea,PNG,1979,0.579,0.441,0.612
Papua New Guinea,PNG,1980,0.572,0.436,0.612
Papua New Guinea,PNG,1981,0.572,0.436,0.612
Papua New Guinea,PNG,1982,0.573,0.437,0.612
Papua New Guinea,PNG,1983,0.573,0.438,0.612
Papua New Guinea,PNG,1984,0.573,0.438,0.612
Papua New Guinea,PNG,1985,0.573,0.438,0.612
Papua New Guinea,PNG,1986,0.573,0.438,0.612
Papua New Guinea,PNG,1987,0.563,0.432,0.612
Papua New Guinea,PNG,1988,0.555,0.426,0.612
Papua New Guinea,PNG,1989,0.554,0.425,0.612
Papua New Guinea,PNG,1990,0.554,0.425,0.612
Papua New Guinea,PNG,1991,0.554,0.425,0.612
Papua New Guinea,PNG,1992,0.545,0.418,0.612
Papua New Guinea,PNG,1993,0.537,0.413,0.612
Papua New Guinea,PNG,1994,0.537,0.413,0.612
Papua New Guinea,PNG,1995,0.537,0.413,0.612
Papua New Guinea,PNG,1996,0.537,0.413,0.612
Papua New Guinea,PNG,1997,0.538,0.414,0.612
Papua New Guinea,PNG,1998,0.538,0.415,0.612
Papua New Guinea,PNG,1999,0.538,0.415,0.612
Papua New Guinea,PNG,2000,0.538,0.415,0.612
Papua New Guinea,PNG,2001,0.538,0.415,0.612
Papua New Guinea,PNG,2002,0.54,0.415,0.612
Papua New Guinea,PNG,2003,0.541,0.416,0.612
Papua New Guinea,PNG,2004,0.537,0.413,0.612
Papua New Guinea,PNG,2005,0.537,0.413,0.612
Papua New Guinea,PNG,2006,0.544,0.417,0.612
Papua New Guinea,PNG,2007,0.511,0.396,0.612
Papua New Guinea,PNG,2008,0.478,0.376,0.612
Papua New Guinea,PNG,2009,0.478,0.376,0.612
Papua New Guinea,PNG,2010,0.475,0.37,0.631
Papua New Guinea,PNG,2011,0.472,0.366,0.658
Papua New Guinea,PNG,2012,0.46,0.354,0.667
Papua New Guinea,PNG,2013,0.448,0.348,0.667
Papua New Guinea,PNG,2014,0.447,0.346,0.667
Papua New Guinea,PNG,2015,0.444,0.345,0.667
Papua New Guinea,PNG,2016,0.445,0.346,0.667
Papua New Guinea,PNG,2017,0.447,0.344,0.702
Papua New Guinea,PNG,2018,0.457,0.351,0.704
Papua New Guinea,PNG,2019,0.462,0.352,0.693
Papua New Guinea,PNG,2020,0.455,0.359,0.673
Papua New Guinea,PNG,2021,0.455,0.355,0.718
Papua New Guinea,PNG,2022,0.467,0.369,0.718
Papua New Guinea,PNG,2023,0.466,0.372,0.738
Papua New Guinea,PNG,2024,0.462,0.38,0.698
Qatar,QAT,1960,0.013,0.055,0.764
Qatar,QAT,1961,0.013,0.055,0.745
Qatar,QAT,1962,0.013,0.055,0.745
Qatar,QAT,1963,0.013,0.055,0.745
Qatar,QAT,1964,0.013,0.055,0.745
Qatar,QAT,1965,0.013,0.055,0.745
Qatar,QAT,1966,0.013,0.055,0.745
Qatar,QAT,1967,0.013,0.055,0.745
Qatar,QAT,1968,0.013,0.056,0.745
Qatar,QAT,1969,0.013,0.056,0.745
Qatar,QAT,1970,0.016,0.063,0.595
Qatar,QAT,1971,0.016,0.073,0.55
Qatar,QAT,1972,0.017,0.073,0.539
Qatar,QAT,1973,0.017,0.073,0.481
Qatar,QAT,1974,0.017,0.073,0.481
Qatar,QAT,1975,0.017,0.073,0.481
Qatar,QAT,1976,0.017,0.073,0.481
Qatar,QAT,1977,0.017,0.073,0.481
Qatar,QAT,1978,0.017,0.073,0.481
Qatar,QAT,1979,0.016,0.073,0.481
Qatar,QAT,1980,0.016,0.075,0.481
Qatar,QAT,1981,0.016,0.075,0.481
Qatar,QAT,1982,0.016,0.075,0.481
Qatar,QAT,1983,0.016,0.075,0.481
Qatar,QAT,1984,0.016,0.075,0.481
Qatar,QAT,1985,0.016,0.075,0.481
Qatar,QAT,1986,0.016,0.075,0.481
Qatar,QAT,1987,0.016,0.075,0.481
Qatar,QAT,1988,0.016,0.075,0.481
Qatar,QAT,1989,0.016,0.076,0.481
Qatar,QAT,1990,0.016,0.08,0.441
Qatar,QAT,1991,0.016,0.08,0.441
Qatar,QAT,1992,0.016,0.08,0.441
Qatar,QAT,1993,0.016,0.08,0.445
Qatar,QAT,1994,0.017,0.081,0.445
Qatar,QAT,1995,0.017,0.083,0.445
Qatar,QAT,1996,0.018,0.087,0.422
Qatar,QAT,1997,0.018,0.087,0.406
Qatar,QAT,1998,0.017,0.088,0.406
Qatar,QAT,1999,0.017,0.088,0.406
Qatar,QAT,2000,0.019,0.091,0.406
Qatar,QAT,2001,0.019,0.09,0.406
Qatar,QAT,2002,0.019,0.09,0.406
Qatar,QAT,2003,0.041,0.095,0.406
Qatar,QAT,2004,0.041,0.096,0.406
Qatar,QAT,2005,0.041,0.097,0.406
Qatar,QAT,2006,0.041,0.096,0.406
Qatar,QAT,2007,0.041,0.097,0.406
Qatar,QAT,2008,0.041,0.097,0.406
Qatar,QAT,2009,0.041,0.097,0.406
Qatar,QAT,2010,0.041,0.095,0.394
Qatar,QAT,2011,0.041,0.096,0.394
Qatar,QAT,2012,0.042,0.096,0.394
Qatar,QAT,2013,0.042,0.089,0.414
Qatar,QAT,2014,0.042,0.088,0.414
Qatar,QAT,2015,0.041,0.089,0.414
Qatar,QAT,2016,0.04,0.089,0.414
Qatar,QAT,2017,0.041,0.085,0.395
Qatar,QAT,2018,0.042,0.088,0.386
Qatar,QAT,2019,0.04,0.082,0.386
Qatar,QAT,2020,0.038,0.083,0.386
Qatar,QAT,2021,0.089,0.081,0.405
Qatar,QAT,2022,0.086,0.081,0.389
Qatar,QAT,2023,0.087,0.083,0.389
Qatar,QAT,2024,0.087,0.095,0.32
Sierra Leone,SLE,1960,0.238,0.121,0.419
Sierra Leone,SLE,1961,0.246,0.14,0.533
Sierra Leone,SLE,1962,0.363,0.186,0.519
Sierra Leone,SLE,1963,0.363,0.186,0.519
Sierra Leone,SLE,1964,0.369,0.186,0.532
Sierra Leone,SLE,1965,0.366,0.18,0.563
Sierra Leone,SLE,1966,0.366,0.177,0.563
Sierra Leone,SLE,1967,0.239,0.115,0.563
Sierra Leone,SLE,1968,0.169,0.077,0.684
Sierra Leone,SLE,1969,0.161,0.078,0.765
Sierra Leone,SLE,1970,0.161,0.076,0.765
Sierra Leone,SLE,1971,0.197,0.091,0.783
Sierra Leone,SLE,1972,0.206,0.09,0.824
Sierra Leone,SLE,1973,0.225,0.095,0.824
Sierra Leone,SLE,1974,0.234,0.097,0.824
Sierra Leone,SLE,1975,0.234,0.097,0.824
Sierra Leone,SLE,1976,0.234,0.097,0.824
Sierra Leone,SLE,1977,0.224,0.096,0.824
Sierra Leone,SLE,1978,0.196,0.088,0.824
Sierra Leone,SLE,1979,0.19,0.084,0.877
Sierra Leone,SLE,1980,0.187,0.084,0.877
Sierra Leone,SLE,1981,0.18,0.082,0.877
Sierra Leone,SLE,1982,0.182,0.083,0.877
Sierra Leone,SLE,1983,0.182,0.083,0.877
Sierra Leone,SLE,1984,0.182,0.083,0.877
Sierra Leone,SLE,1985,0.184,0.083,0.877
Sierra Leone,SLE,1986,0.195,0.086,0.877
Sierra Leone,SLE,1987,0.195,0.086,0.877
Sierra Leone,SLE,1988,0.195,0.086,0.877
Sierra Leone,SLE,1989,0.196,0.087,0.877
Sierra Leone,SLE,1990,0.196,0.086,0.877
Sierra Leone,SLE,1991,0.197,0.06,0.871
Sierra Leone,SLE,1992,0.165,0.049,0.845
Sierra Leone,SLE,1993,0.145,0.032,0.802
Sierra Leone,SLE,1994,0.153,0.034,0.802
Sierra Leone,SLE,1995,0.159,0.035,0.802
Sierra Leone,SLE,1996,0.281,0.12,0.734
Sierra Leone,SLE,1997,0.292,0.094,0.692
Sierra Leone,SLE,1998,0.22,0.075,0.762
Sierra Leone,SLE,1999,0.23,0.081,0.762
Sierra Leone,SLE,2000,0.232,0.088,0.762
Sierra Leone,SLE,2001,0.232,0.088,0.762
Sierra Leone,SLE,2002,0.43,0.261,0.762
Sierra Leone,SLE,2003,0.56,0.362,0.797
Sierra Leone,SLE,2004,0.557,0.36,0.785
Sierra Leone,SLE,2005,0.557,0.353,0.805
Sierra Leone,SLE,2006,0.557,0.35,0.805
Sierra Leone,SLE,2007,0.539,0.346,0.829
Sierra Leone,SLE,2008,0.517,0.325,0.829
Sierra Leone,SLE,2009,0.514,0.324,0.829
Sierra Leone,SLE,2010,0.514,0.328,0.824
Sierra Leone,SLE,2011,0.514,0.328,0.824
Sierra Leone,SLE,2012,0.508,0.324,0.824
Sierra Leone,SLE,2013,0.514,0.318,0.839
Sierra Leone,SLE,2014,0.514,0.318,0.839
Sierra Leone,SLE,2015,0.514,0.318,0.839
Sierra Leone,SLE,2016,0.514,0.314,0.839
Sierra Leone,SLE,2017,0.52,0.346,0.811
Sierra Leone,SLE,2018,0.548,0.38,0.77
Sierra Leone,SLE,2019,0.554,0.392,0.763
Sierra Leone,SLE,2020,0.561,0.426,0.71
Sierra Leone,SLE,2021,0.562,0.436,0.611
Sierra Leone,SLE,2022,0.57,0.439,0.543
Sierra Leone,SLE,2023,0.512,0.391,0.554
Sierra Leone,SLE,2024,0.471,0.363,0.571
Spain,ESP,1960,0.07,0.066,0.479
Spain,ESP,1961,0.07,0.066,0.479
Spain,ESP,1962,0.07,0.066,0.479
Spain,ESP,1963,0.072,0.066,0.479
Spain,ESP,1964,0.072,0.066,0.479
Spain,ESP,1965,0.072,0.066,0.479
Spain,ESP,1966,0.077,0.067,0.479
Spain,ESP,1967,0.086,0.068,0.479
Spain,ESP,1968,0.104,0.071,0.479
Spain,ESP,1969,0.104,0.071,0.479
Spain,ESP,1970,0.104,0.072,0.479
Spain,ESP,1971,0.106,0.072,0.479
Spain,ESP,1972,0.112,0.073,0.479
Spain,ESP,1973,0.112,0.073,0.46
Spain,ESP,1974,0.113,0.073,0.449
Spain,ESP,1975,0.118,0.095,0.377
Spain,ESP,1976,0.145,0.109,0.351
Spain,ESP,1977,0.403,0.276,0.165
Spain,ESP,1978,0.766,0.657,0.046
Spain,ESP,1979,0.859,0.78,0.041
Spain,ESP,1980,0.867,0.788,0.041
Spain,ESP,1981,0.867,0.788,0.041
Spain,ESP,1982,0.881,0.791,0.041
Spain,ESP,1983,0.889,0.804,0.041
Spain,ESP,1984,0.889,0.804,0.041
Spain,ESP,1985,0.889,0.804,0.041
Spain,ESP,1986,0.89,0.805,0.038
Spain,ESP,1987,0.891,0.81,0.038
Spain,ESP,1988,0.891,0.81,0.038
Spain,ESP,1989,0.891,0.81,0.038
Spain,ESP,1990,0.892,0.811,0.038
Spain,ESP,1991,0.892,0.811,0.038
Spain,ESP,1992,0.892,0.811,0.038
Spain,ESP,1993,0.892,0.818,0.038
Spain,ESP,1994,0.892,0.818,0.038
Spain,ESP,1995,0.892,0.818,0.038
Spain,ESP,1996,0.893,0.82,0.038
Spain,ESP,1997,0.894,0.82,0.038
Spain,ESP,1998,0.894,0.82,0.038
Spain,ESP,1999,0.894,0.82,0.038
Spain,ESP,2000,0.893,0.817,0.038
Spain,ESP,2001,0.893,0.817,0.038
Spain,ESP,2002,0.893,0.817,0.038
Spain,ESP,2003,0.875,0.796,0.038
Spain,ESP,2004,0.875,0.808,0.038
Spain,ESP,2005,0.879,0.811,0.038
Spain,ESP,2006,0.879,0.812,0.038
Spain,ESP,2007,0.876,0.808,0.038
Spain,ESP,2008,0.886,0.819,0.038
Spain,ESP,2009,0.888,0.821,0.038
Spain,ESP,2010,0.892,0.825,0.038
Spain,ESP,2011,0.893,0.821,0.041
Spain,ESP,2012,0.889,0.799,0.044
Spain,ESP,2013,0.875,0.778,0.053
Spain,ESP,2014,0.871,0.774,0.053
Spain,ESP,2015,0.856,0.759,0.053
Spain,ESP,2016,0.847,0.766,0.062
Spain,ESP,2017,0.835,0.757,0.051
Spain,ESP,2018,0.851,0.776,0.036
Spain,ESP,2019,0.871,0.804,0.036
Spain,ESP,2020,0.874,0.786,0.033
Spain,ESP,2021,0.85,0.775,0.036
Spain,ESP,2022,0.867,0.782,0.05
Spain,ESP,2023,0.846,0.759,0.067
Spain,ESP,2024,0.826,0.743,0.098
Syria,SYR,1960,0.078,0.061,0.2
Syria,SYR,1961,0.094,0.068,0.2
Syria,SYR,1962,0.26,0.156,0.22
Syria,SYR,1963,0.159,0.106,0.293
Syria,SYR,1964,0.142,0.063,0.373
Syria,SYR,1965,0.142,0.063,0.373
Syria,SYR,1966,0.104,0.048,0.3
Syria,SYR,1967,0.099,0.045,0.3
Syria,SYR,1968,0.099,0.045,0.3
Syria,SYR,1969,0.099,0.043,0.3
Syria,SYR,1970,0.075,0.027,0.753
Syria,SYR,1971,0.137,0.038,0.787
Syria,SYR,1972,0.147,0.04,0.787
Syria,SYR,1973,0.144,0.038,0.787
Syria,SYR,1974,0.143,0.038,0.787
Syria,SYR,1975,0.143,0.037,0.787
Syria,SYR,1976,0.143,0.038,0.787
Syria,SYR,1977,0.144,0.038,0.787
Syria,SYR,1978,0.143,0.037,0.787
Syria,SYR,1979,0.143,0.037,0.787
Syria,SYR,1980,0.143,0.035,0.869
Syria,SYR,1981,0.143,0.035,0.869
Syria,SYR,1982,0.143,0.035,0.869
Syria,SYR,1983,0.143,0.037,0.869
Syria,SYR,1984,0.143,0.037,0.869
Syria,SYR,1985,0.143,0.037,0.869
Syria,SYR,1986,0.143,0.037,0.869
Syria,SYR,1987,0.143,0.035,0.869
Syria,SYR,1988,0.143,0.035,0.869
Syria,SYR,1989,0.143,0.035,0.869
Syria,SYR,1990,0.144,0.037,0.869
Syria,SYR,1991,0.145,0.037,0.869
Syria,SYR,1992,0.144,0.037,0.869
Syria,SYR,1993,0.144,0.037,0.869
Syria,SYR,1994,0.144,0.037,0.869
Syria,SYR,1995,0.145,0.037,0.869
Syria,SYR,1996,0.145,0.037,0.869
Syria,SYR,1997,0.145,0.037,0.869
Syria,SYR,1998,0.144,0.038,0.869
Syria,SYR,1999,0.144,0.038,0.869
Syria,SYR,2000,0.15,0.051,0.896
Syria,SYR,2001,0.152,0.051,0.896
Syria,SYR,2002,0.15,0.051,0.896
Syria,SYR,2003,0.15,0.05,0.896
Syria,SYR,2004,0.149,0.049,0.896
Syria,SYR,2005,0.148,0.05,0.896
Syria,SYR,2006,0.148,0.05,0.896
Syria,SYR,2007,0.145,0.05,0.896
Syria,SYR,2008,0.144,0.05,0.896
Syria,SYR,2009,0.144,0.05,0.896
Syria,SYR,2010,0.144,0.049,0.895
Syria,SYR,2011,0.144,0.038,0.891
Syria,SYR,2012,0.144,0.031,0.92
Syria,SYR,2013,0.136,0.024,0.934
Syria,SYR,2014,0.137,0.024,0.934
Syria,SYR,2015,0.136,0.025,0.934
Syria,SYR,2016,0.136,0.025,0.934
Syria,SYR,2017,0.137,0.025,0.934
Syria,SYR,2018,0.135,0.025,0.934
Syria,SYR,2019,0.136,0.026,0.93
Syria,SYR,2020,0.138,0.031,0.926
Syria,SYR,2021,0.136,0.033,0.924
Syria,SYR,2022,0.137,0.031,0.926
Syria,SYR,2023,0.145,0.044,0.909
Syria,SYR,2024,0.143,0.054,0.797
Tunisia,TUN,1960,0.193,0.146,0.474
Tunisia,TUN,1961,0.193,0.146,0.474
Tunisia,TUN,1962,0.193,0.148,0.474
Tunisia,TUN,1963,0.192,0.148,0.474
Tunisia,TUN,1964,0.192,0.15,0.474
Tunisia,TUN,1965,0.187,0.148,0.474
Tunisia,TUN,1966,0.187,0.148,0.474
Tunisia,TUN,1967,0.187,0.148,0.474
Tunisia,TUN,1968,0.187,0.148,0.474
Tunisia,TUN,1969,0.187,0.148,0.477
Tunisia,TUN,1970,0.187,0.148,0.491
Tunisia,TUN,1971,0.187,0.148,0.491
Tunisia,TUN,1972,0.187,0.148,0.506
Tunisia,TUN,1973,0.187,0.148,0.506
Tunisia,TUN,1974,0.186,0.148,0.506
Tunisia,TUN,1975,0.187,0.148,0.506
Tunisia,TUN,1976,0.189,0.15,0.506
Tunisia,TUN,1977,0.191,0.151,0.506
Tunisia,TUN,1978,0.191,0.151,0.506
Tunisia,TUN,1979,0.189,0.149,0.506
Tunisia,TUN,1980,0.192,0.157,0.525
Tunisia,TUN,1981,0.195,0.158,0.525
Tunisia,TUN,1982,0.196,0.158,0.525
Tunisia,TUN,1983,0.198,0.159,0.525
Tunisia,TUN,1984,0.198,0.159,0.525
Tunisia,TUN,1985,0.196,0.158,0.525
Tunisia,TUN,1986,0.195,0.158,0.525
Tunisia,TUN,1987,0.18,0.154,0.588
Tunisia,TUN,1988,0.113,0.076,0.872
Tunisia,TUN,1989,0.125,0.078,0.872
Tunisia,TUN,1990,0.196,0.092,0.872
Tunisia,TUN,1991,0.197,0.093,0.872
Tunisia,TUN,1992,0.196,0.093,0.872
Tunisia,TUN,1993,0.193,0.092,0.872
Tunisia,TUN,1994,0.189,0.091,0.872
Tunisia,TUN,1995,0.188,0.091,0.872
Tunisia,TUN,1996,0.188,0.091,0.872
Tunisia,TUN,1997,0.188,0.091,0.872
Tunisia,TUN,1998,0.188,0.091,0.872
Tunisia,TUN,1999,0.188,0.091,0.872
Tunisia,TUN,2000,0.189,0.092,0.872
Tunisia,TUN,2001,0.189,0.092,0.872
Tunisia,TUN,2002,0.19,0.091,0.872
Tunisia,TUN,2003,0.19,0.091,0.872
Tunisia,TUN,2004,0.189,0.091,0.872
Tunisia,TUN,2005,0.191,0.092,0.872
Tunisia,TUN,2006,0.191,0.095,0.872
Tunisia,TUN,2007,0.191,0.095,0.872
Tunisia,TUN,2008,0.191,0.095,0.871
Tunisia,TUN,2009,0.191,0.095,0.872
Tunisia,TUN,2010,0.193,0.103,0.862
Tunisia,TUN,2011,0.328,0.247,0.335
Tunisia,TUN,2012,0.765,0.642,0.328
Tunisia,TUN,2013,0.761,0.635,0.346
Tunisia,TUN,2014,0.745,0.632,0.34
Tunisia,TUN,2015,0.727,0.629,0.322
Tunisia,TUN,2016,0.731,0.626,0.371
Tunisia,TUN,2017,0.725,0.632,0.383
Tunisia,TUN,2018,0.728,0.633,0.379
Tunisia,TUN,2019,0.725,0.632,0.379
Tunisia,TUN,2020,0.712,0.623,0.375
Tunisia,TUN,2021,0.535,0.464,0.448
Tunisia,TUN,2022,0.283,0.196,0.417
Tunisia,TUN,2023,0.432,0.283,0.417
Tunisia,TUN,2024,0.422,0.271,0.41
Türkiye,TUR,1960,0.221,0.133,0.397
Türkiye,TUR,1961,0.193,0.115,0.3
Türkiye,TUR,1962,0.289,0.231,0.365
Türkiye,TUR,1963,0.299,0.245,0.365
Türkiye,TUR,1964,0.314,0.252,0.365
Türkiye,TUR,1965,0.32,0.259,0.365
Türkiye,TUR,1966,0.517,0.363,0.38
Türkiye,TUR,1967,0.574,0.396,0.38
Türkiye,TUR,1968,0.574,0.396,0.38
Türkiye,TUR,1969,0.573,0.395,0.38
Türkiye,TUR,1970,0.541,0.369,0.367
Türkiye,TUR,1971,0.482,0.283,0.351
Türkiye,TUR,1972,0.499,0.291,0.351
Türkiye,TUR,1973,0.518,0.31,0.351
Türkiye,TUR,1974,0.568,0.38,0.367
Türkiye,TUR,1975,0.568,0.38,0.367
Türkiye,TUR,1976,0.568,0.383,0.367
Türkiye,TUR,1977,0.565,0.378,0.367
Türkiye,TUR,1978,0.562,0.376,0.367
Türkiye,TUR,1979,0.562,0.375,0.367
Türkiye,TUR,1980,0.335,0.196,0.256
Türkiye,TUR,1981,0.114,0.055,0.256
Türkiye,TUR,1982,0.114,0.061,0.257
Türkiye,TUR,1983,0.147,0.136,0.428
Türkiye,TUR,1984,0.401,0.282,0.442
Türkiye,TUR,1985,0.403,0.282,0.442
Türkiye,TUR,1986,0.414,0.283,0.442
Türkiye,TUR,1987,0.424,0.286,0.483
Türkiye,TUR,1988,0.487,0.321,0.483
Türkiye,TUR,1989,0.487,0.321,0.483
Türkiye,TUR,1990,0.517,0.348,0.483
Türkiye,TUR,1991,0.518,0.361,0.483
Türkiye,TUR,1992,0.533,0.369,0.483
Türkiye,TUR,1993,0.53,0.368,0.483
Türkiye,TUR,1994,0.536,0.371,0.483
Türkiye,TUR,1995,0.538,0.373,0.483
Türkiye,TUR,1996,0.547,0.382,0.483
Türkiye,TUR,1997,0.545,0.391,0.483
Türkiye,TUR,1998,0.544,0.389,0.483
Türkiye,TUR,1999,0.57,0.413,0.508
Türkiye,TUR,2000,0.586,0.425,0.502
Türkiye,TUR,2001,0.591,0.431,0.502
Türkiye,TUR,2002,0.636,0.487,0.517
Türkiye,TUR,2003,0.651,0.498,0.517
Türkiye,TUR,2004,0.657,0.502,0.532
Türkiye,TUR,2005,0.643,0.484,0.532
Türkiye,TUR,2006,0.643,0.483,0.535
Türkiye,TUR,2007,0.616,0.461,0.548
Türkiye,TUR,2008,0.554,0.411,0.582
Türkiye,TUR,2009,0.545,0.403,0.582
Türkiye,TUR,2010,0.525,0.36,0.652
Türkiye,TUR,2011,0.522,0.354,0.666
Türkiye,TUR,2012,0.508,0.346,0.686
Türkiye,TUR,2013,0.469,0.289,0.712
Türkiye,TUR,2014,0.426,0.252,0.777
Türkiye,TUR,2015,0.388,0.23,0.78
Türkiye,TUR,2016,0.308,0.143,0.827
Türkiye,TUR,2017,0.29,0.101,0.837
Türkiye,TUR,2018,0.295,0.104,0.836
Türkiye,TUR,2019,0.289,0.107,0.847
Türkiye,TUR,2020,0.292,0.115,0.851
Türkiye,TUR,2021,0.287,0.113,0.838
Türkiye,TUR,2022,0.285,0.11,0.843
Türkiye,TUR,2023,0.285,0.108,0.841
Türkiye,TUR,2024,0.289,0.109,0.8
Ukraine,UKR,1990,0.372,0.227,0.38
Ukraine,UKR,1991,0.429,0.268,0.427
Ukraine,UKR,1992,0.528,0.326,0.571
Ukraine,UKR,1993,0.528,0.349,0.65
Ukraine,UKR,1994,0.546,0.351,0.67
Ukraine,UKR,1995,0.552,0.325,0.775
Ukraine,UKR,1996,0.543,0.319,0.801
Ukraine,UKR,1997,0.523,0.299,0.801
Ukraine,UKR,1998,0.448,0.257,0.879
Ukraine,UKR,1999,0.422,0.245,0.881
Ukraine,UKR,2000,0.389,0.229,0.866
Ukraine,UKR,2001,0.384,0.233,0.869
Ukraine,UKR,2002,0.394,0.245,0.874
Ukraine,UKR,2003,0.392,0.262,0.883
Ukraine,UKR,2004,0.383,0.271,0.847
Ukraine,UKR,2005,0.448,0.285,0.834
Ukraine,UKR,2006,0.574,0.376,0.85
Ukraine,UKR,2007,0.607,0.4,0.849
Ukraine,UKR,2008,0.608,0.394,0.845
Ukraine,UKR,2009,0.604,0.394,0.867
Ukraine,UKR,2010,0.484,0.264,0.883
Ukraine,UKR,2011,0.483,0.264,0.892
Ukraine,UKR,2012,0.479,0.26,0.892
Ukraine,UKR,2013,0.459,0.251,0.887
Ukraine,UKR,2014,0.417,0.215,0.804
Ukraine,UKR,2015,0.42,0.228,0.784
Ukraine,UKR,2016,0.433,0.24,0.764
Ukraine,UKR,2017,0.43,0.24,0.754
Ukraine,UKR,2018,0.43,0.244,0.746
Ukraine,UKR,2019,0.528,0.318,0.665
Ukraine,UKR,2020,0.552,0.325,0.688
Ukraine,UKR,2021,0.537,0.323,0.666
Ukraine,UKR,2022,0.392,0.235,0.594
Ukraine,UKR,2023,0.39,0.239,0.61
Ukraine,UKR,2024,0.387,0.23,0.633
United Kingdom,GBR,1960,0.808,0.698,0.017
United Kingdom,GBR,1961,0.808,0.699,0.017
United Kingdom,GBR,1962,0.808,0.699,0.017
United Kingdom,GBR,1963,0.808,0.699,0.017
United Kingdom,GBR,1964,0.81,0.714,0.017
United Kingdom,GBR,1965,0.825,0.729,0.017
United Kingdom,GBR,1966,0.824,0.728,0.017
United Kingdom,GBR,1967,0.829,0.731,0.017
United Kingdom,GBR,1968,0.819,0.721,0.017
United Kingdom,GBR,1969,0.819,0.722,0.017
United Kingdom,GBR,1970,0.823,0.729,0.019
United Kingdom,GBR,1971,0.822,0.734,0.027
United Kingdom,GBR,1972,0.822,0.734,0.027
United Kingdom,GBR,1973,0.822,0.734,0.027
United Kingdom,GBR,1974,0.824,0.741,0.027
United Kingdom,GBR,1975,0.825,0.742,0.027
United Kingdom,GBR,1976,0.825,0.742,0.027
United Kingdom,GBR,1977,0.825,0.742,0.027
United Kingdom,GBR,1978,0.825,0.742,0.027
United Kingdom,GBR,1979,0.821,0.732,0.027
United Kingdom,GBR,1980,0.805,0.719,0.03
United Kingdom,GBR,1981,0.805,0.726,0.03
United Kingdom,GBR,1982,0.805,0.726,0.03
United Kingdom,GBR,1983,0.803,0.724,0.03
United Kingdom,GBR,1984,0.802,0.723,0.03
United Kingdom,GBR,1985,0.802,0.723,0.03
United Kingdom,GBR,1986,0.802,0.723,0.03
United Kingdom,GBR,1987,0.803,0.724,0.03
United Kingdom,GBR,1988,0.804,0.726,0.03
United Kingdom,GBR,1989,0.804,0.726,0.03
United Kingdom,GBR,1990,0.816,0.742,0.03
United Kingdom,GBR,1991,0.816,0.742,0.03
United Kingdom,GBR,1992,0.815,0.742,0.03
United Kingdom,GBR,1993,0.814,0.747,0.03
United Kingdom,GBR,1994,0.814,0.751,0.03
United Kingdom,GBR,1995,0.814,0.751,0.03
United Kingdom,GBR,1996,0.814,0.751,0.03
United Kingdom,GBR,1997,0.811,0.746,0.03
United Kingdom,GBR,1998,0.814,0.749,0.032
United Kingdom,GBR,1999,0.835,0.77,0.032
United Kingdom,GBR,2000,0.848,0.785,0.032
United Kingdom,GBR,2001,0.856,0.792,0.04
United Kingdom,GBR,2002,0.857,0.793,0.04
United Kingdom,GBR,2003,0.857,0.793,0.04
United Kingdom,GBR,2004,0.857,0.793,0.04
United Kingdom,GBR,2005,0.863,0.8,0.04
United Kingdom,GBR,2006,0.87,0.807,0.04
United Kingdom,GBR,2007,0.87,0.807,0.04
United Kingdom,GBR,2008,0.87,0.807,0.04
United Kingdom,GBR,2009,0.87,0.807,0.04
United Kingdom,GBR,2010,0.866,0.802,0.04
United Kingdom,GBR,2011,0.865,0.801,0.04
United Kingdom,GBR,2012,0.868,0.804,0.04
United Kingdom,GBR,2013,0.864,0.796,0.04
United Kingdom,GBR,2014,0.861,0.794,0.04
United Kingdom,GBR,2015,0.855,0.788,0.04
United Kingdom,GBR,2016,0.854,0.787,0.04
United Kingdom,GBR,2017,0.865,0.801,0.038
United Kingdom,GBR,2018,0.875,0.811,0.038
United Kingdom,GBR,2019,0.854,0.787,0.041
United Kingdom,GBR,2020,0.871,0.8,0.042
United Kingdom,GBR,2021,0.857,0.781,0.053
United Kingdom,GBR,2022,0.844,0.768,0.053
United Kingdom,GBR,2023,0.852,0.771,0.052
United Kingdom,GBR,2024,0.832,0.75,0.043
Uruguay,URY,1960,0.786,0.664,0.113
Uruguay,URY,1961,0.786,0.664,0.113
Uruguay,URY,1962,0.786,0.664,0.113
Uruguay,URY,1963,0.768,0.649,0.113
Uruguay,URY,1964,0.762,0.643,0.113
Uruguay,URY,1965,0.763,0.641,0.113
Uruguay,URY,1966,0.763,0.646,0.113
Uruguay,URY,1967,0.741,0.63,0.113
Uruguay,URY,1968,0.627,0.492,0.113
Uruguay,URY,1969,0.614,0.483,0.113
Uruguay,URY,1970,0.589,0.44,0.113
Uruguay,URY,1971,0.559,0.411,0.113
Uruguay,URY,1972,0.489,0.337,0.113
Uruguay,URY,1973,0.172,0.061,0.169
Uruguay,URY,1974,0.097,0.044,0.219
Uruguay,URY,1975,0.097,0.044,0.219
Uruguay,URY,1976,0.092,0.043,0.219
Uruguay,URY,1977,0.092,0.042,0.219
Uruguay,URY,1978,0.092,0.042,0.219
Uruguay,URY,1979,0.092,0.042,0.219
Uruguay,URY,1980,0.104,0.045,0.219
Uruguay,URY,1981,0.104,0.045,0.219
Uruguay,URY,1982,0.109,0.046,0.219
Uruguay,URY,1983,0.109,0.046,0.219
Uruguay,URY,1984,0.129,0.054,0.219
Uruguay,URY,1985,0.683,0.573,0.042
Uruguay,URY,1986,0.815,0.7,0.038
Uruguay,URY,1987,0.815,0.726,0.038
Uruguay,URY,1988,0.815,0.726,0.038
Uruguay,URY,1989,0.816,0.727,0.038
Uruguay,URY,1990,0.836,0.76,0.046
Uruguay,URY,1991,0.837,0.762,0.046
Uruguay,URY,1992,0.837,0.762,0.046
Uruguay,URY,1993,0.837,0.762,0.046
Uruguay,URY,1994,0.838,0.761,0.046
Uruguay,URY,1995,0.871,0.794,0.041
Uruguay,URY,1996,0.871,0.796,0.041
Uruguay,URY,1997,0.871,0.795,0.041
Uruguay,URY,1998,0.877,0.804,0.041
Uruguay,URY,1999,0.875,0.802,0.041
Uruguay,URY,2000,0.873,0.797,0.041
Uruguay,URY,2001,0.873,0.802,0.041
Uruguay,URY,2002,0.873,0.802,0.041
Uruguay,URY,2003,0.873,0.79,0.041
Uruguay,URY,2004,0.874,0.808,0.041
Uruguay,URY,2005,0.89,0.819,0.041
Uruguay,URY,2006,0.892,0.823,0.041
Uruguay,URY,2007,0.892,0.823,0.041
Uruguay,URY,2008,0.892,0.822,0.041
Uruguay,URY,2009,0.894,0.825,0.041
Uruguay,URY,2010,0.912,0.847,0.041
Uruguay,URY,2011,0.912,0.847,0.041
Uruguay,URY,2012,0.912,0.847,0.041
Uruguay,URY,2013,0.91,0.843,0.049
Uruguay,URY,2014,0.909,0.843,0.049
Uruguay,URY,2015,0.897,0.832,0.042
Uruguay,URY,2016,0.897,0.832,0.042
Uruguay,URY,2017,0.89,0.828,0.042
Uruguay,URY,2018,0.896,0.836,0.042
Uruguay,URY,2019,0.896,0.836,0.042
Uruguay,URY,2020,0.867,0.808,0.055
Uruguay,URY,2021,0.852,0.789,0.063
Uruguay,URY,2022,0.818,0.747,0.08
Uruguay,URY,2023,0.833,0.756,0.068
Uruguay,URY,2024,0.846,0.768,0.051
Algeria,DZA,1960,0.075,0.035,0.279
Algeria,DZA,1961,0.075,0.035,0.279
Algeria,DZA,1962,0.076,0.042,0.289
Algeria,DZA,1963,0.189,0.092,0.398
Algeria,DZA,1964,0.186,0.091,0.398
Algeria,DZA,1965,0.131,0.077,0.243
Algeria,DZA,1966,0.084,0.063,0.32
Algeria,DZA,1967,0.084,0.063,0.32
Algeria,DZA,1968,0.084,0.063,0.32
Algeria,DZA,1969,0.084,0.063,0.32
Algeria,DZA,1970,0.084,0.063,0.32
Algeria,DZA,1971,0.084,0.063,0.32
Algeria,DZA,1972,0.084,0.063,0.32
Algeria,DZA,1973,0.084,0.063,0.32
Algeria,DZA,1974,0.084,0.063,0.32
Algeria,DZA,1975,0.084,0.063,0.32
Algeria,DZA,1976,0.088,0.064,0.32
Algeria,DZA,1977,0.187,0.112,0.321
Algeria,DZA,1978,0.192,0.105,0.462
Algeria,DZA,1979,0.193,0.108,0.544
Algeria,DZA,1980,0.195,0.111,0.586
Algeria,DZA,1981,0.195,0.111,0.586
Algeria,DZA,1982,0.204,0.114,0.586
Algeria,DZA,1983,0.206,0.114,0.586
Algeria,DZA,1984,0.205,0.114,0.586
Algeria,DZA,1985,0.205,0.116,0.586
Algeria,DZA,1986,0.205,0.116,0.586
Algeria,DZA,1987,0.207,0.116,0.586
Algeria,DZA,1988,0.206,0.118,0.586
Algeria,DZA,1989,0.222,0.125,0.532
Algeria,DZA,1990,0.35,0.164,0.532
Algeria,DZA,1991,0.35,0.157,0.532
Algeria,DZA,1992,0.188,0.081,0.512
Algeria,DZA,1993,0.173,0.079,0.567
Algeria,DZA,1994,0.179,0.101,0.577
Algeria,DZA,1995,0.186,0.113,0.582
Algeria,DZA,1996,0.332,0.157,0.582
Algeria,DZA,1997,0.319,0.153,0.582
Algeria,DZA,1998,0.312,0.15,0.582
Algeria,DZA,1999,0.328,0.161,0.647
Algeria,DZA,2000,0.326,0.161,0.654
Algeria,DZA,2001,0.326,0.161,0.654
Algeria,DZA,2002,0.326,0.161,0.654
Algeria,DZA,2003,0.331,0.163,0.654
Algeria,DZA,2004,0.333,0.163,0.654
Algeria,DZA,2005,0.335,0.168,0.654
Algeria,DZA,2006,0.335,0.168,0.654
Algeria,DZA,2007,0.334,0.166,0.654
Algeria,DZA,2008,0.329,0.165,0.654
Algeria,DZA,2009,0.327,0.164,0.654
Algeria,DZA,2010,0.322,0.164,0.67
Algeria,DZA,2011,0.322,0.165,0.67
Algeria,DZA,2012,0.324,0.167,0.67
Algeria,DZA,2013,0.327,0.171,0.642
Algeria,DZA,2014,0.324,0.173,0.642
Algeria,DZA,2015,0.331,0.175,0.642
Algeria,DZA,2016,0.308,0.165,0.634
Algeria,DZA,2017,0.309,0.16,0.651
Algeria,DZA,2018,0.305,0.161,0.662
Algeria,DZA,2019,0.293,0.153,0.654
Algeria,DZA,2020,0.279,0.152,0.675
Algeria,DZA,2021,0.282,0.139,0.683
Algeria,DZA,2022,0.269,0.126,0.666
Algeria,DZA,2023,0.265,0.123,0.662
Algeria,DZA,2024,0.26,0.123,0.662
Angola,AGO,1960,0.008,0.034,0.344
Angola,AGO,1961,0.008,0.034,0.344
Angola,AGO,1962,0.008,0.034,0.344
Angola,AGO,1963,0.008,0.034,0.344
Angola,AGO,1964,0.008,0.034,0.344
Angola,AGO,1965,0.008,0.034,0.344
Angola,AGO,1966,0.008,0.034,0.344
Angola,AGO,1967,0.008,0.034,0.344
Angola,AGO,1968,0.008,0.034,0.344
Angola,AGO,1969,0.009,0.035,0.344
Angola,AGO,1970,0.009,0.035,0.344
Angola,AGO,1971,0.009,0.035,0.344
Angola,AGO,1972,0.009,0.035,0.344
Angola,AGO,1973,0.021,0.042,0.344
Angola,AGO,1974,0.021,0.043,0.312
Angola,AGO,1975,0.073,0.042,0.44
Angola,AGO,1976,0.073,0.046,0.44
Angola,AGO,1977,0.073,0.046,0.44
Angola,AGO,1978,0.073,0.046,0.451
Angola,AGO,1979,0.073,0.046,0.471
Angola,AGO,1980,0.073,0.045,0.564
Angola,AGO,1981,0.073,0.045,0.564
Angola,AGO,1982,0.073,0.045,0.572
Angola,AGO,1983,0.073,0.045,0.572
Angola,AGO,1984,0.073,0.045,0.572
Angola,AGO,1985,0.073,0.045,0.572
Angola,AGO,1986,0.073,0.045,0.572
Angola,AGO,1987,0.073,0.045,0.616
Angola,AGO,1988,0.073,0.045,0.638
Angola,AGO,1989,0.073,0.045,0.638
Angola,AGO,1990,0.075,0.05,0.638
Angola,AGO,1991,0.083,0.055,0.701
Angola,AGO,1992,0.146,0.076,0.78
Angola,AGO,1993,0.155,0.075,0.799
Angola,AGO,1994,0.155,0.075,0.799
Angola,AGO,1995,0.155,0.076,0.819
Angola,AGO,1996,0.155,0.076,0.819
Angola,AGO,1997,0.155,0.076,0.819
Angola,AGO,1998,0.155,0.076,0.819
Angola,AGO,1999,0.155,0.076,0.819
Angola,AGO,2000,0.155,0.077,0.819
Angola,AGO,2001,0.155,0.079,0.819
Angola,AGO,2002,0.159,0.079,0.844
Angola,AGO,2003,0.166,0.083,0.868
Angola,AGO,2004,0.165,0.085,0.868
Angola,AGO,2005,0.168,0.086,0.868
Angola,AGO,2006,0.168,0.086,0.868
Angola,AGO,2007,0.168,0.088,0.868
Angola,AGO,2008,0.181,0.092,0.868
Angola,AGO,2009,0.209,0.1,0.868
Angola,AGO,2010,0.211,0.098,0.868
Angola,AGO,2011,0.295,0.121,0.868
Angola,AGO,2012,0.294,0.121,0.868
Angola,AGO,2013,0.29,0.122,0.865
Angola,AGO,2014,0.29,0.122,0.865
Angola,AGO,2015,0.29,0.122,0.865
Angola,AGO,2016,0.29,0.123,0.865
Angola,AGO,2017,0.307,0.139,0.724
Angola,AGO,2018,0.35,0.161,0.627
Angola,AGO,2019,0.347,0.162,0.599
Angola,AGO,2020,0.336,0.16,0.617
Angola,AGO,2021,0.325,0.151,0.575
Angola,AGO,2022,0.326,0.153,0.562
Angola,AGO,2023,0.329,0.154,0.579
Angola,AGO,2024,0.342,0.161,0.546
Armenia,ARM,1990,0.565,0.327,0.338
Armenia,ARM,1991,0.608,0.348,0.398
Armenia,ARM,1992,0.611,0.338,0.42
Armenia,ARM,1993,0.597,0.327,0.492
Armenia,ARM,1994,0.584,0.318,0.492
Armenia,ARM,1995,0.489,0.273,0.604
Armenia,ARM,1996,0.419,0.235,0.673
Armenia,ARM,1997,0.392,0.224,0.688
Armenia,ARM,1998,0.404,0.214,0.79
Armenia,ARM,1999,0.413,0.211,0.771
Armenia,ARM,2000,0.416,0.21,0.809
Armenia,ARM,2001,0.415,0.211,0.866
Armenia,ARM,2002,0.405,0.205,0.866
Armenia,ARM,2003,0.349,0.186,0.866
Armenia,ARM,2004,0.34,0.181,0.866
Armenia,ARM,2005,0.338,0.185,0.866
Armenia,ARM,2006,0.338,0.185,0.866
Armenia,ARM,2007,0.347,0.188,0.866
Armenia,ARM,2008,0.317,0.172,0.858
Armenia,ARM,2009,0.318,0.18,0.858
Armenia,ARM,2010,0.331,0.188,0.854
Armenia,ARM,2011,0.333,0.189,0.854
Armenia,ARM,2012,0.353,0.201,0.848
Armenia,ARM,2013,0.349,0.206,0.847
Armenia,ARM,2014,0.342,0.201,0.847
Armenia,ARM,2015,0.346,0.203,0.847
Armenia,ARM,2016,0.348,0.204,0.847
Armenia,ARM,2017,0.381,0.219,0.813
Armenia,ARM,2018,0.524,0.404,0.344
Armenia,ARM,2019,0.796,0.62,0.291
Armenia,ARM,2020,0.781,0.576,0.3
Armenia,ARM,2021,0.724,0.532,0.311
Armenia,ARM,2022,0.654,0.448,0.319
Armenia,ARM,2023,0.631,0.421,0.372
Armenia,ARM,2024,0.625,0.412,0.372
Azerbaijan,AZE,1990,0.172,0.078,0.656
Azerbaijan,AZE,1991,0.186,0.095,0.656
Azerbaijan,AZE,1992,0.367,0.206,0.63
Azerbaijan,AZE,1993,0.306,0.137,0.841
Azerbaijan,AZE,1994,0.249,0.086,0.928
Azerbaijan,AZE,1995,0.247,0.083,0.928
Azerbaijan,AZE,1996,0.235,0.083,0.928
Azerbaijan,AZE,1997,0.237,0.084,0.928
Azerbaijan,AZE,1998,0.244,0.083,0.953
Azerbaijan,AZE,1999,0.239,0.079,0.953
Azerbaijan,AZE,2000,0.245,0.081,0.959
Azerbaijan,AZE,2001,0.242,0.08,0.959
Azerbaijan,AZE,2002,0.241,0.079,0.959
Azerbaijan,AZE,2003,0.238,0.076,0.959
Azerbaijan,AZE,2004,0.221,0.075,0.959
Azerbaijan,AZE,2005,0.221,0.074,0.959
Azerbaijan,AZE,2006,0.219,0.072,0.959
Azerbaijan,AZE,2007,0.216,0.071,0.958
Azerbaijan,AZE,2008,0.212,0.07,0.956
Azerbaijan,AZE,2009,0.212,0.07,0.956
Azerbaijan,AZE,2010,0.213,0.069,0.952
Azerbaijan,AZE,2011,0.209,0.068,0.952
Azerbaijan,AZE,2012,0.206,0.067,0.949
Azerbaijan,AZE,2013,0.202,0.067,0.946
Azerbaijan,AZE,2014,0.195,0.064,0.946
Azerbaijan,AZE,2015,0.193,0.063,0.946
Azerbaijan,AZE,2016,0.199,0.062,0.942
Azerbaijan,AZE,2017,0.202,0.067,0.943
Azerbaijan,AZE,2018,0.192,0.058,0.939
Azerbaijan,AZE,2019,0.195,0.063,0.924
Azerbaijan,AZE,2020,0.194,0.064,0.936
Azerbaijan,AZE,2021,0.193,0.066,0.913
Azerbaijan,AZE,2022,0.185,0.062,0.913
Azerbaijan,AZE,2023,0.185,0.062,0.882
Azerbaijan,AZE,2024,0.174,0.053,0.902
Belarus,BLR,1990,0.457,0.343,0.412
Belarus,BLR,1991,0.489,0.368,0.419
Belarus,BLR,1992,0.565,0.443,0.422
Belarus,BLR,1993,0.559,0.44,0.455
Belarus,BLR,1994,0.546,0.404,0.488
Belarus,BLR,1995,0.501,0.358,0.475
Belarus,BLR,1996,0.443,0.213,0.476
Belarus,BLR,1997,0.369,0.139,0.398
Belarus,BLR,1998,0.343,0.131,0.398
Belarus,BLR,1999,0.332,0.114,0.369
Belarus,BLR,2000,0.296,0.107,0.369
Belarus,BLR,2001,0.247,0.102,0.359
Belarus,BLR,2002,0.243,0.1,0.359
Belarus,BLR,2003,0.241,0.098,0.359
Belarus,BLR,2004,0.24,0.097,0.359
Belarus,BLR,2005,0.233,0.095,0.359
Belarus,BLR,2006,0.225,0.094,0.359
Belarus,BLR,2007,0.222,0.095,0.359
Belarus,BLR,2008,0.224,0.096,0.359
Belarus,BLR,2009,0.227,0.097,0.359
Belarus,BLR,2010,0.226,0.095,0.359
Belarus,BLR,2011,0.216,0.093,0.359
Belarus,BLR,2012,0.221,0.094,0.359
Belarus,BLR,2013,0.242,0.099,0.345
Belarus,BLR,2014,0.243,0.099,0.345
Belarus,BLR,2015,0.247,0.1,0.345
Belarus,BLR,2016,0.256,0.107,0.33
Belarus,BLR,2017,0.254,0.107,0.334
Belarus,BLR,2018,0.252,0.109,0.334
Belarus,BLR,2019,0.259,0.11,0.333
Belarus,BLR,2020,0.208,0.045,0.372
Belarus,BLR,2021,0.172,0.035,0.372
Belarus,BLR,2022,0.171,0.036,0.41
Belarus,BLR,2023,0.157,0.035,0.419
Belarus,BLR,2024,0.16,0.036,0.419
Cameroon,CMR,1961,0.162,0.071,0.565
Cameroon,CMR,1962,0.162,0.071,0.565
Cameroon,CMR,1963,0.162,0.071,0.565
Cameroon,CMR,1964,0.16,0.071,0.565
Cameroon,CMR,1965,0.16,0.071,0.565
Cameroon,CMR,1966,0.157,0.07,0.565
Cameroon,CMR,1967,0.157,0.07,0.565
Cameroon,CMR,1968,0.157,0.07,0.565
Cameroon,CMR,1969,0.157,0.07,0.565
Cameroon,CMR,1970,0.157,0.071,0.565
Cameroon,CMR,1971,0.157,0.069,0.565
Cameroon,CMR,1972,0.157,0.071,0.565
Cameroon,CMR,1973,0.157,0.07,0.565
Cameroon,CMR,1974,0.157,0.071,0.565
Cameroon,CMR,1975,0.158,0.071,0.565
Cameroon,CMR,1976,0.158,0.071,0.565
Cameroon,CMR,1977,0.158,0.07,0.565
Cameroon,CMR,1978,0.158,0.07,0.565
Cameroon,CMR,1979,0.157,0.07,0.565
Cameroon,CMR,1980,0.162,0.08,0.621
Cameroon,CMR,1981,0.162,0.08,0.631
Cameroon,CMR,1982,0.169,0.09,0.698
Cameroon,CMR,1983,0.177,0.097,0.718
Cameroon,CMR,1984,0.177,0.101,0.718
Cameroon,CMR,1985,0.179,0.1,0.733
Cameroon,CMR,1986,0.179,0.1,0.744
Cameroon,CMR,1987,0.179,0.1,0.753
Cameroon,CMR,1988,0.179,0.101,0.753
Cameroon,CMR,1989,0.179,0.101,0.753
Cameroon,CMR,1990,0.245,0.127,0.849
Cameroon,CMR,1991,0.263,0.137,0.863
Cameroon,CMR,1992,0.288,0.144,0.89
Cameroon,CMR,1993,0.288,0.148,0.924
Cameroon,CMR,1994,0.288,0.146,0.924
Cameroon,CMR,1995,0.287,0.146,0.924
Cameroon,CMR,1996,0.287,0.144,0.917
Cameroon,CMR,1997,0.289,0.144,0.917
Cameroon,CMR,1998,0.292,0.147,0.917
Cameroon,CMR,1999,0.292,0.147,0.917
Cameroon,CMR,2000,0.304,0.157,0.917
Cameroon,CMR,2001,0.304,0.156,0.917
Cameroon,CMR,2002,0.306,0.156,0.917
Cameroon,CMR,2003,0.309,0.157,0.917
Cameroon,CMR,2004,0.312,0.158,0.917
Cameroon,CMR,2005,0.315,0.155,0.917
Cameroon,CMR,2006,0.315,0.155,0.933
Cameroon,CMR,2007,0.314,0.153,0.933
Cameroon,CMR,2008,0.311,0.153,0.933
Cameroon,CMR,2009,0.311,0.154,0.933
Cameroon,CMR,2010,0.314,0.154,0.933
Cameroon,CMR,2011,0.317,0.155,0.93
Cameroon,CMR,2012,0.321,0.159,0.934
Cameroon,CMR,2013,0.319,0.15,0.938
Cameroon,CMR,2014,0.326,0.152,0.938
Cameroon,CMR,2015,0.324,0.152,0.938
Cameroon,CMR,2016,0.307,0.139,0.946
Cameroon,CMR,2017,0.298,0.131,0.932
Cameroon,CMR,2018,0.293,0.12,0.946
Cameroon,CMR,2019,0.28,0.116,0.95
Cameroon,CMR,2020,0.285,0.123,0.946
Cameroon,CMR,2021,0.282,0.121,0.93
Cameroon,CMR,2022,0.291,0.138,0.93
Cameroon,CMR,2023,0.279,0.122,0.947
Cameroon,CMR,2024,0.277,0.126,0.932
Chad,TCD,1960,0.213,0.104,0.533
Chad,TCD,1961,0.257,0.116,0.533
Chad,TCD,1962,0.207,0.103,0.533
Chad,TCD,1963,0.192,0.099,0.533
Chad,TCD,1964,0.192,0.099,0.533
Chad,TCD,1965,0.192,0.096,0.533
Chad,TCD,1966,0.192,0.093,0.533
Chad,TCD,1967,0.192,0.089,0.533
Chad,TCD,1968,0.191,0.089,0.533
Chad,TCD,1969,0.191,0.089,0.533
Chad,TCD,1970,0.192,0.088,0.533
Chad,TCD,1971,0.192,0.088,0.533
Chad,TCD,1972,0.186,0.086,0.533
Chad,TCD,1973,0.187,0.086,0.533
Chad,TCD,1974,0.187,0.086,0.533
Chad,TCD,1975,0.118,0.062,0.58
Chad,TCD,1976,0.091,0.051,0.597
Chad,TCD,1977,0.091,0.051,0.597
Chad,TCD,1978,0.091,0.051,0.597
Chad,TCD,1979,0.091,0.049,0.597
Chad,TCD,1980,0.09,0.03,0.654
Chad,TCD,1981,0.09,0.028,0.654
Chad,TCD,1982,0.08,0.029,0.656
Chad,TCD,1983,0.08,0.034,0.701
Chad,TCD,1984,0.08,0.034,0.701
Chad,TCD,1985,0.08,0.034,0.701
Chad,TCD,1986,0.08,0.034,0.701
Chad,TCD,1987,0.08,0.034,0.701
Chad,TCD,1988,0.08,0.034,0.701
Chad,TCD,1989,0.08,0.034,0.725
Chad,TCD,1990,0.125,0.043,0.76
Chad,TCD,1991,0.168,0.057,0.959
Chad,TCD,1992,0.173,0.058,0.959
Chad,TCD,1993,0.173,0.069,0.959
Chad,TCD,1994,0.173,0.077,0.955
Chad,TCD,1995,0.173,0.077,0.955
Chad,TCD,1996,0.221,0.082,0.957
Chad,TCD,1997,0.278,0.096,0.957
Chad,TCD,1998,0.279,0.097,0.957
Chad,TCD,1999,0.279,0.097,0.957
Chad,TCD,2000,0.279,0.097,0.957
Chad,TCD,2001,0.276,0.096,0.957
Chad,TCD,2002,0.273,0.095,0.957
Chad,TCD,2003,0.273,0.095,0.957
Chad,TCD,2004,0.278,0.096,0.957
Chad,TCD,2005,0.274,0.096,0.957
Chad,TCD,2006,0.277,0.095,0.959
Chad,TCD,2007,0.274,0.094,0.959
Chad,TCD,2008,0.277,0.094,0.959
Chad,TCD,2009,0.278,0.097,0.959
Chad,TCD,2010,0.279,0.099,0.959
Chad,TCD,2011,0.281,0.099,0.959
Chad,TCD,2012,0.28,0.099,0.959
Chad,TCD,2013,0.277,0.093,0.965
Chad,TCD,2014,0.274,0.091,0.965
Chad,TCD,2015,0.279,0.091,0.965
Chad,TCD,2016,0.28,0.092,0.965
Chad,TCD,2017,0.265,0.084,0.94
Chad,TCD,2018,0.267,0.079,0.938
Chad,TCD,2019,0.27,0.088,0.938
Chad,TCD,2020,0.268,0.088,0.938
Chad,TCD,2021,0.177,0.054,0.95
Chad,TCD,2022,0.145,0.041,0.957
Chad,TCD,2023,0.148,0.051,0.952
Chad,TCD,2024,0.202,0.054,0.952
China,CHN,1960,0.069,0.037,0.25
China,CHN,1961,0.07,0.037,0.25
China,CHN,1962,0.07,0.037,0.25
China,CHN,1963,0.07,0.037,0.25
China,CHN,1964,0.07,0.037,0.25
China,CHN,1965,0.07,0.037,0.25
China,CHN,1966,0.071,0.036,0.257
China,CHN,1967,0.071,0.036,0.257
China,CHN,1968,0.071,0.036,0.27
China,CHN,1969,0.069,0.035,0.27
China,CHN,1970,0.068,0.036,0.27
China,CHN,1971,0.068,0.036,0.27
China,CHN,1972,0.068,0.036,0.27
China,CHN,1973,0.07,0.036,0.27
China,CHN,1974,0.07,0.036,0.27
China,CHN,1975,0.07,0.036,0.27
China,CHN,1976,0.07,0.036,0.27
China,CHN,1977,0.069,0.037,0.281
China,CHN,1978,0.076,0.043,0.298
China,CHN,1979,0.092,0.06,0.322
China,CHN,1980,0.098,0.066,0.413
China,CHN,1981,0.098,0.067,0.425
China,CHN,1982,0.098,0.067,0.425
China,CHN,1983,0.098,0.067,0.456
China,CHN,1984,0.098,0.067,0.456
China,CHN,1985,0.098,0.067,0.471
China,CHN,1986,0.102,0.067,0.475
China,CHN,1987,0.104,0.067,0.475
China,CHN,1988,0.104,0.067,0.475
China,CHN,1989,0.1,0.066,0.475
China,CHN,1990,0.093,0.065,0.512
China,CHN,1991,0.094,0.065,0.512
China,CHN,1992,0.096,0.065,0.525
China,CHN,1993,0.101,0.067,0.557
China,CHN,1994,0.102,0.067,0.574
China,CHN,1995,0.102,0.069,0.574
China,CHN,1996,0.102,0.068,0.574
China,CHN,1997,0.102,0.068,0.574
China,CHN,1998,0.102,0.069,0.574
China,CHN,1999,0.102,0.07,0.589
China,CHN,2000,0.1,0.07,0.597
China,CHN,2001,0.102,0.071,0.597
China,CHN,2002,0.102,0.073,0.597
China,CHN,2003,0.103,0.074,0.597
China,CHN,2004,0.102,0.073,0.597
China,CHN,2005,0.094,0.057,0.552
China,CHN,2006,0.094,0.057,0.552
China,CHN,2007,0.095,0.057,0.552
China,CHN,2008,0.095,0.057,0.548
China,CHN,2009,0.094,0.057,0.547
China,CHN,2010,0.094,0.057,0.549
China,CHN,2011,0.094,0.056,0.549
China,CHN,2012,0.094,0.056,0.537
China,CHN,2013,0.086,0.053,0.491
China,CHN,2014,0.084,0.052,0.483
China,CHN,2015,0.082,0.052,0.48
China,CHN,2016,0.08,0.052,0.48
China,CHN,2017,0.078,0.052,0.481
China,CHN,2018,0.076,0.048,0.475
China,CHN,2019,0.075,0.047,0.463
China,CHN,2020,0.075,0.042,0.455
China,CHN,2021,0.077,0.044,0.467
China,CHN,2022,0.075,0.042,0.463
China,CHN,2023,0.074,0.037,0.525
China,CHN,2024,0.073,0.037,0.55
Democratic Republic of the Congo,COD,1960,0.217,0.102,0.488
Democratic Republic of the Congo,COD,1961,0.28,0.148,0.484
Democratic Republic of the Congo,COD,1962,0.28,0.148,0.484
Democratic Republic of the Congo,COD,1963,0.28,0.135,0.484
Democratic Republic of the Congo,COD,1964,0.28,0.126,0.5
Democratic Republic of the Congo,COD,1965,0.2,0.095,0.567
Democratic Republic of the Congo,COD,1966,0.093,0.049,0.674
Democratic Republic of the Congo,COD,1967,0.105,0.039,0.674
Democratic Republic of the Congo,COD,1968,0.104,0.038,0.698
Democratic Republic of the Congo,COD,1969,0.104,0.038,0.709
Democratic Republic of the Congo,COD,1970,0.101,0.027,0.732
Democratic Republic of the Congo,COD,1971,0.148,0.032,0.732
Democratic Republic of the Congo,COD,1972,0.148,0.032,0.741
Democratic Republic of the Congo,COD,1973,0.148,0.032,0.741
Democratic Republic of the Congo,COD,1974,0.148,0.031,0.79
Democratic Republic of the Congo,COD,1975,0.148,0.031,0.809
Democratic Republic of the Congo,COD,1976,0.147,0.031,0.809
Democratic Republic of the Congo,COD,1977,0.147,0.03,0.809
Democratic Republic of the Congo,COD,1978,0.148,0.033,0.809
Democratic Republic of the Congo,COD,1979,0.148,0.033,0.809
Democratic Republic of the Congo,COD,1980,0.149,0.035,0.827
Democratic Republic of the Congo,COD,1981,0.149,0.035,0.827
Democratic Republic of the Congo,COD,1982,0.15,0.033,0.827
Democratic Republic of the Congo,COD,1983,0.151,0.033,0.827
Democratic Republic of the Congo,COD,1984,0.15,0.033,0.827
Democratic Republic of the Congo,COD,1985,0.149,0.033,0.827
Democratic Republic of the Congo,COD,1986,0.149,0.033,0.827
Democratic Republic of the Congo,COD,1987,0.15,0.033,0.827
Democratic Republic of the Congo,COD,1988,0.152,0.034,0.827
Democratic Republic of the Congo,COD,1989,0.152,0.033,0.827
Democratic Republic of the Congo,COD,1990,0.177,0.051,0.829
Democratic Republic of the Congo,COD,1991,0.198,0.055,0.829
Democratic Republic of the Congo,COD,1992,0.2,0.054,0.93
Democratic Republic of the Congo,COD,1993,0.168,0.035,0.915
Democratic Republic of the Congo,COD,1994,0.17,0.035,0.915
Democratic Republic of the Congo,COD,1995,0.17,0.036,0.915
Democratic Republic of the Congo,COD,1996,0.17,0.036,0.915
Democratic Republic of the Congo,COD,1997,0.126,0.026,0.915
Democratic Republic of the Congo,COD,1998,0.149,0.039,0.939
Democratic Republic of the Congo,COD,1999,0.149,0.043,0.939
Democratic Republic of the Congo,COD,2000,0.15,0.053,0.939
Democratic Republic of the Congo,COD,2001,0.156,0.055,0.939
Democratic Republic of the Congo,COD,2002,0.163,0.056,0.939
Democratic Republic of the Congo,COD,2003,0.18,0.085,0.938
Democratic Republic of the Congo,COD,2004,0.187,0.096,0.938
Democratic Republic of the Congo,COD,2005,0.197,0.098,0.938
Democratic Republic of the Congo,COD,2006,0.251,0.116,0.928
Democratic Republic of the Congo,COD,2007,0.355,0.149,0.928
Democratic Republic of the Congo,COD,2008,0.357,0.149,0.928
Democratic Republic of the Congo,COD,2009,0.36,0.153,0.921
Democratic Republic of the Congo,COD,2010,0.352,0.152,0.925
Democratic Republic of the Congo,COD,2011,0.347,0.15,0.925
Democratic Republic of the Congo,COD,2012,0.321,0.141,0.921
Democratic Republic of the Congo,COD,2013,0.319,0.124,0.949
Democratic Republic of the Congo,COD,2014,0.318,0.126,0.953
Democratic Republic of the Congo,COD,2015,0.316,0.122,0.961
Democratic Republic of the Congo,COD,2016,0.305,0.119,0.961
Democratic Republic of the Congo,COD,2017,0.304,0.11,0.965
Democratic Republic of the Congo,COD,2018,0.306,0.117,0.966
Democratic Republic of the Congo,COD,2019,0.344,0.141,0.94
Democratic Republic of the Congo,COD,2020,0.347,0.152,0.911
Democratic Republic of the Congo,COD,2021,0.342,0.14,0.931
Democratic Republic of the Congo,COD,2022,0.336,0.15,0.952
Democratic Republic of the Congo,COD,2023,0.333,0.123,0.933
Democratic Republic of the Congo,COD,2024,0.308,0.123,0.905
Republic of the Congo,COG,1960,0.247,0.179,0.674
Republic of the Congo,COG,1961,0.305,0.195,0.67
Republic of the Congo,COG,1962,0.292,0.188,0.67
Republic of the Congo,COG,1963,0.23,0.17,0.716
Republic of the Congo,COG,1964,0.132,0.091,0.691
Republic of the Congo,COG,1965,0.132,0.091,0.691
Republic of the Congo,COG,1966,0.132,0.091,0.691
Republic of the Congo,COG,1967,0.134,0.092,0.691
Republic of the Congo,COG,1968,0.088,0.058,0.845
Republic of the Congo,COG,1969,0.088,0.057,0.874
Republic of the Congo,COG,1970,0.087,0.024,0.874
Republic of the Congo,COG,1971,0.087,0.024,0.874
Republic of the Congo,COG,1972,0.087,0.024,0.874
Republic of the Congo,COG,1973,0.099,0.031,0.887
Republic of the Congo,COG,1974,0.111,0.036,0.893
Republic of the Congo,COG,1975,0.111,0.035,0.893
Republic of the Congo,COG,1976,0.112,0.035,0.893
Republic of the Congo,COG,1977,0.09,0.024,0.88
Republic of the Congo,COG,1978,0.088,0.022,0.884
Republic of the Congo,COG,1979,0.099,0.029,0.899
Republic of the Congo,COG,1980,0.113,0.032,0.908
Republic of the Congo,COG,1981,0.113,0.032,0.908
Republic of the Congo,COG,1982,0.113,0.032,0.903
Republic of the Congo,COG,1983,0.113,0.032,0.903
Republic of the Congo,COG,1984,0.113,0.032,0.903
Republic of the Congo,COG,1985,0.112,0.032,0.903
Republic of the Congo,COG,1986,0.112,0.032,0.903
Republic of the Congo,COG,1987,0.112,0.032,0.903
Republic of the Congo,COG,1988,0.112,0.032,0.903
Republic of the Congo,COG,1989,0.113,0.032,0.903
Republic of the Congo,COG,1990,0.157,0.065,0.912
Republic of the Congo,COG,1991,0.255,0.175,0.686
Republic of the Congo,COG,1992,0.337,0.196,0.664
Republic of the Congo,COG,1993,0.467,0.301,0.629
Republic of the Congo,COG,1994,0.45,0.291,0.629
Republic of the Congo,COG,1995,0.45,0.291,0.629
Republic of the Congo,COG,1996,0.45,0.297,0.629
Republic of the Congo,COG,1997,0.243,0.066,0.805
Republic of the Congo,COG,1998,0.165,0.079,0.805
Republic of the Congo,COG,1999,0.165,0.075,0.835
Republic of the Congo,COG,2000,0.163,0.075,0.835
Republic of the Congo,COG,2001,0.16,0.075,0.835
Republic of the Congo,COG,2002,0.208,0.085,0.835
Republic of the Congo,COG,2003,0.257,0.097,0.835
Republic of the Congo,COG,2004,0.257,0.097,0.835
Republic of the Congo,COG,2005,0.257,0.097,0.835
Republic of the Congo,COG,2006,0.257,0.097,0.835
Republic of the Congo,COG,2007,0.254,0.096,0.835
Republic of the Congo,COG,2008,0.252,0.095,0.835
Republic of the Congo,COG,2009,0.255,0.095,0.835
Republic of the Congo,COG,2010,0.255,0.095,0.835
Republic of the Congo,COG,2011,0.255,0.095,0.835
Republic of the Congo,COG,2012,0.254,0.095,0.835
Republic of the Congo,COG,2013,0.249,0.101,0.835
Republic of the Congo,COG,2014,0.249,0.101,0.835
Republic of the Congo,COG,2015,0.249,0.102,0.835
Republic of the Congo,COG,2016,0.247,0.101,0.835
Republic of the Congo,COG,2017,0.252,0.103,0.832
Republic of the Congo,COG,2018,0.258,0.109,0.832
Republic of the Congo,COG,2019,0.25,0.1,0.832
Republic of the Congo,COG,2020,0.257,0.118,0.803
Republic of the Congo,COG,2021,0.254,0.116,0.823
Republic of the Congo,COG,2022,0.243,0.114,0.826
Republic of the Congo,COG,2023,0.253,0.121,0.826
Republic of the Congo,COG,2024,0.255,0.119,0.839
Djibouti,DJI,1960,0.104,0.034,0.639
Djibouti,DJI,1961,0.104,0.034,0.639
Djibouti,DJI,1962,0.104,0.034,0.639
Djibouti,DJI,1963,0.104,0.034,0.639
Djibouti,DJI,1964,0.105,0.034,0.639
Djibouti,DJI,1965,0.105,0.034,0.639
Djibouti,DJI,1966,0.105,0.034,0.639
Djibouti,DJI,1967,0.102,0.033,0.639
Djibouti,DJI,1968,0.106,0.036,0.639
Djibouti,DJI,1969,0.106,0.036,0.639
Djibouti,DJI,1970,0.103,0.035,0.592
Djibouti,DJI,1971,0.102,0.032,0.601
Djibouti,DJI,1972,0.1,0.032,0.601
Djibouti,DJI,1973,0.1,0.032,0.606
Djibouti,DJI,1974,0.1,0.033,0.612
Djibouti,DJI,1975,0.1,0.033,0.612
Djibouti,DJI,1976,0.1,0.033,0.612
Djibouti,DJI,1977,0.133,0.046,0.542
Djibouti,DJI,1978,0.183,0.08,0.72
Djibouti,DJI,1979,0.183,0.082,0.72
Djibouti,DJI,1980,0.181,0.082,0.72
Djibouti,DJI,1981,0.181,0.082,0.72
Djibouti,DJI,1982,0.178,0.082,0.72
Djibouti,DJI,1983,0.178,0.082,0.72
Djibouti,DJI,1984,0.178,0.082,0.72
Djibouti,DJI,1985,0.178,0.082,0.72
Djibouti,DJI,1986,0.178,0.082,0.72
Djibouti,DJI,1987,0.179,0.082,0.72
Djibouti,DJI,1988,0.179,0.082,0.72
Djibouti,DJI,1989,0.179,0.082,0.72
Djibouti,DJI,1990,0.18,0.084,0.72
Djibouti,DJI,1991,0.178,0.081,0.72
Djibouti,DJI,1992,0.226,0.105,0.701
Djibouti,DJI,1993,0.24,0.11,0.701
Djibouti,DJI,1994,0.24,0.11,0.701
Djibouti,DJI,1995,0.24,0.11,0.701
Djibouti,DJI,1996,0.24,0.11,0.701
Djibouti,DJI,1997,0.24,0.11,0.704
Djibouti,DJI,1998,0.245,0.114,0.704
Djibouti,DJI,1999,0.246,0.114,0.704
Djibouti,DJI,2000,0.251,0.116,0.697
Djibouti,DJI,2001,0.253,0.117,0.697
Djibouti,DJI,2002,0.268,0.122,0.697
Djibouti,DJI,2003,0.262,0.12,0.697
Djibouti,DJI,2004,0.264,0.121,0.697
Djibouti,DJI,2005,0.25,0.116,0.697
Djibouti,DJI,2006,0.247,0.115,0.697
Djibouti,DJI,2007,0.247,0.115,0.697
Djibouti,DJI,2008,0.242,0.114,0.697
Djibouti,DJI,2009,0.244,0.114,0.697
Djibouti,DJI,2010,0.242,0.113,0.697
Djibouti,DJI,2011,0.246,0.114,0.697
Djibouti,DJI,2012,0.247,0.115,0.697
Djibouti,DJI,2013,0.244,0.114,0.697
Djibouti,DJI,2014,0.245,0.114,0.697
Djibouti,DJI,2015,0.245,0.114,0.697
Djibouti,DJI,2016,0.243,0.114,0.697
Djibouti,DJI,2017,0.243,0.11,0.697
Djibouti,DJI,2018,0.25,0.113,0.7
Djibouti,DJI,2019,0.251,0.119,0.67
Djibouti,DJI,2020,0.25,0.119,0.657
Djibouti,DJI,2021,0.251,0.12,0.686
Djibouti,DJI,2022,0.25,0.119,0.686
Djibouti,DJI,2023,0.25,0.118,0.686
Djibouti,DJI,2024,0.25,0.118,0.686
Dominican Republic,DOM,1960,0.147,0.03,0.871
Dominican Republic,DOM,1961,0.161,0.039,0.862
Dominican Republic,DOM,1962,0.169,0.063,0.831
Dominican Republic,DOM,1963,0.369,0.202,0.776
Dominican Republic,DOM,1964,0.154,0.062,0.833
Dominican Republic,DOM,1965,0.146,0.074,0.833
Dominican Republic,DOM,1966,0.194,0.06,0.861
Dominican Republic,DOM,1967,0.262,0.078,0.861
Dominican Republic,DOM,1968,0.262,0.082,0.861
Dominican Republic,DOM,1969,0.262,0.082,0.861
Dominican Republic,DOM,1970,0.261,0.081,0.861
Dominican Republic,DOM,1971,0.264,0.082,0.861
Dominican Republic,DOM,1972,0.264,0.082,0.861
Dominican Republic,DOM,1973,0.264,0.082,0.855
Dominican Republic,DOM,1974,0.264,0.082,0.861
Dominican Republic,DOM,1975,0.268,0.083,0.861
Dominican Republic,DOM,1976,0.268,0.083,0.861
Dominican Republic,DOM,1977,0.268,0.083,0.861
Dominican Republic,DOM,1978,0.356,0.14,0.861
Dominican Republic,DOM,1979,0.475,0.261,0.82
Dominican Republic,DOM,1980,0.473,0.252,0.82
Dominican Republic,DOM,1981,0.473,0.252,0.82
Dominican Republic,DOM,1982,0.51,0.271,0.82
Dominican Republic,DOM,1983,0.532,0.267,0.82
Dominican Republic,DOM,1984,0.531,0.263,0.82
Dominican Republic,DOM,1985,0.531,0.263,0.82
Dominican Republic,DOM,1986,0.528,0.253,0.82
Dominican Republic,DOM,1987,0.516,0.24,0.822
Dominican Republic,DOM,1988,0.517,0.237,0.822
Dominican Republic,DOM,1989,0.517,0.238,0.822
Dominican Republic,DOM,1990,0.46,0.216,0.822
Dominican Republic,DOM,1991,0.43,0.203,0.822
Dominican Republic,DOM,1992,0.43,0.203,0.822
Dominican Republic,DOM,1993,0.43,0.201,0.822
Dominican Republic,DOM,1994,0.432,0.196,0.822
Dominican Republic,DOM,1995,0.444,0.205,0.822
Dominican Republic,DOM,1996,0.544,0.281,0.784
Dominican Republic,DOM,1997,0.619,0.357,0.756
Dominican Republic,DOM,1998,0.639,0.372,0.756
Dominican Republic,DOM,1999,0.647,0.378,0.756
Dominican Republic,DOM,2000,0.665,0.391,0.756
Dominican Republic,DOM,2001,0.673,0.391,0.756
Dominican Republic,DOM,2002,0.672,0.388,0.756
Dominican Republic,DOM,2003,0.671,0.385,0.756
Dominican Republic,DOM,2004,0.659,0.379,0.756
Dominican Republic,DOM,2005,0.651,0.383,0.756
Dominican Republic,DOM,2006,0.644,0.378,0.756
Dominican Republic,DOM,2007,0.636,0.376,0.756
Dominican Republic,DOM,2008,0.638,0.376,0.756
Dominican Republic,DOM,2009,0.639,0.377,0.756
Dominican Republic,DOM,2010,0.625,0.371,0.756
Dominican Republic,DOM,2011,0.623,0.364,0.756
Dominican Republic,DOM,2012,0.612,0.366,0.756
Dominican Republic,DOM,2013,0.6,0.354,0.739
Dominican Republic,DOM,2014,0.6,0.352,0.739
Dominican Republic,DOM,2015,0.59,0.344,0.728
Dominican Republic,DOM,2016,0.571,0.333,0.728
Dominican Republic,DOM,2017,0.559,0.328,0.736
Dominican Republic,DOM,2018,0.573,0.339,0.749
Dominican Republic,DOM,2019,0.569,0.34,0.758
Dominican Republic,DOM,2020,0.656,0.449,0.598
Dominican Republic,DOM,2021,0.694,0.484,0.584
Dominican Republic,DOM,2022,0.692,0.478,0.58
Dominican Republic,DOM,2023,0.692,0.471,0.572
Dominican Republic,DOM,2024,0.71,0.495,0.562
Eritrea,ERI,1960,0.111,0.072,0.627
Eritrea,ERI,1961,0.111,0.069,0.627
Eritrea,ERI,1962,0.103,0.042,0.727
Eritrea,ERI,1963,0.086,0.025,0.755
Eritrea,ERI,1964,0.085,0.025,0.755
Eritrea,ERI,1965,0.087,0.025,0.755
Eritrea,ERI,1966,0.086,0.025,0.755
Eritrea,ERI,1967,0.086,0.025,0.755
Eritrea,ERI,1968,0.085,0.025,0.755
Eritrea,ERI,1969,0.085,0.025,0.755
Eritrea,ERI,1970,0.083,0.024,0.789
Eritrea,ERI,1971,0.083,0.024,0.789
Eritrea,ERI,1972,0.083,0.024,0.789
Eritrea,ERI,1973,0.081,0.023,0.789
Eritrea,ERI,1974,0.076,0.013,0.827
Eritrea,ERI,1975,0.073,0.011,0.866
Eritrea,ERI,1976,0.073,0.01,0.866
Eritrea,ERI,1977,0.073,0.01,0.866
Eritrea,ERI,1978,0.073,0.01,0.866
Eritrea,ERI,1979,0.073,0.01,0.866
Eritrea,ERI,1980,0.073,0.009,0.866
Eritrea,ERI,1981,0.073,0.009,0.866
Eritrea,ERI,1982,0.073,0.009,0.866
Eritrea,ERI,1983,0.073,0.009,0.866
Eritrea,ERI,1984,0.073,0.009,0.866
Eritrea,ERI,1985,0.073,0.009,0.866
Eritrea,ERI,1986,0.073,0.009,0.866
Eritrea,ERI,1987,0.072,0.009,0.866
Eritrea,ERI,1988,0.072,0.009,0.866
Eritrea,ERI,1989,0.072,0.01,0.866
Eritrea,ERI,1990,0.076,0.015,0.848
Eritrea,ERI,1991,0.083,0.028,0.497
Eritrea,ERI,1992,0.095,0.04,0.319
Eritrea,ERI,1993,0.099,0.035,0.34
Eritrea,ERI,1994,0.102,0.036,0.34
Eritrea,ERI,1995,0.102,0.036,0.34
Eritrea,ERI,1996,0.102,0.035,0.34
Eritrea,ERI,1997,0.131,0.039,0.34
Eritrea,ERI,1998,0.122,0.033,0.34
Eritrea,ERI,1999,0.122,0.031,0.34
Eritrea,ERI,2000,0.12,0.027,0.34
Eritrea,ERI,2001,0.103,0.016,0.436
Eritrea,ERI,2002,0.084,0.011,0.611
Eritrea,ERI,2003,0.067,0.006,0.68
Eritrea,ERI,2004,0.067,0.006,0.68
Eritrea,ERI,2005,0.067,0.006,0.68
Eritrea,ERI,2006,0.067,0.006,0.68
Eritrea,ERI,2007,0.067,0.006,0.68
Eritrea,ERI,2008,0.067,0.006,0.68
Eritrea,ERI,2009,0.068,0.005,0.68
Eritrea,ERI,2010,0.068,0.005,0.68
Eritrea,ERI,2011,0.068,0.005,0.674
Eritrea,ERI,2012,0.067,0.005,0.68
Eritrea,ERI,2013,0.07,0.006,0.712
Eritrea,ERI,2014,0.07,0.007,0.712
Eritrea,ERI,2015,0.069,0.006,0.712
Eritrea,ERI,2016,0.069,0.006,0.738
Eritrea,ERI,2017,0.069,0.007,0.666
Eritrea,ERI,2018,0.068,0.007,0.696
Eritrea,ERI,2019,0.07,0.009,0.68
Eritrea,ERI,2020,0.069,0.01,0.658
Eritrea,ERI,2021,0.071,0.01,0.714
Eritrea,ERI,2022,0.071,0.012,0.705
Eritrea,ERI,2023,0.068,0.01,0.715
Eritrea,ERI,2024,0.069,0.009,0.728
Gabon,GAB,1960,0.18,0.106,0.802
Gabon,GAB,1961,0.213,0.114,0.821
Gabon,GAB,1962,0.212,0.114,0.821
Gabon,GAB,1963,0.212,0.114,0.821
Gabon,GAB,1964,0.139,0.076,0.816
Gabon,GAB,1965,0.136,0.093,0.819
Gabon,GAB,1966,0.13,0.091,0.819
Gabon,GAB,1967,0.134,0.091,0.819
Gabon,GAB,1968,0.174,0.101,0.826
Gabon,GAB,1969,0.174,0.101,0.826
Gabon,GAB,1970,0.185,0.102,0.868
Gabon,GAB,1971,0.185,0.101,0.868
Gabon,GAB,1972,0.185,0.101,0.868
Gabon,GAB,1973,0.185,0.101,0.868
Gabon,GAB,1974,0.185,0.101,0.868
Gabon,GAB,1975,0.185,0.101,0.868
Gabon,GAB,1976,0.185,0.101,0.868
Gabon,GAB,1977,0.185,0.101,0.868
Gabon,GAB,1978,0.185,0.101,0.868
Gabon,GAB,1979,0.186,0.101,0.868
Gabon,GAB,1980,0.183,0.102,0.868
Gabon,GAB,1981,0.181,0.102,0.868
Gabon,GAB,1982,0.181,0.102,0.868
Gabon,GAB,1983,0.181,0.102,0.868
Gabon,GAB,1984,0.181,0.102,0.868
Gabon,GAB,1985,0.181,0.102,0.868
Gabon,GAB,1986,0.181,0.102,0.868
Gabon,GAB,1987,0.182,0.102,0.868
Gabon,GAB,1988,0.182,0.102,0.868
Gabon,GAB,1989,0.182,0.102,0.868
Gabon,GAB,1990,0.218,0.152,0.867
Gabon,GAB,1991,0.308,0.189,0.882
Gabon,GAB,1992,0.327,0.197,0.882
Gabon,GAB,1993,0.325,0.197,0.882
Gabon,GAB,1994,0.329,0.199,0.882
Gabon,GAB,1995,0.329,0.199,0.882
Gabon,GAB,1996,0.329,0.198,0.882
Gabon,GAB,1997,0.338,0.203,0.882
Gabon,GAB,1998,0.338,0.203,0.882
Gabon,GAB,1999,0.338,0.203,0.882
Gabon,GAB,2000,0.337,0.199,0.882
Gabon,GAB,2001,0.342,0.2,0.882
Gabon,GAB,2002,0.344,0.202,0.882
Gabon,GAB,2003,0.344,0.202,0.882
Gabon,GAB,2004,0.344,0.202,0.882
Gabon,GAB,2005,0.346,0.203,0.882
Gabon,GAB,2006,0.353,0.204,0.882
Gabon,GAB,2007,0.351,0.204,0.882
Gabon,GAB,2008,0.351,0.204,0.882
Gabon,GAB,2009,0.35,0.204,0.882
Gabon,GAB,2010,0.37,0.206,0.873
Gabon,GAB,2011,0.37,0.206,0.873
Gabon,GAB,2012,0.359,0.21,0.888
Gabon,GAB,2013,0.375,0.223,0.775
Gabon,GAB,2014,0.375,0.223,0.775
Gabon,GAB,2015,0.375,0.223,0.775
Gabon,GAB,2016,0.378,0.224,0.775
Gabon,GAB,2017,0.398,0.233,0.829
Gabon,GAB,2018,0.386,0.212,0.804
Gabon,GAB,2019,0.377,0.201,0.843
Gabon,GAB,2020,0.368,0.196,0.821
Gabon,GAB,2021,0.368,0.199,0.823
Gabon,GAB,2022,0.362,0.199,0.83
Gabon,GAB,2023,0.325,0.185,0.83
Gabon,GAB,2024,0.227,0.151,0.724
The Gambia,GMB,1960,0.225,0.163,0.102
The Gambia,GMB,1961,0.226,0.174,0.102
The Gambia,GMB,1962,0.285,0.203,0.096
The Gambia,GMB,1963,0.325,0.219,0.096
The Gambia,GMB,1964,0.325,0.219,0.096
The Gambia,GMB,1965,0.321,0.234,0.158
The Gambia,GMB,1966,0.427,0.292,0.16
The Gambia,GMB,1967,0.441,0.299,0.16
The Gambia,GMB,1968,0.441,0.299,0.16
The Gambia,GMB,1969,0.441,0.299,0.171
The Gambia,GMB,1970,0.495,0.348,0.248
The Gambia,GMB,1971,0.495,0.35,0.248
The Gambia,GMB,1972,0.477,0.339,0.257
The Gambia,GMB,1973,0.471,0.336,0.257
The Gambia,GMB,1974,0.471,0.336,0.257
The Gambia,GMB,1975,0.471,0.336,0.257
The Gambia,GMB,1976,0.471,0.336,0.277
The Gambia,GMB,1977,0.459,0.327,0.317
The Gambia,GMB,1978,0.456,0.325,0.336
The Gambia,GMB,1979,0.456,0.325,0.336
The Gambia,GMB,1980,0.455,0.325,0.336
The Gambia,GMB,1981,0.45,0.316,0.355
The Gambia,GMB,1982,0.454,0.317,0.355
The Gambia,GMB,1983,0.456,0.322,0.364
The Gambia,GMB,1984,0.456,0.321,0.364
The Gambia,GMB,1985,0.458,0.327,0.364
The Gambia,GMB,1986,0.458,0.327,0.364
The Gambia,GMB,1987,0.466,0.331,0.364
The Gambia,GMB,1988,0.468,0.332,0.364
The Gambia,GMB,1989,0.468,0.332,0.364
The Gambia,GMB,1990,0.468,0.332,0.364
The Gambia,GMB,1991,0.468,0.332,0.364
The Gambia,GMB,1992,0.466,0.33,0.364
The Gambia,GMB,1993,0.442,0.318,0.364
The Gambia,GMB,1994,0.207,0.139,0.429
The Gambia,GMB,1995,0.101,0.074,0.511
The Gambia,GMB,1996,0.13,0.08,0.603
The Gambia,GMB,1997,0.246,0.126,0.568
The Gambia,GMB,1998,0.259,0.129,0.568
The Gambia,GMB,1999,0.258,0.127,0.568
The Gambia,GMB,2000,0.255,0.123,0.563
The Gambia,GMB,2001,0.258,0.123,0.563
The Gambia,GMB,2002,0.256,0.121,0.563
The Gambia,GMB,2003,0.257,0.119,0.563
The Gambia,GMB,2004,0.257,0.116,0.563
The Gambia,GMB,2005,0.257,0.116,0.563
The Gambia,GMB,2006,0.251,0.114,0.563
The Gambia,GMB,2007,0.243,0.112,0.563
The Gambia,GMB,2008,0.243,0.111,0.563
The Gambia,GMB,2009,0.243,0.111,0.563
The Gambia,GMB,2010,0.244,0.112,0.563
The Gambia,GMB,2011,0.244,0.112,0.563
The Gambia,GMB,2012,0.243,0.113,0.563
The Gambia,GMB,2013,0.241,0.105,0.581
The Gambia,GMB,2014,0.244,0.105,0.581
The Gambia,GMB,2015,0.244,0.106,0.581
The Gambia,GMB,2016,0.25,0.11,0.565
The Gambia,GMB,2017,0.498,0.393,0.293
The Gambia,GMB,2018,0.538,0.422,0.301
The Gambia,GMB,2019,0.524,0.421,0.356
The Gambia,GMB,2020,0.496,0.403,0.328
The Gambia,GMB,2021,0.507,0.417,0.297
The Gambia,GMB,2022,0.621,0.5,0.275
The Gambia,GMB,2023,0.635,0.516,0.26
The Gambia,GMB,2024,0.63,0.51,0.28
Georgia,GEO,1990,0.313,0.131,0.732
Georgia,GEO,1991,0.327,0.14,0.748
Georgia,GEO,1992,0.254,0.098,0.896
Georgia,GEO,1993,0.356,0.158,0.858
Georgia,GEO,1994,0.362,0.165,0.858
Georgia,GEO,1995,0.366,0.182,0.866
Georgia,GEO,1996,0.382,0.208,0.901
Georgia,GEO,1997,0.378,0.207,0.891
Georgia,GEO,1998,0.38,0.213,0.889
Georgia,GEO,1999,0.378,0.214,0.885
Georgia,GEO,2000,0.374,0.205,0.874
Georgia,GEO,2001,0.382,0.209,0.874
Georgia,GEO,2002,0.379,0.208,0.874
Georgia,GEO,2003,0.384,0.22,0.874
Georgia,GEO,2004,0.548,0.357,0.2
Georgia,GEO,2005,0.547,0.373,0.147
Georgia,GEO,2006,0.548,0.378,0.136
Georgia,GEO,2007,0.539,0.369,0.125
Georgia,GEO,2008,0.495,0.339,0.107
Georgia,GEO,2009,0.491,0.34,0.105
Georgia,GEO,2010,0.496,0.34,0.102
Georgia,GEO,2011,0.5,0.344,0.101
Georgia,GEO,2012,0.519,0.361,0.096
Georgia,GEO,2013,0.623,0.456,0.09
Georgia,GEO,2014,0.675,0.5,0.094
Georgia,GEO,2015,0.668,0.504,0.101
Georgia,GEO,2016,0.685,0.518,0.108
Georgia,GEO,2017,0.669,0.498,0.107
Georgia,GEO,2018,0.663,0.514,0.116
Georgia,GEO,2019,0.627,0.48,0.114
Georgia,GEO,2020,0.616,0.47,0.123
Georgia,GEO,2021,0.604,0.454,0.141
Georgia,GEO,2022,0.607,0.464,0.147
Georgia,GEO,2023,0.591,0.456,0.16
Georgia,GEO,2024,0.48,0.327,0.188
Guinea-Bissau,GNB,1960,0.012,0.012,0.182
Guinea-Bissau,GNB,1961,0.012,0.012,0.182
Guinea-Bissau,GNB,1962,0.012,0.013,0.182
Guinea-Bissau,GNB,1963,0.012,0.012,0.182
Guinea-Bissau,GNB,1964,0.012,0.013,0.182
Guinea-Bissau,GNB,1965,0.012,0.013,0.182
Guinea-Bissau,GNB,1966,0.012,0.013,0.182
Guinea-Bissau,GNB,1967,0.012,0.013,0.182
Guinea-Bissau,GNB,1968,0.012,0.013,0.182
Guinea-Bissau,GNB,1969,0.012,0.013,0.182
Guinea-Bissau,GNB,1970,0.012,0.012,0.182
Guinea-Bissau,GNB,1971,0.012,0.012,0.182
Guinea-Bissau,GNB,1972,0.012,0.023,0.267
Guinea-Bissau,GNB,1973,0.08,0.025,0.261
Guinea-Bissau,GNB,1974,0.113,0.049,0.564
Guinea-Bissau,GNB,1975,0.115,0.054,0.564
Guinea-Bissau,GNB,1976,0.115,0.054,0.564
Guinea-Bissau,GNB,1977,0.125,0.056,0.564
Guinea-Bissau,GNB,1978,0.125,0.056,0.564
Guinea-Bissau,GNB,1979,0.125,0.056,0.564
Guinea-Bissau,GNB,1980,0.121,0.053,0.648
Guinea-Bissau,GNB,1981,0.092,0.045,0.676
Guinea-Bissau,GNB,1982,0.092,0.045,0.676
Guinea-Bissau,GNB,1983,0.092,0.045,0.676
Guinea-Bissau,GNB,1984,0.092,0.045,0.676
Guinea-Bissau,GNB,1985,0.092,0.045,0.676
Guinea-Bissau,GNB,1986,0.092,0.045,0.631
Guinea-Bissau,GNB,1987,0.092,0.045,0.631
Guinea-Bissau,GNB,1988,0.092,0.045,0.631
Guinea-Bissau,GNB,1989,0.092,0.045,0.631
Guinea-Bissau,GNB,1990,0.101,0.048,0.631
Guinea-Bissau,GNB,1991,0.101,0.048,0.631
Guinea-Bissau,GNB,1992,0.13,0.054,0.709
Guinea-Bissau,GNB,1993,0.157,0.078,0.73
Guinea-Bissau,GNB,1994,0.249,0.135,0.841
Guinea-Bissau,GNB,1995,0.358,0.203,0.841
Guinea-Bissau,GNB,1996,0.358,0.203,0.841
Guinea-Bissau,GNB,1997,0.358,0.201,0.841
Guinea-Bissau,GNB,1998,0.358,0.201,0.839
Guinea-Bissau,GNB,1999,0.364,0.201,0.839
Guinea-Bissau,GNB,2000,0.424,0.228,0.853
Guinea-Bissau,GNB,2001,0.428,0.232,0.853
Guinea-Bissau,GNB,2002,0.434,0.239,0.9
Guinea-Bissau,GNB,2003,0.376,0.202,0.914
Guinea-Bissau,GNB,2004,0.377,0.218,0.867
Guinea-Bissau,GNB,2005,0.451,0.263,0.862
Guinea-Bissau,GNB,2006,0.446,0.26,0.866
Guinea-Bissau,GNB,2007,0.446,0.259,0.863
Guinea-Bissau,GNB,2008,0.402,0.228,0.858
Guinea-Bissau,GNB,2009,0.452,0.261,0.858
Guinea-Bissau,GNB,2010,0.448,0.262,0.858
Guinea-Bissau,GNB,2011,0.449,0.26,0.861
Guinea-Bissau,GNB,2012,0.328,0.171,0.874
Guinea-Bissau,GNB,2013,0.288,0.195,0.852
Guinea-Bissau,GNB,2014,0.439,0.27,0.835
Guinea-Bissau,GNB,2015,0.501,0.29,0.835
Guinea-Bissau,GNB,2016,0.5,0.289,0.852
Guinea-Bissau,GNB,2017,0.49,0.286,0.852
Guinea-Bissau,GNB,2018,0.51,0.307,0.854
Guinea-Bissau,GNB,2019,0.529,0.327,0.864
Guinea-Bissau,GNB,2020,0.533,0.328,0.837
Guinea-Bissau,GNB,2021,0.535,0.321,0.818
Guinea-Bissau,GNB,2022,0.377,0.147,0.823
Guinea-Bissau,GNB,2023,0.428,0.231,0.812
Guinea-Bissau,GNB,2024,0.279,0.14,0.747
Jamaica,JAM,1960,0.511,0.362,0.145
Jamaica,JAM,1961,0.511,0.362,0.145
Jamaica,JAM,1962,0.543,0.403,0.189
Jamaica,JAM,1963,0.546,0.412,0.191
Jamaica,JAM,1964,0.546,0.412,0.191
Jamaica,JAM,1965,0.541,0.406,0.191
Jamaica,JAM,1966,0.541,0.406,0.191
Jamaica,JAM,1967,0.515,0.383,0.191
Jamaica,JAM,1968,0.51,0.381,0.191
Jamaica,JAM,1969,0.518,0.386,0.191
Jamaica,JAM,1970,0.521,0.394,0.191
Jamaica,JAM,1971,0.521,0.394,0.191
Jamaica,JAM,1972,0.52,0.395,0.191
Jamaica,JAM,1973,0.515,0.398,0.191
Jamaica,JAM,1974,0.512,0.395,0.191
Jamaica,JAM,1975,0.512,0.396,0.191
Jamaica,JAM,1976,0.511,0.397,0.191
Jamaica,JAM,1977,0.469,0.372,0.191
Jamaica,JAM,1978,0.466,0.367,0.191
Jamaica,JAM,1979,0.475,0.375,0.191
Jamaica,JAM,1980,0.499,0.389,0.191
Jamaica,JAM,1981,0.473,0.37,0.191
Jamaica,JAM,1982,0.473,0.37,0.191
Jamaica,JAM,1983,0.475,0.372,0.191
Jamaica,JAM,1984,0.536,0.412,0.191
Jamaica,JAM,1985,0.537,0.414,0.191
Jamaica,JAM,1986,0.537,0.414,0.191
Jamaica,JAM,1987,0.537,0.414,0.191
Jamaica,JAM,1988,0.537,0.418,0.191
Jamaica,JAM,1989,0.56,0.431,0.191
Jamaica,JAM,1990,0.577,0.448,0.169
Jamaica,JAM,1991,0.577,0.448,0.169
Jamaica,JAM,1992,0.577,0.451,0.169
Jamaica,JAM,1993,0.608,0.473,0.169
Jamaica,JAM,1994,0.623,0.486,0.169
Jamaica,JAM,1995,0.627,0.489,0.169
Jamaica,JAM,1996,0.628,0.49,0.169
Jamaica,JAM,1997,0.642,0.499,0.169
Jamaica,JAM,1998,0.67,0.522,0.169
Jamaica,JAM,1999,0.67,0.522,0.169
Jamaica,JAM,2000,0.675,0.549,0.169
Jamaica,JAM,2001,0.675,0.549,0.169
Jamaica,JAM,2002,0.695,0.566,0.169
Jamaica,JAM,2003,0.743,0.617,0.169
Jamaica,JAM,2004,0.743,0.617,0.169
Jamaica,JAM,2005,0.751,0.629,0.169
Jamaica,JAM,2006,0.756,0.633,0.169
Jamaica,JAM,2007,0.762,0.644,0.169
Jamaica,JAM,2008,0.774,0.654,0.169
Jamaica,JAM,2009,0.774,0.654,0.169
Jamaica,JAM,2010,0.774,0.656,0.169
Jamaica,JAM,2011,0.767,0.651,0.169
Jamaica,JAM,2012,0.784,0.667,0.167
Jamaica,JAM,2013,0.798,0.679,0.131
Jamaica,JAM,2014,0.798,0.679,0.131
Jamaica,JAM,2015,0.798,0.679,0.131
Jamaica,JAM,2016,0.804,0.685,0.126
Jamaica,JAM,2017,0.811,0.696,0.126
Jamaica,JAM,2018,0.807,0.688,0.12
Jamaica,JAM,2019,0.81,0.703,0.12
Jamaica,JAM,2020,0.808,0.702,0.171
Jamaica,JAM,2021,0.801,0.691,0.175
Jamaica,JAM,2022,0.798,0.692,0.167
Jamaica,JAM,2023,0.798,0.677,0.213
Jamaica,JAM,2024,0.798,0.676,0.19
Kazakhstan,KAZ,1990,0.247,0.15,0.682
Kazakhstan,KAZ,1991,0.289,0.171,0.682
Kazakhstan,KAZ,1992,0.303,0.179,0.689
Kazakhstan,KAZ,1993,0.302,0.181,0.713
Kazakhstan,KAZ,1994,0.303,0.176,0.713
Kazakhstan,KAZ,1995,0.288,0.147,0.713
Kazakhstan,KAZ,1996,0.283,0.132,0.815
Kazakhstan,KAZ,1997,0.295,0.136,0.815
Kazakhstan,KAZ,1998,0.284,0.134,0.815
Kazakhstan,KAZ,1999,0.268,0.128,0.815
Kazakhstan,KAZ,2000,0.27,0.129,0.815
Kazakhstan,KAZ,2001,0.255,0.125,0.815
Kazakhstan,KAZ,2002,0.252,0.125,0.839
Kazakhstan,KAZ,2003,0.247,0.121,0.839
Kazakhstan,KAZ,2004,0.246,0.122,0.839
Kazakhstan,KAZ,2005,0.239,0.12,0.839
Kazakhstan,KAZ,2006,0.242,0.121,0.839
Kazakhstan,KAZ,2007,0.24,0.122,0.846
Kazakhstan,KAZ,2008,0.241,0.122,0.842
Kazakhstan,KAZ,2009,0.242,0.122,0.842
Kazakhstan,KAZ,2010,0.236,0.12,0.842
Kazakhstan,KAZ,2011,0.233,0.119,0.842
Kazakhstan,KAZ,2012,0.232,0.113,0.842
Kazakhstan,KAZ,2013,0.229,0.109,0.843
Kazakhstan,KAZ,2014,0.23,0.11,0.843
Kazakhstan,KAZ,2015,0.234,0.11,0.843
Kazakhstan,KAZ,2016,0.242,0.114,0.843
Kazakhstan,KAZ,2017,0.235,0.112,0.855
Kazakhstan,KAZ,2018,0.232,0.108,0.858
Kazakhstan,KAZ,2019,0.236,0.113,0.849
Kazakhstan,KAZ,2020,0.241,0.117,0.826
Kazakhstan,KAZ,2021,0.253,0.121,0.84
Kazakhstan,KAZ,2022,0.265,0.134,0.707
Kazakhstan,KAZ,2023,0.269,0.139,0.727
Kazakhstan,KAZ,2024,0.267,0.133,0.729
Kyrgyzstan,KGZ,1990,0.252,0.141,0.527
Kyrgyzstan,KGZ,1991,0.291,0.17,0.605
Kyrgyzstan,KGZ,1992,0.353,0.206,0.743
Kyrgyzstan,KGZ,1993,0.342,0.204,0.764
Kyrgyzstan,KGZ,1994,0.319,0.194,0.836
Kyrgyzstan,KGZ,1995,0.303,0.182,0.869
Kyrgyzstan,KGZ,1996,0.295,0.179,0.877
Kyrgyzstan,KGZ,1997,0.287,0.172,0.881
Kyrgyzstan,KGZ,1998,0.29,0.177,0.881
Kyrgyzstan,KGZ,1999,0.286,0.177,0.881
Kyrgyzstan,KGZ,2000,0.287,0.174,0.889
Kyrgyzstan,KGZ,2001,0.285,0.171,0.892
Kyrgyzstan,KGZ,2002,0.282,0.17,0.9
Kyrgyzstan,KGZ,2003,0.282,0.168,0.9
Kyrgyzstan,KGZ,2004,0.282,0.168,0.9
Kyrgyzstan,KGZ,2005,0.319,0.19,0.923
Kyrgyzstan,KGZ,2006,0.331,0.198,0.923
Kyrgyzstan,KGZ,2007,0.317,0.181,0.923
Kyrgyzstan,KGZ,2008,0.306,0.169,0.923
Kyrgyzstan,KGZ,2009,0.294,0.165,0.923
Kyrgyzstan,KGZ,2010,0.381,0.26,0.85
Kyrgyzstan,KGZ,2011,0.473,0.333,0.845
Kyrgyzstan,KGZ,2012,0.467,0.328,0.85
Kyrgyzstan,KGZ,2013,0.447,0.316,0.821
Kyrgyzstan,KGZ,2014,0.446,0.314,0.821
Kyrgyzstan,KGZ,2015,0.455,0.317,0.856
Kyrgyzstan,KGZ,2016,0.447,0.303,0.856
Kyrgyzstan,KGZ,2017,0.449,0.303,0.843
Kyrgyzstan,KGZ,2018,0.467,0.327,0.832
Kyrgyzstan,KGZ,2019,0.441,0.309,0.792
Kyrgyzstan,KGZ,2020,0.385,0.255,0.813
Kyrgyzstan,KGZ,2021,0.41,0.256,0.833
Kyrgyzstan,KGZ,2022,0.38,0.237,0.826
Kyrgyzstan,KGZ,2023,0.348,0.197,0.808
Kyrgyzstan,KGZ,2024,0.321,0.185,0.793
Laos,LAO,1960,0.27,0.145,0.807
Laos,LAO,1961,0.215,0.124,0.807
Laos,LAO,1962,0.216,0.124,0.807
Laos,LAO,1963,0.217,0.124,0.807
Laos,LAO,1964,0.219,0.124,0.807
Laos,LAO,1965,0.165,0.11,0.807
Laos,LAO,1966,0.168,0.111,0.807
Laos,LAO,1967,0.238,0.13,0.807
Laos,LAO,1968,0.238,0.13,0.807
Laos,LAO,1969,0.238,0.13,0.807
Laos,LAO,1970,0.238,0.13,0.844
Laos,LAO,1971,0.237,0.13,0.844
Laos,LAO,1972,0.234,0.129,0.844
Laos,LAO,1973,0.235,0.129,0.844
Laos,LAO,1974,0.23,0.128,0.844
Laos,LAO,1975,0.127,0.073,0.749
Laos,LAO,1976,0.069,0.068,0.706
Laos,LAO,1977,0.069,0.068,0.706
Laos,LAO,1978,0.069,0.068,0.706
Laos,LAO,1979,0.069,0.068,0.706
Laos,LAO,1980,0.069,0.068,0.706
Laos,LAO,1981,0.069,0.068,0.706
Laos,LAO,1982,0.069,0.068,0.706
Laos,LAO,1983,0.069,0.068,0.706
Laos,LAO,1984,0.069,0.068,0.706
Laos,LAO,1985,0.069,0.068,0.706
Laos,LAO,1986,0.069,0.071,0.736
Laos,LAO,1987,0.07,0.071,0.736
Laos,LAO,1988,0.07,0.071,0.736
Laos,LAO,1989,0.113,0.091,0.776
Laos,LAO,1990,0.116,0.092,0.776
Laos,LAO,1991,0.085,0.087,0.776
Laos,LAO,1992,0.085,0.083,0.779
Laos,LAO,1993,0.085,0.087,0.779
Laos,LAO,1994,0.085,0.086,0.779
Laos,LAO,1995,0.085,0.087,0.779
Laos,LAO,1996,0.085,0.087,0.779
Laos,LAO,1997,0.086,0.087,0.779
Laos,LAO,1998,0.087,0.087,0.779
Laos,LAO,1999,0.087,0.088,0.779
Laos,LAO,2000,0.087,0.088,0.779
Laos,LAO,2001,0.087,0.088,0.779
Laos,LAO,2002,0.09,0.089,0.779
Laos,LAO,2003,0.09,0.089,0.779
Laos,LAO,2004,0.09,0.089,0.779
Laos,LAO,2005,0.09,0.089,0.779
Laos,LAO,2006,0.09,0.088,0.778
Laos,LAO,2007,0.089,0.088,0.778
Laos,LAO,2008,0.09,0.088,0.778
Laos,LAO,2009,0.09,0.088,0.778
Laos,LAO,2010,0.092,0.089,0.785
Laos,LAO,2011,0.09,0.089,0.785
Laos,LAO,2012,0.09,0.089,0.785
Laos,LAO,2013,0.091,0.09,0.785
Laos,LAO,2014,0.091,0.09,0.785
Laos,LAO,2015,0.09,0.089,0.785
Laos,LAO,2016,0.093,0.088,0.785
Laos,LAO,2017,0.124,0.093,0.78
Laos,LAO,2018,0.125,0.09,0.78
Laos,LAO,2019,0.127,0.109,0.779
Laos,LAO,2020,0.126,0.094,0.755
Laos,LAO,2021,0.135,0.104,0.763
Laos,LAO,2022,0.134,0.113,0.752
Laos,LAO,2023,0.132,0.106,0.733
Laos,LAO,2024,0.135,0.117,0.752
Libya,LBY,1960,0.106,0.13,0.52
Libya,LBY,1961,0.105,0.13,0.52
Libya,LBY,1962,0.105,0.13,0.52
Libya,LBY,1963,0.136,0.137,0.52
Libya,LBY,1964,0.135,0.136,0.52
Libya,LBY,1965,0.139,0.136,0.52
Libya,LBY,1966,0.14,0.137,0.52
Libya,LBY,1967,0.139,0.136,0.52
Libya,LBY,1968,0.14,0.135,0.52
Libya,LBY,1969,0.087,0.073,0.502
Libya,LBY,1970,0.072,0.03,0.812
Libya,LBY,1971,0.072,0.027,0.865
Libya,LBY,1972,0.072,0.027,0.865
Libya,LBY,1973,0.072,0.027,0.865
Libya,LBY,1974,0.072,0.032,0.865
Libya,LBY,1975,0.072,0.025,0.865
Libya,LBY,1976,0.072,0.025,0.865
Libya,LBY,1977,0.072,0.058,0.865
Libya,LBY,1978,0.072,0.047,0.858
Libya,LBY,1979,0.072,0.046,0.858
Libya,LBY,1980,0.072,0.046,0.858
Libya,LBY,1981,0.072,0.046,0.858
Libya,LBY,1982,0.072,0.046,0.858
Libya,LBY,1983,0.072,0.046,0.858
Libya,LBY,1984,0.072,0.046,0.858
Libya,LBY,1985,0.072,0.046,0.858
Libya,LBY,1986,0.072,0.048,0.858
Libya,LBY,1987,0.072,0.048,0.858
Libya,LBY,1988,0.072,0.048,0.858
Libya,LBY,1989,0.072,0.048,0.86
Libya,LBY,1990,0.072,0.048,0.86
Libya,LBY,1991,0.072,0.048,0.86
Libya,LBY,1992,0.072,0.048,0.86
Libya,LBY,1993,0.072,0.048,0.86
Libya,LBY,1994,0.072,0.048,0.86
Libya,LBY,1995,0.072,0.048,0.86
Libya,LBY,1996,0.072,0.048,0.86
Libya,LBY,1997,0.072,0.048,0.86
Libya,LBY,1998,0.072,0.048,0.86
Libya,LBY,1999,0.072,0.048,0.86
Libya,LBY,2000,0.072,0.048,0.86
Libya,LBY,2001,0.072,0.048,0.86
Libya,LBY,2002,0.072,0.048,0.86
Libya,LBY,2003,0.072,0.045,0.86
Libya,LBY,2004,0.072,0.045,0.86
Libya,LBY,2005,0.072,0.045,0.86
Libya,LBY,2006,0.072,0.045,0.86
Libya,LBY,2007,0.072,0.045,0.86
Libya,LBY,2008,0.072,0.045,0.86
Libya,LBY,2009,0.071,0.044,0.86
Libya,LBY,2010,0.071,0.045,0.86
Libya,LBY,2011,0.175,0.061,0.836
Libya,LBY,2012,0.329,0.21,0.768
Libya,LBY,2013,0.54,0.3,0.785
Libya,LBY,2014,0.28,0.175,0.801
Libya,LBY,2015,0.285,0.172,0.777
Libya,LBY,2016,0.285,0.17,0.799
Libya,LBY,2017,0.273,0.167,0.776
Libya,LBY,2018,0.268,0.153,0.793
Libya,LBY,2019,0.263,0.148,0.808
Libya,LBY,2020,0.266,0.145,0.808
Libya,LBY,2021,0.216,0.129,0.83
Libya,LBY,2022,0.206,0.108,0.781
Libya,LBY,2023,0.196,0.105,0.819
Libya,LBY,2024,0.195,0.109,0.819
Madagascar,MDG,1960,0.15,0.1,0.609
Madagascar,MDG,1961,0.181,0.111,0.637
Madagascar,MDG,1962,0.255,0.131,0.637
Madagascar,MDG,1963,0.255,0.131,0.637
Madagascar,MDG,1964,0.255,0.131,0.637
Madagascar,MDG,1965,0.249,0.13,0.637
Madagascar,MDG,1966,0.248,0.129,0.637
Madagascar,MDG,1967,0.248,0.129,0.637
Madagascar,MDG,1968,0.248,0.129,0.637
Madagascar,MDG,1969,0.248,0.129,0.637
Madagascar,MDG,1970,0.249,0.131,0.637
Madagascar,MDG,1971,0.255,0.132,0.637
Madagascar,MDG,1972,0.192,0.089,0.564
Madagascar,MDG,1973,0.148,0.084,0.567
Madagascar,MDG,1974,0.148,0.084,0.567
Madagascar,MDG,1975,0.15,0.081,0.59
Madagascar,MDG,1976,0.201,0.092,0.675
Madagascar,MDG,1977,0.2,0.089,0.699
Madagascar,MDG,1978,0.199,0.089,0.713
Madagascar,MDG,1979,0.199,0.089,0.713
Madagascar,MDG,1980,0.198,0.089,0.741
Madagascar,MDG,1981,0.2,0.091,0.741
Madagascar,MDG,1982,0.199,0.091,0.741
Madagascar,MDG,1983,0.197,0.092,0.741
Madagascar,MDG,1984,0.198,0.093,0.741
Madagascar,MDG,1985,0.201,0.093,0.741
Madagascar,MDG,1986,0.201,0.094,0.741
Madagascar,MDG,1987,0.207,0.096,0.735
Madagascar,MDG,1988,0.215,0.097,0.735
Madagascar,MDG,1989,0.219,0.099,0.735
Madagascar,MDG,1990,0.232,0.11,0.735
Madagascar,MDG,1991,0.25,0.14,0.72
Madagascar,MDG,1992,0.282,0.148,0.707
Madagascar,MDG,1993,0.442,0.252,0.721
Madagascar,MDG,1994,0.555,0.372,0.729
Madagascar,MDG,1995,0.555,0.357,0.729
Madagascar,MDG,1996,0.548,0.351,0.729
Madagascar,MDG,1997,0.51,0.279,0.778
Madagascar,MDG,1998,0.507,0.271,0.819
Madagascar,MDG,1999,0.503,0.272,0.819
Madagascar,MDG,2000,0.5,0.272,0.819
Madagascar,MDG,2001,0.494,0.27,0.819
Madagascar,MDG,2002,0.432,0.245,0.731
Madagascar,MDG,2003,0.495,0.267,0.727
Madagascar,MDG,2004,0.495,0.269,0.727
Madagascar,MDG,2005,0.495,0.269,0.727
Madagascar,MDG,2006,0.487,0.267,0.727
Madagascar,MDG,2007,0.495,0.274,0.727
Madagascar,MDG,2008,0.504,0.277,0.734
Madagascar,MDG,2009,0.272,0.101,0.946
Madagascar,MDG,2010,0.221,0.079,0.949
Madagascar,MDG,2011,0.221,0.101,0.966
Madagascar,MDG,2012,0.222,0.1,0.966
Madagascar,MDG,2013,0.246,0.125,0.939
Madagascar,MDG,2014,0.463,0.232,0.848
Madagascar,MDG,2015,0.476,0.258,0.826
Madagascar,MDG,2016,0.48,0.258,0.826
Madagascar,MDG,2017,0.478,0.26,0.821
Madagascar,MDG,2018,0.481,0.268,0.752
Madagascar,MDG,2019,0.478,0.248,0.864
Madagascar,MDG,2020,0.486,0.246,0.883
Madagascar,MDG,2021,0.479,0.237,0.883
Madagascar,MDG,2022,0.477,0.237,0.883
Madagascar,MDG,2023,0.461,0.225,0.883
Madagascar,MDG,2024,0.403,0.201,0.883
Moldova,MDA,1990,0.421,0.301,0.649
Moldova,MDA,1991,0.462,0.33,0.649
Moldova,MDA,1992,0.501,0.366,0.677
Moldova,MDA,1993,0.498,0.367,0.677
Moldova,MDA,1994,0.575,0.41,0.756
Moldova,MDA,1995,0.591,0.411,0.756
Moldova,MDA,1996,0.591,0.411,0.756
Moldova,MDA,1997,0.592,0.412,0.756
Moldova,MDA,1998,0.582,0.429,0.746
Moldova,MDA,1999,0.587,0.452,0.71
Moldova,MDA,2000,0.579,0.438,0.71
Moldova,MDA,2001,0.512,0.35,0.777
Moldova,MDA,2002,0.506,0.381,0.825
Moldova,MDA,2003,0.506,0.381,0.825
Moldova,MDA,2004,0.506,0.381,0.825
Moldova,MDA,2005,0.446,0.345,0.808
Moldova,MDA,2006,0.435,0.343,0.806
Moldova,MDA,2007,0.438,0.346,0.806
Moldova,MDA,2008,0.435,0.345,0.806
Moldova,MDA,2009,0.457,0.358,0.768
Moldova,MDA,2010,0.603,0.508,0.689
Moldova,MDA,2011,0.672,0.562,0.689
Moldova,MDA,2012,0.665,0.558,0.677
Moldova,MDA,2013,0.638,0.53,0.723
Moldova,MDA,2014,0.623,0.516,0.723
Moldova,MDA,2015,0.57,0.476,0.798
Moldova,MDA,2016,0.529,0.433,0.794
Moldova,MDA,2017,0.503,0.394,0.773
Moldova,MDA,2018,0.506,0.39,0.788
Moldova,MDA,2019,0.588,0.445,0.691
Moldova,MDA,2020,0.651,0.518,0.555
Moldova,MDA,2021,0.752,0.618,0.421
Moldova,MDA,2022,0.76,0.643,0.227
Moldova,MDA,2023,0.712,0.602,0.239
Moldova,MDA,2024,0.622,0.503,0.325
Namibia,NAM,1960,0.06,0.057,0.358
Namibia,NAM,1961,0.061,0.057,0.358
Namibia,NAM,1962,0.061,0.057,0.358
Namibia,NAM,1963,0.061,0.057,0.358
Namibia,NAM,1964,0.061,0.057,0.358
Namibia,NAM,1965,0.062,0.057,0.358
Namibia,NAM,1966,0.067,0.058,0.358
Namibia,NAM,1967,0.067,0.057,0.358
Namibia,NAM,1968,0.067,0.057,0.358
Namibia,NAM,1969,0.067,0.057,0.358
Namibia,NAM,1970,0.062,0.057,0.358
Namibia,NAM,1971,0.061,0.057,0.358
Namibia,NAM,1972,0.061,0.057,0.358
Namibia,NAM,1973,0.061,0.057,0.358
Namibia,NAM,1974,0.061,0.058,0.358
Namibia,NAM,1975,0.063,0.058,0.358
Namibia,NAM,1976,0.067,0.058,0.358
Namibia,NAM,1977,0.067,0.059,0.358
Namibia,NAM,1978,0.068,0.06,0.358
Namibia,NAM,1979,0.07,,0.462
Namibia,NAM,1980,0.091,0.072,0.384
Namibia,NAM,1981,0.091,0.071,0.384
Namibia,NAM,1982,0.091,0.071,0.384
Namibia,NAM,1983,0.072,0.053,0.489
Namibia,NAM,1984,0.071,0.052,0.489
Namibia,NAM,1985,0.081,0.074,0.489
Namibia,NAM,1986,0.081,0.081,0.377
Namibia,NAM,1987,0.083,0.081,0.377
Namibia,NAM,1988,0.081,0.081,0.371
Namibia,NAM,1989,0.184,0.105,0.36
Namibia,NAM,1990,0.529,0.403,0.19
Namibia,NAM,1991,0.593,0.49,0.19
Namibia,NAM,1992,0.593,0.49,0.19
Namibia,NAM,1993,0.593,0.49,0.19
Namibia,NAM,1994,0.587,0.487,0.19
Namibia,NAM,1995,0.67,0.553,0.19
Namibia,NAM,1996,0.67,0.553,0.19
Namibia,NAM,1997,0.67,0.553,0.19
Namibia,NAM,1998,0.67,0.553,0.19
Namibia,NAM,1999,0.669,0.55,0.19
Namibia,NAM,2000,0.654,0.54,0.19
Namibia,NAM,2001,0.651,0.537,0.19
Namibia,NAM,2002,0.651,0.534,0.19
Namibia,NAM,2003,0.651,0.537,0.19
Namibia,NAM,2004,0.654,0.537,0.19
Namibia,NAM,2005,0.664,0.55,0.19
Namibia,NAM,2006,0.668,0.551,0.19
Namibia,NAM,2007,0.659,0.544,0.19
Namibia,NAM,2008,0.662,0.548,0.19
Namibia,NAM,2009,0.655,0.541,0.19
Namibia,NAM,2010,0.637,0.528,0.19
Namibia,NAM,2011,0.644,0.533,0.19
Namibia,NAM,2012,0.644,0.533,0.19
Namibia,NAM,2013,0.65,0.536,0.19
Namibia,NAM,2014,0.656,0.542,0.19
Namibia,NAM,2015,0.707,0.579,0.188
Namibia,NAM,2016,0.711,0.584,0.188
Namibia,NAM,2017,0.709,0.577,0.192
Namibia,NAM,2018,0.682,0.562,0.19
Namibia,NAM,2019,0.647,0.512,0.262
Namibia,NAM,2020,0.632,0.516,0.285
Namibia,NAM,2021,0.622,0.506,0.294
Namibia,NAM,2022,0.626,0.503,0.331
Namibia,NAM,2023,0.622,0.503,0.338
Namibia,NAM,2024,0.624,0.516,0.283
Palestine/West Bank,PSE,1967,0.051,0.072,0.334
Palestine/West Bank,PSE,1968,0.049,0.071,0.341
Palestine/West Bank,PSE,1969,0.049,0.071,0.341
Palestine/West Bank,PSE,1970,0.085,0.078,0.341
Palestine/West Bank,PSE,1971,0.085,0.078,0.341
Palestine/West Bank,PSE,1972,0.085,0.078,0.341
Palestine/West Bank,PSE,1973,0.087,0.078,0.341
Palestine/West Bank,PSE,1974,0.087,0.078,0.341
Palestine/West Bank,PSE,1975,0.087,0.078,0.341
Palestine/West Bank,PSE,1976,0.087,0.078,0.341
Palestine/West Bank,PSE,1977,0.087,0.078,0.341
Palestine/West Bank,PSE,1978,0.087,0.078,0.341
Palestine/West Bank,PSE,1979,0.087,0.078,0.341
Palestine/West Bank,PSE,1980,0.087,0.077,0.341
Palestine/West Bank,PSE,1981,0.088,0.077,0.341
Palestine/West Bank,PSE,1982,0.088,0.077,0.341
Palestine/West Bank,PSE,1983,0.088,0.077,0.341
Palestine/West Bank,PSE,1984,0.087,0.077,0.341
Palestine/West Bank,PSE,1985,0.087,0.077,0.341
Palestine/West Bank,PSE,1986,0.087,0.077,0.341
Palestine/West Bank,PSE,1987,0.083,0.076,0.341
Palestine/West Bank,PSE,1988,0.083,0.076,0.341
Palestine/West Bank,PSE,1989,0.083,0.076,0.341
Palestine/West Bank,PSE,1990,0.077,0.071,0.329
Palestine/West Bank,PSE,1991,0.079,0.072,0.329
Palestine/West Bank,PSE,1992,0.079,0.077,0.352
Palestine/West Bank,PSE,1993,0.083,0.083,0.371
Palestine/West Bank,PSE,1994,0.155,0.147,0.298
Palestine/West Bank,PSE,1995,0.161,0.15,0.3
Palestine/West Bank,PSE,1996,0.443,0.272,0.327
Palestine/West Bank,PSE,1997,0.454,0.276,0.327
Palestine/West Bank,PSE,1998,0.461,0.281,0.327
Palestine/West Bank,PSE,1999,0.461,0.279,0.327
Palestine/West Bank,PSE,2000,0.471,0.274,0.327
Palestine/West Bank,PSE,2001,0.474,0.276,0.327
Palestine/West Bank,PSE,2002,0.471,0.276,0.327
Palestine/West Bank,PSE,2003,0.502,0.294,0.327
Palestine/West Bank,PSE,2004,0.511,0.306,0.328
Palestine/West Bank,PSE,2005,0.533,0.326,0.328
Palestine/West Bank,PSE,2006,0.501,0.313,0.335
Palestine/West Bank,PSE,2007,0.323,0.181,0.335
Palestine/West Bank,PSE,2008,0.234,0.138,0.304
Palestine/West Bank,PSE,2009,0.242,0.142,0.304
Palestine/West Bank,PSE,2010,0.244,0.142,0.294
Palestine/West Bank,PSE,2011,0.241,0.142,0.294
Palestine/West Bank,PSE,2012,0.243,0.142,0.294
Palestine/West Bank,PSE,2013,0.246,0.163,0.291
Palestine/West Bank,PSE,2014,0.249,0.165,0.286
Palestine/West Bank,PSE,2015,0.244,0.162,0.333
Palestine/West Bank,PSE,2016,0.243,0.162,0.331
Palestine/West Bank,PSE,2017,0.252,0.171,0.384
Palestine/West Bank,PSE,2018,0.265,0.176,0.41
Palestine/West Bank,PSE,2019,0.272,0.19,0.437
Palestine/West Bank,PSE,2020,0.242,0.148,0.418
Palestine/West Bank,PSE,2021,0.235,0.128,0.548
Palestine/West Bank,PSE,2022,0.229,0.122,0.545
Palestine/West Bank,PSE,2023,0.229,0.124,0.547
Palestine/West Bank,PSE,2024,0.212,0.118,0.444
Rwanda,RWA,1960,0.086,0.071,0.403
Rwanda,RWA,1961,0.148,0.114,0.457
Rwanda,RWA,1962,0.263,0.177,0.376
Rwanda,RWA,1963,0.252,0.176,0.377
Rwanda,RWA,1964,0.245,0.173,0.342
Rwanda,RWA,1965,0.238,0.172,0.342
Rwanda,RWA,1966,0.235,0.171,0.342
Rwanda,RWA,1967,0.235,0.17,0.342
Rwanda,RWA,1968,0.235,0.17,0.342
Rwanda,RWA,1969,0.239,0.172,0.342
Rwanda,RWA,1970,0.238,0.167,0.342
Rwanda,RWA,1971,0.238,0.166,0.342
Rwanda,RWA,1972,0.238,0.168,0.342
Rwanda,RWA,1973,0.165,0.146,0.437
Rwanda,RWA,1974,0.09,0.102,0.527
Rwanda,RWA,1975,0.088,0.102,0.527
Rwanda,RWA,1976,0.09,0.102,0.527
Rwanda,RWA,1977,0.09,0.102,0.527
Rwanda,RWA,1978,0.093,0.105,0.527
Rwanda,RWA,1979,0.167,0.121,0.501
Rwanda,RWA,1980,0.165,0.121,0.501
Rwanda,RWA,1981,0.165,0.121,0.501
Rwanda,RWA,1982,0.207,0.151,0.539
Rwanda,RWA,1983,0.207,0.151,0.539
Rwanda,RWA,1984,0.204,0.15,0.539
Rwanda,RWA,1985,0.204,0.15,0.539
Rwanda,RWA,1986,0.204,0.15,0.539
Rwanda,RWA,1987,0.204,0.15,0.539
Rwanda,RWA,1988,0.207,0.151,0.539
Rwanda,RWA,1989,0.21,0.152,0.539
Rwanda,RWA,1990,0.217,0.157,0.513
Rwanda,RWA,1991,0.256,0.18,0.513
Rwanda,RWA,1992,0.29,0.193,0.513
Rwanda,RWA,1993,0.187,0.129,0.468
Rwanda,RWA,1994,0.143,0.114,0.457
Rwanda,RWA,1995,0.104,0.118,0.629
Rwanda,RWA,1996,0.107,0.12,0.629
Rwanda,RWA,1997,0.107,0.122,0.629
Rwanda,RWA,1998,0.106,0.124,0.629
Rwanda,RWA,1999,0.107,0.125,0.629
Rwanda,RWA,2000,0.114,0.104,0.584
Rwanda,RWA,2001,0.114,0.104,0.558
Rwanda,RWA,2002,0.115,0.104,0.558
Rwanda,RWA,2003,0.143,0.111,0.558
Rwanda,RWA,2004,0.198,0.123,0.558
Rwanda,RWA,2005,0.196,0.124,0.558
Rwanda,RWA,2006,0.197,0.124,0.555
Rwanda,RWA,2007,0.197,0.123,0.553
Rwanda,RWA,2008,0.203,0.125,0.553
Rwanda,RWA,2009,0.22,0.13,0.553
Rwanda,RWA,2010,0.217,0.133,0.551
Rwanda,RWA,2011,0.216,0.133,0.551
Rwanda,RWA,2012,0.22,0.136,0.551
Rwanda,RWA,2013,0.221,0.136,0.418
Rwanda,RWA,2014,0.226,0.139,0.418
Rwanda,RWA,2015,0.226,0.138,0.418
Rwanda,RWA,2016,0.226,0.128,0.428
Rwanda,RWA,2017,0.222,0.116,0.419
Rwanda,RWA,2018,0.226,0.118,0.419
Rwanda,RWA,2019,0.227,0.12,0.385
Rwanda,RWA,2020,0.227,0.12,0.385
Rwanda,RWA,2021,0.226,0.11,0.377
Rwanda,RWA,2022,0.219,0.11,0.405
Rwanda,RWA,2023,0.212,0.099,0.456
Rwanda,RWA,2024,0.201,0.091,0.418
Somalia,SOM,1960,0.353,0.24,0.346
Somalia,SOM,1961,0.362,0.24,0.424
Somalia,SOM,1962,0.361,0.241,0.479
Somalia,SOM,1963,0.361,0.241,0.479
Somalia,SOM,1964,0.351,0.236,0.479
Somalia,SOM,1965,0.339,0.231,0.479
Somalia,SOM,1966,0.335,0.226,0.479
Somalia,SOM,1967,0.335,0.226,0.484
Somalia,SOM,1968,0.335,0.226,0.484
Somalia,SOM,1969,0.21,0.106,0.484
Somalia,SOM,1970,0.076,0.02,0.504
Somalia,SOM,1971,0.076,0.02,0.504
Somalia,SOM,1972,0.076,0.02,0.504
Somalia,SOM,1973,0.076,0.02,0.504
Somalia,SOM,1974,0.076,0.02,0.504
Somalia,SOM,1975,0.076,0.02,0.504
Somalia,SOM,1976,0.076,0.02,0.504
Somalia,SOM,1977,0.076,0.02,0.52
Somalia,SOM,1978,0.076,0.02,0.551
Somalia,SOM,1979,0.075,0.021,0.552
Somalia,SOM,1980,0.084,0.032,0.643
Somalia,SOM,1981,0.144,0.04,0.643
Somalia,SOM,1982,0.144,0.04,0.643
Somalia,SOM,1983,0.144,0.04,0.643
Somalia,SOM,1984,0.144,0.04,0.643
Somalia,SOM,1985,0.142,0.04,0.643
Somalia,SOM,1986,0.142,0.04,0.643
Somalia,SOM,1987,0.143,0.04,0.643
Somalia,SOM,1988,0.143,0.04,0.643
Somalia,SOM,1989,0.143,0.04,0.643
Somalia,SOM,1990,0.144,0.039,0.647
Somalia,SOM,1991,0.132,0.037,0.624
Somalia,SOM,1992,0.151,0.026,0.958
Somalia,SOM,1993,0.156,0.026,0.958
Somalia,SOM,1994,0.157,0.026,0.958
Somalia,SOM,1995,0.158,0.027,0.958
Somalia,SOM,1996,0.158,0.027,0.958
Somalia,SOM,1997,0.158,0.027,0.958
Somalia,SOM,1998,0.158,0.027,0.958
Somalia,SOM,1999,0.158,0.027,0.958
Somalia,SOM,2000,0.167,0.028,0.948
Somalia,SOM,2001,0.166,0.028,0.942
Somalia,SOM,2002,0.166,0.028,0.939
Somalia,SOM,2003,0.166,0.028,0.939
Somalia,SOM,2004,0.166,0.058,0.939
Somalia,SOM,2005,0.171,0.092,0.949
Somalia,SOM,2006,0.172,0.093,0.946
Somalia,SOM,2007,0.172,0.095,0.945
Somalia,SOM,2008,0.172,0.094,0.946
Somalia,SOM,2009,0.172,0.094,0.945
Somalia,SOM,2010,0.186,0.102,0.945
Somalia,SOM,2011,0.19,0.104,0.945
Somalia,SOM,2012,0.167,0.107,0.946
Somalia,SOM,2013,0.162,0.118,0.933
Somalia,SOM,2014,0.162,0.118,0.925
Somalia,SOM,2015,0.162,0.123,0.925
Somalia,SOM,2016,0.16,0.11,0.939
Somalia,SOM,2017,0.167,0.123,0.923
Somalia,SOM,2018,0.154,0.106,0.914
Somalia,SOM,2019,0.148,0.104,0.903
Somalia,SOM,2020,0.154,0.105,0.922
Somalia,SOM,2021,0.161,0.111,0.914
Somalia,SOM,2022,0.158,0.114,0.905
Somalia,SOM,2023,0.167,0.131,0.867
Somalia,SOM,2024,0.165,0.127,0.87
Sri Lanka,LKA,1960,0.66,0.501,0.126
Sri Lanka,LKA,1961,0.666,0.505,0.126
Sri Lanka,LKA,1962,0.664,0.506,0.126
Sri Lanka,LKA,1963,0.664,0.506,0.126
Sri Lanka,LKA,1964,0.664,0.506,0.126
Sri Lanka,LKA,1965,0.661,0.502,0.126
Sri Lanka,LKA,1966,0.659,0.499,0.126
Sri Lanka,LKA,1967,0.659,0.499,0.126
Sri Lanka,LKA,1968,0.659,0.499,0.126
Sri Lanka,LKA,1969,0.659,0.499,0.126
Sri Lanka,LKA,1970,0.64,0.479,0.138
Sri Lanka,LKA,1971,0.606,0.441,0.138
Sri Lanka,LKA,1972,0.593,0.431,0.138
Sri Lanka,LKA,1973,0.588,0.427,0.138
Sri Lanka,LKA,1974,0.587,0.428,0.138
Sri Lanka,LKA,1975,0.59,0.433,0.138
Sri Lanka,LKA,1976,0.59,0.433,0.138
Sri Lanka,LKA,1977,0.565,0.417,0.152
Sri Lanka,LKA,1978,0.552,0.372,0.311
Sri Lanka,LKA,1979,0.543,0.367,0.311
Sri Lanka,LKA,1980,0.519,0.338,0.311
Sri Lanka,LKA,1981,0.519,0.338,0.311
Sri Lanka,LKA,1982,0.512,0.334,0.311
Sri Lanka,LKA,1983,0.48,0.308,0.311
Sri Lanka,LKA,1984,0.48,0.305,0.311
Sri Lanka,LKA,1985,0.48,0.305,0.311
Sri Lanka,LKA,1986,0.478,0.3,0.311
Sri Lanka,LKA,1987,0.472,0.289,0.311
Sri Lanka,LKA,1988,0.461,0.283,0.311
Sri Lanka,LKA,1989,0.435,0.268,0.413
Sri Lanka,LKA,1990,0.445,0.275,0.413
Sri Lanka,LKA,1991,0.445,0.274,0.413
Sri Lanka,LKA,1992,0.449,0.284,0.413
Sri Lanka,LKA,1993,0.449,0.284,0.413
Sri Lanka,LKA,1994,0.49,0.315,0.438
Sri Lanka,LKA,1995,0.544,0.346,0.438
Sri Lanka,LKA,1996,0.544,0.346,0.438
Sri Lanka,LKA,1997,0.544,0.346,0.438
Sri Lanka,LKA,1998,0.53,0.337,0.438
Sri Lanka,LKA,1999,0.529,0.336,0.438
Sri Lanka,LKA,2000,0.494,0.318,0.438
Sri Lanka,LKA,2001,0.496,0.319,0.425
Sri Lanka,LKA,2002,0.529,0.34,0.425
Sri Lanka,LKA,2003,0.529,0.34,0.425
Sri Lanka,LKA,2004,0.513,0.329,0.425
Sri Lanka,LKA,2005,0.435,0.278,0.561
Sri Lanka,LKA,2006,0.373,0.243,0.561
Sri Lanka,LKA,2007,0.373,0.24,0.561
Sri Lanka,LKA,2008,0.368,0.236,0.561
Sri Lanka,LKA,2009,0.366,0.233,0.568
Sri Lanka,LKA,2010,0.386,0.244,0.63
Sri Lanka,LKA,2011,0.384,0.243,0.63
Sri Lanka,LKA,2012,0.39,0.246,0.63
Sri Lanka,LKA,2013,0.418,0.268,0.638
Sri Lanka,LKA,2014,0.417,0.267,0.647
Sri Lanka,LKA,2015,0.55,0.397,0.515
Sri Lanka,LKA,2016,0.595,0.45,0.489
Sri Lanka,LKA,2017,0.591,0.448,0.49
Sri Lanka,LKA,2018,0.612,0.481,0.503
Sri Lanka,LKA,2019,0.564,0.439,0.503
Sri Lanka,LKA,2020,0.579,0.379,0.611
Sri Lanka,LKA,2021,0.572,0.393,0.631
Sri Lanka,LKA,2022,0.602,0.44,0.552
Sri Lanka,LKA,2023,0.585,0.426,0.551
Sri Lanka,LKA,2024,0.677,0.497,0.456
Eswatini,SWZ,1960,0.049,0.073,0.455
Eswatini,SWZ,1961,0.054,0.073,0.455
Eswatini,SWZ,1962,0.054,0.073,0.455
Eswatini,SWZ,1963,0.061,0.074,0.455
Eswatini,SWZ,1964,0.143,0.096,0.455
Eswatini,SWZ,1965,0.173,0.116,0.359
Eswatini,SWZ,1966,0.182,0.118,0.359
Eswatini,SWZ,1967,0.184,0.127,0.351
Eswatini,SWZ,1968,0.203,0.134,0.374
Eswatini,SWZ,1969,0.208,0.136,0.374
Eswatini,SWZ,1970,0.209,0.136,0.374
Eswatini,SWZ,1971,0.206,0.133,0.374
Eswatini,SWZ,1972,0.204,0.132,0.374
Eswatini,SWZ,1973,0.128,0.097,0.374
Eswatini,SWZ,1974,0.09,0.08,0.473
Eswatini,SWZ,1975,0.09,0.08,0.473
Eswatini,SWZ,1976,0.09,0.081,0.473
Eswatini,SWZ,1977,0.09,0.081,0.473
Eswatini,SWZ,1978,0.097,0.087,0.473
Eswatini,SWZ,1979,0.131,0.108,0.374
Eswatini,SWZ,1980,0.131,0.109,0.374
Eswatini,SWZ,1981,0.131,0.109,0.374
Eswatini,SWZ,1982,0.131,0.109,0.374
Eswatini,SWZ,1983,0.131,0.109,0.425
Eswatini,SWZ,1984,0.126,0.106,0.425
Eswatini,SWZ,1985,0.126,0.106,0.425
Eswatini,SWZ,1986,0.126,0.106,0.425
Eswatini,SWZ,1987,0.126,0.106,0.425
Eswatini,SWZ,1988,0.122,0.105,0.425
Eswatini,SWZ,1989,0.122,0.105,0.425
Eswatini,SWZ,1990,0.124,0.104,0.425
Eswatini,SWZ,1991,0.124,0.104,0.425
Eswatini,SWZ,1992,0.124,0.104,0.425
Eswatini,SWZ,1993,0.122,0.104,0.425
Eswatini,SWZ,1994,0.117,0.099,0.425
Eswatini,SWZ,1995,0.117,0.099,0.425
Eswatini,SWZ,1996,0.115,0.098,0.425
Eswatini,SWZ,1997,0.115,0.098,0.425
Eswatini,SWZ,1998,0.117,0.095,0.425
Eswatini,SWZ,1999,0.123,0.096,0.425
Eswatini,SWZ,2000,0.124,0.097,0.449
Eswatini,SWZ,2001,0.125,0.097,0.449
Eswatini,SWZ,2002,0.125,0.097,0.449
Eswatini,SWZ,2003,0.125,0.097,0.449
Eswatini,SWZ,2004,0.123,0.096,0.449
Eswatini,SWZ,2005,0.128,0.096,0.449
Eswatini,SWZ,2006,0.129,0.096,0.449
Eswatini,SWZ,2007,0.129,0.095,0.475
Eswatini,SWZ,2008,0.127,0.097,0.475
Eswatini,SWZ,2009,0.124,0.097,0.475
Eswatini,SWZ,2010,0.125,0.094,0.475
Eswatini,SWZ,2011,0.125,0.093,0.478
Eswatini,SWZ,2012,0.125,0.093,0.478
Eswatini,SWZ,2013,0.13,0.097,0.493
Eswatini,SWZ,2014,0.131,0.097,0.493
Eswatini,SWZ,2015,0.131,0.097,0.493
Eswatini,SWZ,2016,0.131,0.097,0.493
Eswatini,SWZ,2017,0.132,0.099,0.453
Eswatini,SWZ,2018,0.132,0.115,0.471
Eswatini,SWZ,2019,0.133,0.114,0.471
Eswatini,SWZ,2020,0.132,0.115,0.471
Eswatini,SWZ,2021,0.12,0.095,0.547
Eswatini,SWZ,2022,0.117,0.097,0.525
Eswatini,SWZ,2023,0.121,0.099,0.54
Eswatini,SWZ,2024,0.129,0.101,0.54
Tajikistan,TJK,1990,0.259,0.123,0.562
Tajikistan,TJK,1991,0.306,0.129,0.649
Tajikistan,TJK,1992,0.278,0.077,0.768
Tajikistan,TJK,1993,0.217,0.059,0.785
Tajikistan,TJK,1994,0.194,0.054,0.785
Tajikistan,TJK,1995,0.173,0.055,0.772
Tajikistan,TJK,1996,0.173,0.056,0.796
Tajikistan,TJK,1997,0.182,0.058,0.796
Tajikistan,TJK,1998,0.196,0.066,0.826
Tajikistan,TJK,1999,0.209,0.071,0.836
Tajikistan,TJK,2000,0.239,0.083,0.921
Tajikistan,TJK,2001,0.244,0.084,0.921
Tajikistan,TJK,2002,0.241,0.08,0.928
Tajikistan,TJK,2003,0.245,0.082,0.928
Tajikistan,TJK,2004,0.243,0.08,0.928
Tajikistan,TJK,2005,0.228,0.07,0.928
Tajikistan,TJK,2006,0.226,0.069,0.929
Tajikistan,TJK,2007,0.227,0.068,0.933
Tajikistan,TJK,2008,0.229,0.068,0.933
Tajikistan,TJK,2009,0.23,0.069,0.933
Tajikistan,TJK,2010,0.225,0.063,0.933
Tajikistan,TJK,2011,0.225,0.064,0.933
Tajikistan,TJK,2012,0.222,0.062,0.933
Tajikistan,TJK,2013,0.206,0.053,0.941
Tajikistan,TJK,2014,0.201,0.052,0.941
Tajikistan,TJK,2015,0.184,0.042,0.941
Tajikistan,TJK,2016,0.174,0.039,0.928
Tajikistan,TJK,2017,0.168,0.04,0.932
Tajikistan,TJK,2018,0.164,0.044,0.904
Tajikistan,TJK,2019,0.164,0.041,0.917
Tajikistan,TJK,2020,0.17,0.041,0.875
Tajikistan,TJK,2021,0.171,0.039,0.881
Tajikistan,TJK,2022,0.164,0.036,0.882
Tajikistan,TJK,2023,0.164,0.036,0.882
Tajikistan,TJK,2024,0.168,0.041,0.882
Togo,TGO,1960,0.248,0.118,0.324
Togo,TGO,1961,0.266,0.124,0.343
Togo,TGO,1962,0.263,0.101,0.343
Togo,TGO,1963,0.214,0.1,0.387
Togo,TGO,1964,0.229,0.102,0.387
Togo,TGO,1965,0.229,0.102,0.387
Togo,TGO,1966,0.229,0.102,0.387
Togo,TGO,1967,0.099,0.044,0.619
Togo,TGO,1968,0.087,0.041,0.714
Togo,TGO,1969,0.08,0.04,0.714
Togo,TGO,1970,0.079,0.04,0.714
Togo,TGO,1971,0.079,0.043,0.714
Togo,TGO,1972,0.079,0.043,0.714
Togo,TGO,1973,0.079,0.043,0.714
Togo,TGO,1974,0.079,0.043,0.714
Togo,TGO,1975,0.079,0.043,0.714
Togo,TGO,1976,0.079,0.043,0.714
Togo,TGO,1977,0.081,0.043,0.714
Togo,TGO,1978,0.081,0.043,0.714
Togo,TGO,1979,0.081,0.043,0.714
Togo,TGO,1980,0.14,0.058,0.673
Togo,TGO,1981,0.15,0.062,0.665
Togo,TGO,1982,0.15,0.062,0.665
Togo,TGO,1983,0.15,0.062,0.665
Togo,TGO,1984,0.15,0.062,0.665
Togo,TGO,1985,0.151,0.062,0.665
Togo,TGO,1986,0.151,0.063,0.665
Togo,TGO,1987,0.15,0.063,0.665
Togo,TGO,1988,0.15,0.063,0.665
Togo,TGO,1989,0.15,0.063,0.665
Togo,TGO,1990,0.155,0.064,0.7
Togo,TGO,1991,0.229,0.126,0.816
Togo,TGO,1992,0.274,0.15,0.816
Togo,TGO,1993,0.289,0.16,0.829
Togo,TGO,1994,0.317,0.163,0.851
Togo,TGO,1995,0.322,0.165,0.851
Togo,TGO,1996,0.328,0.167,0.782
Togo,TGO,1997,0.328,0.167,0.853
Togo,TGO,1998,0.31,0.162,0.853
Togo,TGO,1999,0.297,0.154,0.853
Togo,TGO,2000,0.301,0.167,0.809
Togo,TGO,2001,0.301,0.167,0.809
Togo,TGO,2002,0.302,0.166,0.809
Togo,TGO,2003,0.304,0.166,0.809
Togo,TGO,2004,0.303,0.166,0.809
Togo,TGO,2005,0.325,0.149,0.808
Togo,TGO,2006,0.338,0.18,0.793
Togo,TGO,2007,0.355,0.194,0.793
Togo,TGO,2008,0.433,0.227,0.777
Togo,TGO,2009,0.434,0.229,0.776
Togo,TGO,2010,0.414,0.235,0.766
Togo,TGO,2011,0.416,0.238,0.766
Togo,TGO,2012,0.412,0.235,0.748
Togo,TGO,2013,0.432,0.238,0.752
Togo,TGO,2014,0.465,0.251,0.752
Togo,TGO,2015,0.471,0.258,0.748
Togo,TGO,2016,0.472,0.26,0.748
Togo,TGO,2017,0.442,0.239,0.736
Togo,TGO,2018,0.428,0.212,0.74
Togo,TGO,2019,0.395,0.193,0.742
Togo,TGO,2020,0.424,0.233,0.741
Togo,TGO,2021,0.396,0.214,0.77
Togo,TGO,2022,0.399,0.216,0.745
Togo,TGO,2023,0.389,0.194,0.777
Togo,TGO,2024,0.35,0.167,0.773
Trinidad and Tobago,TTO,1960,0.485,0.373,0.152
Trinidad and Tobago,TTO,1961,0.487,0.374,0.152
Trinidad and Tobago,TTO,1962,0.536,0.442,0.167
Trinidad and Tobago,TTO,1963,0.551,0.451,0.167
Trinidad and Tobago,TTO,1964,0.555,0.455,0.167
Trinidad and Tobago,TTO,1965,0.555,0.455,0.167
Trinidad and Tobago,TTO,1966,0.56,0.458,0.167
Trinidad and Tobago,TTO,1967,0.585,0.476,0.167
Trinidad and Tobago,TTO,1968,0.582,0.475,0.167
Trinidad and Tobago,TTO,1969,0.588,0.481,0.167
Trinidad and Tobago,TTO,1970,0.593,0.484,0.167
Trinidad and Tobago,TTO,1971,0.582,0.473,0.176
Trinidad and Tobago,TTO,1972,0.572,0.468,0.184
Trinidad and Tobago,TTO,1973,0.576,0.471,0.184
Trinidad and Tobago,TTO,1974,0.576,0.471,0.184
Trinidad and Tobago,TTO,1975,0.573,0.469,0.184
Trinidad and Tobago,TTO,1976,0.605,0.5,0.138
Trinidad and Tobago,TTO,1977,0.656,0.539,0.128
Trinidad and Tobago,TTO,1978,0.668,0.548,0.128
Trinidad and Tobago,TTO,1979,0.668,0.549,0.128
Trinidad and Tobago,TTO,1980,0.679,0.561,0.128
Trinidad and Tobago,TTO,1981,0.688,0.567,0.128
Trinidad and Tobago,TTO,1982,0.693,0.572,0.128
Trinidad and Tobago,TTO,1983,0.693,0.572,0.128
Trinidad and Tobago,TTO,1984,0.694,0.574,0.128
Trinidad and Tobago,TTO,1985,0.694,0.574,0.128
Trinidad and Tobago,TTO,1986,0.707,0.586,0.128
Trinidad and Tobago,TTO,1987,0.739,0.614,0.128
Trinidad and Tobago,TTO,1988,0.739,0.614,0.128
Trinidad and Tobago,TTO,1989,0.739,0.614,0.128
Trinidad and Tobago,TTO,1990,0.744,0.617,0.143
Trinidad and Tobago,TTO,1991,0.762,0.635,0.143
Trinidad and Tobago,TTO,1992,0.772,0.644,0.143
Trinidad and Tobago,TTO,1993,0.772,0.644,0.143
Trinidad and Tobago,TTO,1994,0.775,0.645,0.143
Trinidad and Tobago,TTO,1995,0.772,0.646,0.148
Trinidad and Tobago,TTO,1996,0.776,0.646,0.148
Trinidad and Tobago,TTO,1997,0.776,0.646,0.148
Trinidad and Tobago,TTO,1998,0.776,0.646,0.148
Trinidad and Tobago,TTO,1999,0.776,0.646,0.148
Trinidad and Tobago,TTO,2000,0.782,0.66,0.148
Trinidad and Tobago,TTO,2001,0.754,0.633,0.148
Trinidad and Tobago,TTO,2002,0.766,0.643,0.13
Trinidad and Tobago,TTO,2003,0.776,0.662,0.13
Trinidad and Tobago,TTO,2004,0.776,0.662,0.13
Trinidad and Tobago,TTO,2005,0.775,0.662,0.13
Trinidad and Tobago,TTO,2006,0.779,0.665,0.13
Trinidad and Tobago,TTO,2007,0.781,0.666,0.13
Trinidad and Tobago,TTO,2008,0.801,0.684,0.13
Trinidad and Tobago,TTO,2009,0.801,0.684,0.132
Trinidad and Tobago,TTO,2010,0.802,0.686,0.137
Trinidad and Tobago,TTO,2011,0.803,0.687,0.137
Trinidad and Tobago,TTO,2012,0.803,0.687,0.137
Trinidad and Tobago,TTO,2013,0.777,0.665,0.137
Trinidad and Tobago,TTO,2014,0.777,0.662,0.137
Trinidad and Tobago,TTO,2015,0.791,0.676,0.137
Trinidad and Tobago,TTO,2016,0.79,0.676,0.102
Trinidad and Tobago,TTO,2017,0.791,0.676,0.117
Trinidad and Tobago,TTO,2018,0.784,0.67,0.106
Trinidad and Tobago,TTO,2019,0.787,0.676,0.101
Trinidad and Tobago,TTO,2020,0.788,0.672,0.102
Trinidad and Tobago,TTO,2021,0.791,0.672,0.096
Trinidad and Tobago,TTO,2022,0.778,0.661,0.096
Trinidad and Tobago,TTO,2023,0.778,0.661,0.1
Trinidad and Tobago,TTO,2024,0.773,0.653,0.1
Turkmenistan,TKM,1990,,,0.856
Turkmenistan,TKM,1991,0.174,0.043,0.905
Turkmenistan,TKM,1992,0.161,0.03,0.905
Turkmenistan,TKM,1993,0.15,0.028,0.905
Turkmenistan,TKM,1994,0.149,0.028,0.905
Turkmenistan,TKM,1995,0.147,0.028,0.905
Turkmenistan,TKM,1996,0.147,0.028,0.905
Turkmenistan,TKM,1997,0.143,0.024,0.905
Turkmenistan,TKM,1998,0.143,0.024,0.905
Turkmenistan,TKM,1999,0.143,0.024,0.905
Turkmenistan,TKM,2000,0.07,0.015,0.905
Turkmenistan,TKM,2001,0.07,0.014,0.905
Turkmenistan,TKM,2002,0.07,0.014,0.905
Turkmenistan,TKM,2003,0.069,0.014,0.905
Turkmenistan,TKM,2004,0.07,0.014,0.905
Turkmenistan,TKM,2005,0.079,0.015,0.905
Turkmenistan,TKM,2006,0.078,0.015,0.905
Turkmenistan,TKM,2007,0.133,0.023,0.905
Turkmenistan,TKM,2008,0.141,0.025,0.912
Turkmenistan,TKM,2009,0.143,0.023,0.923
Turkmenistan,TKM,2010,0.144,0.023,0.923
Turkmenistan,TKM,2011,0.144,0.023,0.923
Turkmenistan,TKM,2012,0.145,0.023,0.923
Turkmenistan,TKM,2013,0.144,0.024,0.929
Turkmenistan,TKM,2014,0.143,0.024,0.929
Turkmenistan,TKM,2015,0.143,0.024,0.929
Turkmenistan,TKM,2016,0.143,0.025,0.929
Turkmenistan,TKM,2017,0.147,0.027,0.909
Turkmenistan,TKM,2018,0.149,0.028,0.909
Turkmenistan,TKM,2019,0.149,0.035,0.91
Turkmenistan,TKM,2020,0.15,0.033,0.908
Turkmenistan,TKM,2021,0.15,0.033,0.908
Turkmenistan,TKM,2022,0.148,0.032,0.908
Turkmenistan,TKM,2023,0.148,0.034,0.891
Turkmenistan,TKM,2024,0.149,0.034,0.891
German Democratic Republic,DDR,1960,0.169,0.066,0.198
German Democratic Republic,DDR,1961,0.169,0.06,0.198
German Democratic Republic,DDR,1962,0.169,0.06,0.198
German Democratic Republic,DDR,1963,0.168,0.06,0.198
German Democratic Republic,DDR,1964,0.167,0.06,0.198
German Democratic Republic,DDR,1965,0.167,0.06,0.198
German Democratic Republic,DDR,1966,0.167,0.06,0.198
German Democratic Republic,DDR,1967,0.167,0.06,0.198
German Democratic Republic,DDR,1968,0.168,0.06,0.198
German Democratic Republic,DDR,1969,0.168,0.06,0.198
German Democratic Republic,DDR,1970,0.168,0.062,0.198
German Democratic Republic,DDR,1971,0.168,0.062,0.198
German Democratic Republic,DDR,1972,0.169,0.061,0.198
German Democratic Republic,DDR,1973,0.169,0.063,0.198
German Democratic Republic,DDR,1974,0.17,0.063,0.198
German Democratic Republic,DDR,1975,0.17,0.063,0.198
German Democratic Republic,DDR,1976,0.169,0.063,0.198
German Democratic Republic,DDR,1977,0.168,0.063,0.198
German Democratic Republic,DDR,1978,0.168,0.063,0.198
German Democratic Republic,DDR,1979,0.168,0.063,0.198
German Democratic Republic,DDR,1980,0.168,0.062,0.198
German Democratic Republic,DDR,1981,0.168,0.062,0.198
German Democratic Republic,DDR,1982,0.168,0.062,0.198
German Democratic Republic,DDR,1983,0.168,0.062,0.198
German Democratic Republic,DDR,1984,0.168,0.062,0.198
German Democratic Republic,DDR,1985,0.168,0.062,0.198
German Democratic Republic,DDR,1986,0.172,0.062,0.198
German Democratic Republic,DDR,1987,0.175,0.063,0.198
German Democratic Republic,DDR,1988,0.175,0.063,0.198
German Democratic Republic,DDR,1989,0.181,0.065,0.198
German Democratic Republic,DDR,1990,0.707,0.538,0.162
Palestine/Gaza,PSG,1960,0.039,0.069,0.252
Palestine/Gaza,PSG,1961,0.039,0.069,0.252
Palestine/Gaza,PSG,1962,0.039,0.095,0.252
Palestine/Gaza,PSG,1963,0.039,0.104,0.3
Palestine/Gaza,PSG,1964,0.039,0.104,0.3
Palestine/Gaza,PSG,1965,0.041,0.104,0.3
Palestine/Gaza,PSG,1966,0.041,0.104,0.3
Palestine/Gaza,PSG,2007,0.131,0.089,0.418
Palestine/Gaza,PSG,2008,0.133,0.089,0.486
Palestine/Gaza,PSG,2009,0.135,0.09,0.486
Palestine/Gaza,PSG,2010,0.141,0.097,0.463
Palestine/Gaza,PSG,2011,0.14,0.095,0.461
Palestine/Gaza,PSG,2012,0.143,0.095,0.462
Palestine/Gaza,PSG,2013,0.129,0.068,0.322
Palestine/Gaza,PSG,2014,0.13,0.066,0.309
Palestine/Gaza,PSG,2015,0.119,0.063,0.377
Palestine/Gaza,PSG,2016,0.119,0.063,0.377
Palestine/Gaza,PSG,2017,0.121,0.059,0.394
Palestine/Gaza,PSG,2018,0.118,0.039,0.393
Palestine/Gaza,PSG,2019,0.117,0.069,0.311
Palestine/Gaza,PSG,2020,0.129,0.048,0.332
Palestine/Gaza,PSG,2021,0.128,0.053,0.332
Palestine/Gaza,PSG,2022,0.124,0.055,0.28
Palestine/Gaza,PSG,2023,0.122,0.073,0.301
Palestine/Gaza,PSG,2024,0.095,0.055,0.342
Somaliland,SML,1991,0.142,0.082,0.734
Somaliland,SML,1992,0.142,0.082,0.734
Somaliland,SML,1993,0.162,0.12,0.698
Somaliland,SML,1994,0.17,0.122,0.698
Somaliland,SML,1995,0.17,0.127,0.698
Somaliland,SML,1996,0.17,0.127,0.718
Somaliland,SML,1997,0.173,0.131,0.718
Somaliland,SML,1998,0.17,0.137,0.718
Somaliland,SML,1999,0.17,0.138,0.718
Somaliland,SML,2000,0.17,0.139,0.718
Somaliland,SML,2001,0.179,0.141,0.718
Somaliland,SML,2002,0.198,0.15,0.718
Somaliland,SML,2003,0.356,0.218,0.718
Somaliland,SML,2004,0.378,0.227,0.718
Somaliland,SML,2005,0.384,0.232,0.718
Somaliland,SML,2006,0.394,0.239,0.718
Somaliland,SML,2007,0.393,0.239,0.718
Somaliland,SML,2008,0.393,0.239,0.712
Somaliland,SML,2009,0.393,0.239,0.712
Somaliland,SML,2010,0.414,0.249,0.712
Somaliland,SML,2011,0.436,0.261,0.7
Somaliland,SML,2012,0.436,0.262,0.698
Somaliland,SML,2013,0.402,0.248,0.684
Somaliland,SML,2014,0.401,0.247,0.684
Somaliland,SML,2015,0.401,0.247,0.684
Somaliland,SML,2016,0.408,0.252,0.708
Somaliland,SML,2017,0.413,0.254,0.674
Somaliland,SML,2018,0.4,0.248,0.653
Somaliland,SML,2019,0.395,0.246,0.662
Somaliland,SML,2020,0.399,0.243,0.652
Somaliland,SML,2021,0.406,0.25,0.665
Somaliland,SML,2022,0.408,0.251,0.617
Somaliland,SML,2023,0.402,0.251,0.617
Somaliland,SML,2024,0.42,0.272,0.598
Uzbekistan,UZB,1990,0.203,0.069,0.68
Uzbekistan,UZB,1991,0.226,0.072,0.68
Uzbekistan,UZB,1992,0.203,0.057,0.781
Uzbekistan,UZB,1993,0.199,0.049,0.788
Uzbekistan,UZB,1994,0.187,0.045,0.792
Uzbekistan,UZB,1995,0.165,0.041,0.809
Uzbekistan,UZB,1996,0.163,0.041,0.809
Uzbekistan,UZB,1997,0.163,0.04,0.812
Uzbekistan,UZB,1998,0.163,0.037,0.834
Uzbekistan,UZB,1999,0.158,0.035,0.834
Uzbekistan,UZB,2000,0.157,0.035,0.834
Uzbekistan,UZB,2001,0.156,0.034,0.834
Uzbekistan,UZB,2002,0.157,0.034,0.834
Uzbekistan,UZB,2003,0.157,0.035,0.856
Uzbekistan,UZB,2004,0.157,0.035,0.858
Uzbekistan,UZB,2005,0.16,0.031,0.868
Uzbekistan,UZB,2006,0.16,0.032,0.867
Uzbekistan,UZB,2007,0.16,0.033,0.867
Uzbekistan,UZB,2008,0.163,0.034,0.865
Uzbekistan,UZB,2009,0.162,0.034,0.848
Uzbekistan,UZB,2010,0.161,0.035,0.847
Uzbekistan,UZB,2011,0.163,0.036,0.847
Uzbekistan,UZB,2012,0.162,0.036,0.847
Uzbekistan,UZB,2013,0.166,0.037,0.847
Uzbekistan,UZB,2014,0.167,0.037,0.847
Uzbekistan,UZB,2015,0.166,0.036,0.85
Uzbekistan,UZB,2016,0.169,0.037,0.852
Uzbekistan,UZB,2017,0.191,0.052,0.798
Uzbekistan,UZB,2018,0.189,0.065,0.801
Uzbekistan,UZB,2019,0.203,0.077,0.785
Uzbekistan,UZB,2020,0.206,0.083,0.778
Uzbekistan,UZB,2021,0.204,0.078,0.793
Uzbekistan,UZB,2022,0.213,0.078,0.829
Uzbekistan,UZB,2023,0.215,0.079,0.827
Uzbekistan,UZB,2024,0.214,0.074,0.835
Austria,AUT,1960,0.827,0.689,0.048
Austria,AUT,1961,0.827,0.689,0.048
Austria,AUT,1962,0.827,0.689,0.048
Austria,AUT,1963,0.826,0.689,0.048
Austria,AUT,1964,0.826,0.689,0.048
Austria,AUT,1965,0.828,0.69,0.048
Austria,AUT,1966,0.829,0.7,0.048
Austria,AUT,1967,0.836,0.703,0.048
Austria,AUT,1968,0.836,0.703,0.048
Austria,AUT,1969,0.836,0.703,0.048
Austria,AUT,1970,0.833,0.714,0.048
Austria,AUT,1971,0.832,0.716,0.048
Austria,AUT,1972,0.839,0.723,0.048
Austria,AUT,1973,0.844,0.736,0.059
Austria,AUT,1974,0.853,0.744,0.059
Austria,AUT,1975,0.852,0.743,0.059
Austria,AUT,1976,0.854,0.752,0.059
Austria,AUT,1977,0.854,0.752,0.059
Austria,AUT,1978,0.854,0.752,0.059
Austria,AUT,1979,0.851,0.748,0.059
Austria,AUT,1980,0.853,0.749,0.078
Austria,AUT,1981,0.856,0.765,0.078
Austria,AUT,1982,0.856,0.765,0.078
Austria,AUT,1983,0.854,0.764,0.078
Austria,AUT,1984,0.853,0.763,0.078
Austria,AUT,1985,0.853,0.763,0.078
Austria,AUT,1986,0.854,0.763,0.078
Austria,AUT,1987,0.854,0.776,0.065
Austria,AUT,1988,0.853,0.78,0.065
Austria,AUT,1989,0.855,0.783,0.065
Austria,AUT,1990,0.857,0.78,0.065
Austria,AUT,1991,0.856,0.779,0.065
Austria,AUT,1992,0.858,0.781,0.065
Austria,AUT,1993,0.859,0.782,0.065
Austria,AUT,1994,0.858,0.782,0.065
Austria,AUT,1995,0.857,0.779,0.065
Austria,AUT,1996,0.856,0.78,0.065
Austria,AUT,1997,0.856,0.78,0.065
Austria,AUT,1998,0.856,0.78,0.065
Austria,AUT,1999,0.857,0.78,0.065
Austria,AUT,2000,0.858,0.782,0.073
Austria,AUT,2001,0.858,0.782,0.085
Austria,AUT,2002,0.858,0.782,0.085
Austria,AUT,2003,0.858,0.786,0.075
Austria,AUT,2004,0.858,0.785,0.092
Austria,AUT,2005,0.858,0.784,0.092
Austria,AUT,2006,0.861,0.788,0.077
Austria,AUT,2007,0.872,0.802,0.06
Austria,AUT,2008,0.872,0.802,0.06
Austria,AUT,2009,0.874,0.804,0.06
Austria,AUT,2010,0.872,0.803,0.06
Austria,AUT,2011,0.871,0.804,0.065
Austria,AUT,2012,0.872,0.803,0.06
Austria,AUT,2013,0.875,0.807,0.043
Austria,AUT,2014,0.873,0.805,0.043
Austria,AUT,2015,0.873,0.805,0.043
Austria,AUT,2016,0.848,0.78,0.043
Austria,AUT,2017,0.851,0.782,0.049
Austria,AUT,2018,0.851,0.776,0.053
Austria,AUT,2019,0.862,0.793,0.074
Austria,AUT,2020,0.858,0.786,0.074
Austria,AUT,2021,0.854,0.784,0.105
Austria,AUT,2022,0.841,0.762,0.107
Austria,AUT,2023,0.848,0.775,0.105
Austria,AUT,2024,0.84,0.762,0.114
Bahrain,BHR,1960,0.024,,
Bahrain,BHR,1961,0.024,,
Bahrain,BHR,1962,0.024,,
Bahrain,BHR,1963,0.024,,
Bahrain,BHR,1964,0.024,,
Bahrain,BHR,1965,0.024,,
Bahrain,BHR,1966,0.024,,
Bahrain,BHR,1967,0.024,,
Bahrain,BHR,1968,0.024,,
Bahrain,BHR,1969,0.024,,
Bahrain,BHR,1970,0.024,,
Bahrain,BHR,1971,0.029,,
Bahrain,BHR,1972,0.076,,
Bahrain,BHR,1973,0.152,,
Bahrain,BHR,1974,0.128,,
Bahrain,BHR,1975,0.107,,
Bahrain,BHR,1976,0.051,,
Bahrain,BHR,1977,0.051,,
Bahrain,BHR,1978,0.051,,
Bahrain,BHR,1979,0.051,,
Bahrain,BHR,1980,0.049,,
Bahrain,BHR,1981,0.049,,
Bahrain,BHR,1982,0.049,,
Bahrain,BHR,1983,0.049,,
Bahrain,BHR,1984,0.05,,
Bahrain,BHR,1985,0.05,,
Bahrain,BHR,1986,0.05,,
Bahrain,BHR,1987,0.05,,
Bahrain,BHR,1988,0.05,,
Bahrain,BHR,1989,0.05,,
Bahrain,BHR,1990,0.049,,
Bahrain,BHR,1991,0.049,,
Bahrain,BHR,1992,0.049,,
Bahrain,BHR,1993,0.049,,
Bahrain,BHR,1994,0.049,,
Bahrain,BHR,1995,0.049,,
Bahrain,BHR,1996,0.049,,
Bahrain,BHR,1997,0.049,,
Bahrain,BHR,1998,0.049,,
Bahrain,BHR,1999,0.049,,
Bahrain,BHR,2000,0.065,,
Bahrain,BHR,2001,0.111,,
Bahrain,BHR,2002,0.164,0.082,
Bahrain,BHR,2003,0.211,0.092,
Bahrain,BHR,2004,0.211,0.088,
Bahrain,BHR,2005,0.219,0.09,0.507
Bahrain,BHR,2006,0.221,0.096,0.507
Bahrain,BHR,2007,0.22,0.091,0.507
Bahrain,BHR,2008,0.22,0.091,0.507
Bahrain,BHR,2009,0.22,0.091,0.507
Bahrain,BHR,2010,0.216,0.088,0.507
Bahrain,BHR,2011,0.171,0.052,0.507
Bahrain,BHR,2012,0.162,0.049,0.511
Bahrain,BHR,2013,0.162,0.051,0.511
Bahrain,BHR,2014,0.16,0.052,0.511
Bahrain,BHR,2015,0.144,0.051,0.511
Bahrain,BHR,2016,0.139,0.051,0.511
Bahrain,BHR,2017,0.133,0.05,0.511
Bahrain,BHR,2018,0.13,0.052,0.507
Bahrain,BHR,2019,0.132,0.059,0.507
Bahrain,BHR,2020,0.132,0.062,0.507
Bahrain,BHR,2021,0.134,0.063,0.499
Bahrain,BHR,2022,0.135,0.064,0.499
Bahrain,BHR,2023,0.138,0.064,0.47
Bahrain,BHR,2024,0.138,0.062,0.47
Barbados,BRB,1960,0.594,0.456,0.098
Barbados,BRB,1961,0.596,0.457,0.098
Barbados,BRB,1962,0.613,0.468,0.098
Barbados,BRB,1963,0.613,0.465,0.098
Barbados,BRB,1964,0.613,0.465,0.098
Barbados,BRB,1965,0.613,0.465,0.098
Barbados,BRB,1966,0.71,0.579,0.111
Barbados,BRB,1967,0.719,0.594,0.111
Barbados,BRB,1968,0.719,0.594,0.111
Barbados,BRB,1969,0.733,0.604,0.111
Barbados,BRB,1970,0.733,0.612,0.111
Barbados,BRB,1971,0.733,0.612,0.111
Barbados,BRB,1972,0.731,0.615,0.087
Barbados,BRB,1973,0.737,0.619,0.087
Barbados,BRB,1974,0.737,0.619,0.087
Barbados,BRB,1975,0.737,0.619,0.087
Barbados,BRB,1976,0.737,0.622,0.087
Barbados,BRB,1977,0.738,0.624,0.087
Barbados,BRB,1978,0.738,0.624,0.087
Barbados,BRB,1979,0.738,0.624,0.087
Barbados,BRB,1980,0.742,0.627,0.087
Barbados,BRB,1981,0.744,0.629,0.087
Barbados,BRB,1982,0.745,0.626,0.087
Barbados,BRB,1983,0.745,0.626,0.087
Barbados,BRB,1984,0.745,0.626,0.087
Barbados,BRB,1985,0.745,0.626,0.087
Barbados,BRB,1986,0.744,0.625,0.087
Barbados,BRB,1987,0.743,0.625,0.087
Barbados,BRB,1988,0.743,0.625,0.087
Barbados,BRB,1989,0.743,0.632,0.087
Barbados,BRB,1990,0.748,0.636,0.087
Barbados,BRB,1991,0.762,0.646,0.087
Barbados,BRB,1992,0.762,0.646,0.091
Barbados,BRB,1993,0.762,0.646,0.091
Barbados,BRB,1994,0.762,0.646,0.091
Barbados,BRB,1995,0.762,0.647,0.091
Barbados,BRB,1996,0.762,0.647,0.091
Barbados,BRB,1997,0.762,0.647,0.091
Barbados,BRB,1998,0.762,0.647,0.091
Barbados,BRB,1999,0.77,0.656,0.091
Barbados,BRB,2000,0.769,0.654,0.091
Barbados,BRB,2001,0.769,0.654,0.091
Barbados,BRB,2002,0.769,0.654,0.091
Barbados,BRB,2003,0.767,0.652,0.091
Barbados,BRB,2004,0.766,0.65,0.091
Barbados,BRB,2005,0.766,0.65,0.091
Barbados,BRB,2006,0.766,0.648,0.091
Barbados,BRB,2007,0.766,0.65,0.091
Barbados,BRB,2008,0.783,0.665,0.091
Barbados,BRB,2009,0.784,0.666,0.091
Barbados,BRB,2010,0.784,0.667,0.097
Barbados,BRB,2011,0.784,0.667,0.097
Barbados,BRB,2012,0.784,0.667,0.097
Barbados,BRB,2013,0.781,0.664,0.097
Barbados,BRB,2014,0.78,0.662,0.097
Barbados,BRB,2015,0.776,0.662,0.111
Barbados,BRB,2016,0.776,0.662,0.122
Barbados,BRB,2017,0.773,0.66,0.122
Barbados,BRB,2018,0.776,0.656,0.087
Barbados,BRB,2019,0.792,0.668,0.076
Barbados,BRB,2020,0.811,0.692,0.076
Barbados,BRB,2021,0.807,0.686,0.065
Barbados,BRB,2022,0.802,0.682,0.065
Barbados,BRB,2023,0.802,0.684,0.065
Barbados,BRB,2024,0.802,0.685,0.073
Belgium,BEL,1960,0.836,0.75,0.042
Belgium,BEL,1961,0.836,0.748,0.042
Belgium,BEL,1962,0.842,0.757,0.042
Belgium,BEL,1963,0.842,0.759,0.042
Belgium,BEL,1964,0.842,0.759,0.042
Belgium,BEL,1965,0.845,0.762,0.042
Belgium,BEL,1966,0.846,0.763,0.042
Belgium,BEL,1967,0.846,0.763,0.042
Belgium,BEL,1968,0.844,0.762,0.042
Belgium,BEL,1969,0.843,0.762,0.042
Belgium,BEL,1970,0.846,0.767,0.042
Belgium,BEL,1971,0.848,0.767,0.042
Belgium,BEL,1972,0.854,0.772,0.042
Belgium,BEL,1973,0.854,0.772,0.042
Belgium,BEL,1974,0.85,0.77,0.042
Belgium,BEL,1975,0.849,0.769,0.042
Belgium,BEL,1976,0.85,0.771,0.042
Belgium,BEL,1977,0.853,0.773,0.042
Belgium,BEL,1978,0.854,0.773,0.042
Belgium,BEL,1979,0.853,0.772,0.042
Belgium,BEL,1980,0.866,0.786,0.042
Belgium,BEL,1981,0.859,0.782,0.042
Belgium,BEL,1982,0.86,0.782,0.042
Belgium,BEL,1983,0.86,0.782,0.042
Belgium,BEL,1984,0.86,0.782,0.042
Belgium,BEL,1985,0.86,0.782,0.042
Belgium,BEL,1986,0.859,0.783,0.042
Belgium,BEL,1987,0.859,0.78,0.042
Belgium,BEL,1988,0.854,0.776,0.042
Belgium,BEL,1989,0.858,0.778,0.042
Belgium,BEL,1990,0.869,0.797,0.047
Belgium,BEL,1991,0.87,0.798,0.047
Belgium,BEL,1992,0.879,0.808,0.047
Belgium,BEL,1993,0.879,0.808,0.047
Belgium,BEL,1994,0.879,0.808,0.047
Belgium,BEL,1995,0.882,0.812,0.047
Belgium,BEL,1996,0.882,0.812,0.047
Belgium,BEL,1997,0.882,0.812,0.031
Belgium,BEL,1998,0.882,0.813,0.031
Belgium,BEL,1999,0.883,0.816,0.031
Belgium,BEL,2000,0.885,0.819,0.031
Belgium,BEL,2001,0.885,0.819,0.031
Belgium,BEL,2002,0.885,0.819,0.031
Belgium,BEL,2003,0.886,0.819,0.031
Belgium,BEL,2004,0.864,0.795,0.031
Belgium,BEL,2005,0.884,0.816,0.031
Belgium,BEL,2006,0.885,0.818,0.031
Belgium,BEL,2007,0.891,0.828,0.031
Belgium,BEL,2008,0.899,0.832,0.031
Belgium,BEL,2009,0.899,0.834,0.031
Belgium,BEL,2010,0.9,0.834,0.031
Belgium,BEL,2011,0.9,0.835,0.031
Belgium,BEL,2012,0.9,0.835,0.031
Belgium,BEL,2013,0.902,0.839,0.031
Belgium,BEL,2014,0.902,0.838,0.031
Belgium,BEL,2015,0.901,0.837,0.031
Belgium,BEL,2016,0.901,0.837,0.031
Belgium,BEL,2017,0.9,0.836,0.031
Belgium,BEL,2018,0.9,0.836,0.031
Belgium,BEL,2019,0.901,0.837,0.031
Belgium,BEL,2020,0.897,0.826,0.031
Belgium,BEL,2021,0.897,0.827,0.031
Belgium,BEL,2022,0.895,0.833,0.031
Belgium,BEL,2023,0.895,0.812,0.031
Belgium,BEL,2024,0.891,0.81,0.031
Bosnia and Herzegovina,BIH,1992,0.249,0.093,0.444
Bosnia and Herzegovina,BIH,1993,0.249,0.093,0.444
Bosnia and Herzegovina,BIH,1994,0.187,0.066,0.571
Bosnia and Herzegovina,BIH,1995,0.187,0.069,0.59
Bosnia and Herzegovina,BIH,1996,0.268,0.141,0.717
Bosnia and Herzegovina,BIH,1997,0.584,0.34,0.717
Bosnia and Herzegovina,BIH,1998,0.6,0.35,0.705
Bosnia and Herzegovina,BIH,1999,0.621,0.361,0.705
Bosnia and Herzegovina,BIH,2000,0.635,0.394,0.705
Bosnia and Herzegovina,BIH,2001,0.654,0.424,0.664
Bosnia and Herzegovina,BIH,2002,0.654,0.418,0.664
Bosnia and Herzegovina,BIH,2003,0.661,0.426,0.664
Bosnia and Herzegovina,BIH,2004,0.647,0.416,0.683
Bosnia and Herzegovina,BIH,2005,0.647,0.425,0.683
Bosnia and Herzegovina,BIH,2006,0.626,0.409,0.683
Bosnia and Herzegovina,BIH,2007,0.566,0.369,0.683
Bosnia and Herzegovina,BIH,2008,0.562,0.367,0.681
Bosnia and Herzegovina,BIH,2009,0.56,0.366,0.68
Bosnia and Herzegovina,BIH,2010,0.566,0.37,0.678
Bosnia and Herzegovina,BIH,2011,0.564,0.37,0.678
Bosnia and Herzegovina,BIH,2012,0.566,0.37,0.678
Bosnia and Herzegovina,BIH,2013,0.56,0.369,0.674
Bosnia and Herzegovina,BIH,2014,0.557,0.37,0.674
Bosnia and Herzegovina,BIH,2015,0.547,0.363,0.673
Bosnia and Herzegovina,BIH,2016,0.547,0.358,0.701
Bosnia and Herzegovina,BIH,2017,0.541,0.355,0.708
Bosnia and Herzegovina,BIH,2018,0.513,0.34,0.696
Bosnia and Herzegovina,BIH,2019,0.515,0.338,0.753
Bosnia and Herzegovina,BIH,2020,0.517,0.335,0.739
Bosnia and Herzegovina,BIH,2021,0.508,0.328,0.76
Bosnia and Herzegovina,BIH,2022,0.521,0.344,0.761
Bosnia and Herzegovina,BIH,2023,0.502,0.336,0.736
Bosnia and Herzegovina,BIH,2024,0.507,0.336,0.769
Bulgaria,BGR,1960,0.171,0.056,0.333
Bulgaria,BGR,1961,0.171,0.055,0.333
Bulgaria,BGR,1962,0.175,0.056,0.333
Bulgaria,BGR,1963,0.175,0.056,0.333
Bulgaria,BGR,1964,0.175,0.056,0.333
Bulgaria,BGR,1965,0.175,0.056,0.333
Bulgaria,BGR,1966,0.176,0.056,0.333
Bulgaria,BGR,1967,0.176,0.056,0.333
Bulgaria,BGR,1968,0.176,0.056,0.333
Bulgaria,BGR,1969,0.176,0.056,0.333
Bulgaria,BGR,1970,0.176,0.058,0.333
Bulgaria,BGR,1971,0.176,0.058,0.333
Bulgaria,BGR,1972,0.176,0.058,0.333
Bulgaria,BGR,1973,0.176,0.058,0.333
Bulgaria,BGR,1974,0.176,0.058,0.333
Bulgaria,BGR,1975,0.177,0.058,0.333
Bulgaria,BGR,1976,0.176,0.058,0.333
Bulgaria,BGR,1977,0.176,0.057,0.333
Bulgaria,BGR,1978,0.176,0.057,0.333
Bulgaria,BGR,1979,0.176,0.057,0.333
Bulgaria,BGR,1980,0.176,0.057,0.333
Bulgaria,BGR,1981,0.177,0.057,0.333
Bulgaria,BGR,1982,0.178,0.057,0.333
Bulgaria,BGR,1983,0.178,0.057,0.335
Bulgaria,BGR,1984,0.18,0.058,0.335
Bulgaria,BGR,1985,0.18,0.058,0.335
Bulgaria,BGR,1986,0.181,0.058,0.347
Bulgaria,BGR,1987,0.181,0.058,0.347
Bulgaria,BGR,1988,0.181,0.058,0.347
Bulgaria,BGR,1989,0.182,0.06,0.347
Bulgaria,BGR,1990,0.572,0.454,0.327
Bulgaria,BGR,1991,0.622,0.508,0.323
Bulgaria,BGR,1992,0.698,0.598,0.355
Bulgaria,BGR,1993,0.693,0.593,0.374
Bulgaria,BGR,1994,0.692,0.593,0.374
Bulgaria,BGR,1995,0.691,0.588,0.374
Bulgaria,BGR,1996,0.698,0.597,0.368
Bulgaria,BGR,1997,0.712,0.609,0.348
Bulgaria,BGR,1998,0.707,0.609,0.33
Bulgaria,BGR,1999,0.716,0.616,0.33
Bulgaria,BGR,2000,0.717,0.617,0.33
Bulgaria,BGR,2001,0.692,0.595,0.38
Bulgaria,BGR,2002,0.721,0.619,0.38
Bulgaria,BGR,2003,0.721,0.621,0.38
Bulgaria,BGR,2004,0.721,0.623,0.38
Bulgaria,BGR,2005,0.701,0.604,0.38
Bulgaria,BGR,2006,0.706,0.61,0.378
Bulgaria,BGR,2007,0.705,0.611,0.348
Bulgaria,BGR,2008,0.711,0.617,0.352
Bulgaria,BGR,2009,0.691,0.587,0.5
Bulgaria,BGR,2010,0.674,0.568,0.511
Bulgaria,BGR,2011,0.672,0.565,0.511
Bulgaria,BGR,2012,0.664,0.561,0.498
Bulgaria,BGR,2013,0.657,0.542,0.412
Bulgaria,BGR,2014,0.673,0.561,0.406
Bulgaria,BGR,2015,0.671,0.566,0.527
Bulgaria,BGR,2016,0.667,0.561,0.527
Bulgaria,BGR,2017,0.624,0.521,0.539
Bulgaria,BGR,2018,0.612,0.508,0.54
Bulgaria,BGR,2019,0.609,0.506,0.561
Bulgaria,BGR,2020,0.607,0.501,0.565
Bulgaria,BGR,2021,0.665,0.549,0.54
Bulgaria,BGR,2022,0.679,0.602,0.301
Bulgaria,BGR,2023,0.659,0.58,0.336
Bulgaria,BGR,2024,0.645,0.533,0.579
Comoros,COM,1960,0.116,0.058,0.204
Comoros,COM,1961,0.116,0.058,0.204
Comoros,COM,1962,0.116,0.058,0.212
Comoros,COM,1963,0.116,0.058,0.212
Comoros,COM,1964,0.116,0.058,0.212
Comoros,COM,1965,0.117,0.059,0.212
Comoros,COM,1966,0.117,0.059,0.212
Comoros,COM,1967,0.117,0.059,0.212
Comoros,COM,1968,0.117,0.059,0.253
Comoros,COM,1969,0.117,0.059,0.253
Comoros,COM,1970,0.119,0.06,0.253
Comoros,COM,1971,0.121,0.06,0.253
Comoros,COM,1972,0.123,0.073,0.329
Comoros,COM,1973,0.145,0.078,0.321
Comoros,COM,1974,0.145,0.075,0.307
Comoros,COM,1975,0.131,0.075,0.379
Comoros,COM,1976,0.169,0.098,0.449
Comoros,COM,1977,0.169,0.1,0.441
Comoros,COM,1978,0.15,0.096,0.441
Comoros,COM,1979,0.219,0.101,0.659
Comoros,COM,1980,0.226,0.098,0.73
Comoros,COM,1981,0.226,0.098,0.73
Comoros,COM,1982,0.209,0.093,0.73
Comoros,COM,1983,0.206,0.093,0.73
Comoros,COM,1984,0.204,0.092,0.73
Comoros,COM,1985,0.203,0.092,0.73
Comoros,COM,1986,0.203,0.093,0.73
Comoros,COM,1987,0.204,0.095,0.73
Comoros,COM,1988,0.206,0.095,0.73
Comoros,COM,1989,0.206,0.096,0.73
Comoros,COM,1990,0.381,0.178,0.791
Comoros,COM,1991,0.418,0.197,0.791
Comoros,COM,1992,0.414,0.201,0.791
Comoros,COM,1993,0.339,0.158,0.791
Comoros,COM,1994,0.399,0.198,0.791
Comoros,COM,1995,0.4,0.194,0.791
Comoros,COM,1996,0.317,0.142,0.782
Comoros,COM,1997,0.429,0.208,0.792
Comoros,COM,1998,0.43,0.209,0.792
Comoros,COM,1999,0.296,0.135,0.792
Comoros,COM,2000,0.218,0.101,0.744
Comoros,COM,2001,0.221,0.096,0.729
Comoros,COM,2002,0.315,0.135,0.729
Comoros,COM,2003,0.369,0.156,0.729
Comoros,COM,2004,0.408,0.215,0.729
Comoros,COM,2005,0.427,0.241,0.71
Comoros,COM,2006,0.419,0.237,0.729
Comoros,COM,2007,0.414,0.235,0.729
Comoros,COM,2008,0.414,0.235,0.729
Comoros,COM,2009,0.418,0.232,0.729
Comoros,COM,2010,0.416,0.243,0.73
Comoros,COM,2011,0.446,0.256,0.73
Comoros,COM,2012,0.446,0.256,0.73
Comoros,COM,2013,0.467,0.278,0.693
Comoros,COM,2014,0.467,0.277,0.693
Comoros,COM,2015,0.395,0.24,0.727
Comoros,COM,2016,0.385,0.239,0.727
Comoros,COM,2017,0.38,0.194,0.758
Comoros,COM,2018,0.367,0.176,0.77
Comoros,COM,2019,0.305,0.129,0.801
Comoros,COM,2020,0.28,0.124,0.814
Comoros,COM,2021,0.28,0.124,0.803
Comoros,COM,2022,0.272,0.124,0.772
Comoros,COM,2023,0.264,0.118,0.809
Comoros,COM,2024,0.276,0.122,0.809
Croatia,HRV,1991,0.242,0.16,0.588
Croatia,HRV,1992,0.299,0.18,0.588
Croatia,HRV,1993,0.377,0.213,0.588
Croatia,HRV,1994,0.384,0.214,0.588
Croatia,HRV,1995,0.386,0.219,0.588
Croatia,HRV,1996,0.406,0.242,0.58
Croatia,HRV,1997,0.422,0.259,0.58
Croatia,HRV,1998,0.428,0.261,0.573
Croatia,HRV,1999,0.431,0.272,0.573
Croatia,HRV,2000,0.76,0.61,0.302
Croatia,HRV,2001,0.767,0.622,0.302
Croatia,HRV,2002,0.766,0.622,0.287
Croatia,HRV,2003,0.769,0.624,0.309
Croatia,HRV,2004,0.757,0.606,0.457
Croatia,HRV,2005,0.775,0.635,0.457
Croatia,HRV,2006,0.772,0.63,0.457
Croatia,HRV,2007,0.784,0.642,0.456
Croatia,HRV,2008,0.779,0.638,0.442
Croatia,HRV,2009,0.784,0.653,0.368
Croatia,HRV,2010,0.844,0.73,0.291
Croatia,HRV,2011,0.853,0.744,0.273
Croatia,HRV,2012,0.851,0.744,0.273
Croatia,HRV,2013,0.828,0.71,0.302
Croatia,HRV,2014,0.823,0.704,0.302
Croatia,HRV,2015,0.816,0.703,0.302
Croatia,HRV,2016,0.765,0.651,0.325
Croatia,HRV,2017,0.739,0.623,0.342
Croatia,HRV,2018,0.729,0.615,0.357
Croatia,HRV,2019,0.734,0.617,0.293
Croatia,HRV,2020,0.756,0.647,0.293
Croatia,HRV,2021,0.747,0.641,0.285
Croatia,HRV,2022,0.724,0.636,0.247
Croatia,HRV,2023,0.725,0.628,0.252
Croatia,HRV,2024,0.71,0.607,0.254
Cuba,CUB,1960,0.088,0.03,0.492
Cuba,CUB,1961,0.07,0.027,0.492
Cuba,CUB,1962,0.069,0.025,0.492
Cuba,CUB,1963,0.069,0.026,0.492
Cuba,CUB,1964,0.069,0.026,0.492
Cuba,CUB,1965,0.069,0.024,0.492
Cuba,CUB,1966,0.069,0.024,0.492
Cuba,CUB,1967,0.069,0.024,0.492
Cuba,CUB,1968,0.069,0.023,0.492
Cuba,CUB,1969,0.069,0.025,0.492
Cuba,CUB,1970,0.069,0.025,0.492
Cuba,CUB,1971,0.069,0.025,0.492
Cuba,CUB,1972,0.069,0.025,0.492
Cuba,CUB,1973,0.069,0.025,0.492
Cuba,CUB,1974,0.069,0.025,0.492
Cuba,CUB,1975,0.069,0.025,0.492
Cuba,CUB,1976,0.069,0.027,0.492
Cuba,CUB,1977,0.069,0.033,0.562
Cuba,CUB,1978,0.069,0.033,0.562
Cuba,CUB,1979,0.069,0.034,0.562
Cuba,CUB,1980,0.071,0.032,0.562
Cuba,CUB,1981,0.071,0.032,0.562
Cuba,CUB,1982,0.071,0.032,0.562
Cuba,CUB,1983,0.071,0.032,0.562
Cuba,CUB,1984,0.071,0.032,0.562
Cuba,CUB,1985,0.071,0.032,0.562
Cuba,CUB,1986,0.071,0.033,0.562
Cuba,CUB,1987,0.071,0.033,0.562
Cuba,CUB,1988,0.071,0.033,0.562
Cuba,CUB,1989,0.071,0.033,0.562
Cuba,CUB,1990,0.071,0.033,0.562
Cuba,CUB,1991,0.071,0.033,0.562
Cuba,CUB,1992,0.071,0.034,0.619
Cuba,CUB,1993,0.103,0.037,0.619
Cuba,CUB,1994,0.108,0.037,0.619
Cuba,CUB,1995,0.108,0.037,0.619
Cuba,CUB,1996,0.108,0.038,0.619
Cuba,CUB,1997,0.108,0.038,0.619
Cuba,CUB,1998,0.113,0.039,0.619
Cuba,CUB,1999,0.113,0.04,0.619
Cuba,CUB,2000,0.113,0.04,0.619
Cuba,CUB,2001,0.113,0.041,0.619
Cuba,CUB,2002,0.113,0.041,0.619
Cuba,CUB,2003,0.114,0.04,0.619
Cuba,CUB,2004,0.114,0.04,0.619
Cuba,CUB,2005,0.113,0.041,0.619
Cuba,CUB,2006,0.113,0.041,0.619
Cuba,CUB,2007,0.113,0.041,0.619
Cuba,CUB,2008,0.105,0.039,0.619
Cuba,CUB,2009,0.167,0.05,0.619
Cuba,CUB,2010,0.167,0.05,0.619
Cuba,CUB,2011,0.167,0.051,0.619
Cuba,CUB,2012,0.167,0.052,0.619
Cuba,CUB,2013,0.168,0.057,0.605
Cuba,CUB,2014,0.168,0.057,0.605
Cuba,CUB,2015,0.168,0.057,0.612
Cuba,CUB,2016,0.169,0.055,0.583
Cuba,CUB,2017,0.168,0.058,0.631
Cuba,CUB,2018,0.177,0.061,0.616
Cuba,CUB,2019,0.181,0.062,0.616
Cuba,CUB,2020,0.178,0.06,0.616
Cuba,CUB,2021,0.178,0.056,0.616
Cuba,CUB,2022,0.178,0.056,0.62
Cuba,CUB,2023,0.175,0.055,0.631
Cuba,CUB,2024,0.178,0.056,0.631
Cyprus,CYP,1960,0.339,0.212,0.308
Cyprus,CYP,1961,0.458,0.332,0.333
Cyprus,CYP,1962,0.463,0.335,0.333
Cyprus,CYP,1963,0.463,0.333,0.333
Cyprus,CYP,1964,0.46,0.331,0.333
Cyprus,CYP,1965,0.46,0.332,0.333
Cyprus,CYP,1966,0.46,0.332,0.333
Cyprus,CYP,1967,0.46,0.332,0.333
Cyprus,CYP,1968,0.46,0.333,0.333
Cyprus,CYP,1969,0.46,0.333,0.333
Cyprus,CYP,1970,0.472,0.346,0.333
Cyprus,CYP,1971,0.482,0.356,0.333
Cyprus,CYP,1972,0.482,0.359,0.333
Cyprus,CYP,1973,0.482,0.363,0.333
Cyprus,CYP,1974,0.493,0.358,0.333
Cyprus,CYP,1975,0.522,0.419,0.236
Cyprus,CYP,1976,0.559,0.444,0.232
Cyprus,CYP,1977,0.58,0.458,0.232
Cyprus,CYP,1978,0.58,0.46,0.233
Cyprus,CYP,1979,0.58,0.46,0.233
Cyprus,CYP,1980,0.597,0.476,0.233
Cyprus,CYP,1981,0.634,0.503,0.233
Cyprus,CYP,1982,0.661,0.525,0.233
Cyprus,CYP,1983,0.691,0.548,0.233
Cyprus,CYP,1984,0.695,0.552,0.233
Cyprus,CYP,1985,0.695,0.553,0.233
Cyprus,CYP,1986,0.697,0.556,0.233
Cyprus,CYP,1987,0.697,0.556,0.233
Cyprus,CYP,1988,0.707,0.564,0.233
Cyprus,CYP,1989,0.721,0.577,0.233
Cyprus,CYP,1990,0.752,0.608,0.233
Cyprus,CYP,1991,0.764,0.624,0.184
Cyprus,CYP,1992,0.773,0.632,0.184
Cyprus,CYP,1993,0.774,0.633,0.184
Cyprus,CYP,1994,0.774,0.635,0.184
Cyprus,CYP,1995,0.774,0.634,0.184
Cyprus,CYP,1996,0.776,0.635,0.184
Cyprus,CYP,1997,0.778,0.636,0.184
Cyprus,CYP,1998,0.765,0.629,0.184
Cyprus,CYP,1999,0.765,0.632,0.19
Cyprus,CYP,2000,0.795,0.668,0.184
Cyprus,CYP,2001,0.805,0.678,0.184
Cyprus,CYP,2002,0.81,0.684,0.184
Cyprus,CYP,2003,0.805,0.668,0.184
Cyprus,CYP,2004,0.826,0.704,0.138
Cyprus,CYP,2005,0.825,0.704,0.138
Cyprus,CYP,2006,0.834,0.713,0.14
Cyprus,CYP,2007,0.837,0.724,0.139
Cyprus,CYP,2008,0.836,0.723,0.135
Cyprus,CYP,2009,0.836,0.722,0.137
Cyprus,CYP,2010,0.845,0.734,0.137
Cyprus,CYP,2011,0.845,0.734,0.132
Cyprus,CYP,2012,0.845,0.733,0.132
Cyprus,CYP,2013,0.847,0.732,0.137
Cyprus,CYP,2014,0.846,0.733,0.142
Cyprus,CYP,2015,0.851,0.737,0.142
Cyprus,CYP,2016,0.851,0.739,0.14
Cyprus,CYP,2017,0.84,0.731,0.147
Cyprus,CYP,2018,0.836,0.722,0.147
Cyprus,CYP,2019,0.84,0.71,0.154
Cyprus,CYP,2020,0.807,0.691,0.199
Cyprus,CYP,2021,0.795,0.653,0.199
Cyprus,CYP,2022,0.779,0.645,0.199
Cyprus,CYP,2023,0.777,0.643,0.196
Cyprus,CYP,2024,0.777,0.653,0.161
Czechia,CZE,1960,0.195,0.051,0.588
Czechia,CZE,1961,0.195,0.054,0.588
Czechia,CZE,1962,0.196,0.054,0.588
Czechia,CZE,1963,0.196,0.055,0.588
Czechia,CZE,1964,0.198,0.055,0.588
Czechia,CZE,1965,0.198,0.055,0.588
Czechia,CZE,1966,0.198,0.055,0.588
Czechia,CZE,1967,0.204,0.057,0.588
Czechia,CZE,1968,0.158,0.059,0.588
Czechia,CZE,1969,0.14,0.054,0.588
Czechia,CZE,1970,0.132,0.046,0.573
Czechia,CZE,1971,0.131,0.046,0.573
Czechia,CZE,1972,0.132,0.044,0.573
Czechia,CZE,1973,0.133,0.045,0.573
Czechia,CZE,1974,0.133,0.045,0.573
Czechia,CZE,1975,0.171,0.051,0.573
Czechia,CZE,1976,0.196,0.055,0.573
Czechia,CZE,1977,0.195,0.055,0.573
Czechia,CZE,1978,0.195,0.055,0.573
Czechia,CZE,1979,0.195,0.055,0.573
Czechia,CZE,1980,0.195,0.056,0.535
Czechia,CZE,1981,0.195,0.057,0.535
Czechia,CZE,1982,0.195,0.057,0.535
Czechia,CZE,1983,0.195,0.057,0.535
Czechia,CZE,1984,0.195,0.057,0.535
Czechia,CZE,1985,0.195,0.058,0.535
Czechia,CZE,1986,0.197,0.058,0.535
Czechia,CZE,1987,0.197,0.058,0.535
Czechia,CZE,1988,0.136,0.047,0.535
Czechia,CZE,1989,0.146,0.056,0.535
Czechia,CZE,1990,0.794,0.71,0.255
Czechia,CZE,1991,0.883,0.796,0.255
Czechia,CZE,1992,0.884,0.805,0.262
Czechia,CZE,1993,0.895,0.819,0.262
Czechia,CZE,1994,0.895,0.819,0.262
Czechia,CZE,1995,0.895,0.819,0.262
Czechia,CZE,1996,0.892,0.817,0.262
Czechia,CZE,1997,0.891,0.816,0.262
Czechia,CZE,1998,0.884,0.808,0.262
Czechia,CZE,1999,0.878,0.801,0.266
Czechia,CZE,2000,0.878,0.801,0.258
Czechia,CZE,2001,0.878,0.801,0.258
Czechia,CZE,2002,0.884,0.808,0.258
Czechia,CZE,2003,0.891,0.814,0.258
Czechia,CZE,2004,0.892,0.815,0.258
Czechia,CZE,2005,0.892,0.816,0.258
Czechia,CZE,2006,0.896,0.821,0.258
Czechia,CZE,2007,0.897,0.824,0.258
Czechia,CZE,2008,0.897,0.821,0.258
Czechia,CZE,2009,0.888,0.813,0.268
Czechia,CZE,2010,0.883,0.805,0.246
Czechia,CZE,2011,0.891,0.808,0.248
Czechia,CZE,2012,0.891,0.814,0.234
Czechia,CZE,2013,0.863,0.779,0.238
Czechia,CZE,2014,0.852,0.766,0.228
Czechia,CZE,2015,0.852,0.766,0.222
Czechia,CZE,2016,0.852,0.763,0.222
Czechia,CZE,2017,0.833,0.726,0.21
Czechia,CZE,2018,0.81,0.708,0.2
Czechia,CZE,2019,0.8,0.699,0.225
Czechia,CZE,2020,0.806,0.709,0.217
Czechia,CZE,2021,0.789,0.698,0.164
Czechia,CZE,2022,0.854,0.784,0.158
Czechia,CZE,2023,0.863,0.796,0.132
Czechia,CZE,2024,0.865,0.811,0.095
Denmark,DNK,1960,0.903,0.873,0.007
Denmark,DNK,1961,0.905,0.875,0.007
Denmark,DNK,1962,0.905,0.875,0.007
Denmark,DNK,1963,0.905,0.876,0.007
Denmark,DNK,1964,0.904,0.874,0.007
Denmark,DNK,1965,0.9,0.869,0.007
Denmark,DNK,1966,0.9,0.869,0.007
Denmark,DNK,1967,0.902,0.872,0.007
Denmark,DNK,1968,0.904,0.874,0.007
Denmark,DNK,1969,0.904,0.876,0.002
Denmark,DNK,1970,0.904,0.876,0.002
Denmark,DNK,1971,0.905,0.877,0.002
Denmark,DNK,1972,0.908,0.879,0.002
Denmark,DNK,1973,0.908,0.88,0.002
Denmark,DNK,1974,0.908,0.88,0.002
Denmark,DNK,1975,0.907,0.88,0.002
Denmark,DNK,1976,0.907,0.88,0.002
Denmark,DNK,1977,0.908,0.88,0.002
Denmark,DNK,1978,0.908,0.88,0.002
Denmark,DNK,1979,0.908,0.88,0.002
Denmark,DNK,1980,0.907,0.88,0.002
Denmark,DNK,1981,0.907,0.88,0.002
Denmark,DNK,1982,0.909,0.881,0.002
Denmark,DNK,1983,0.909,0.881,0.002
Denmark,DNK,1984,0.906,0.878,0.002
Denmark,DNK,1985,0.906,0.878,0.002
Denmark,DNK,1986,0.906,0.878,0.002
Denmark,DNK,1987,0.907,0.879,0.002
Denmark,DNK,1988,0.908,0.88,0.002
Denmark,DNK,1989,0.908,0.88,0.002
Denmark,DNK,1990,0.908,0.88,0.002
Denmark,DNK,1991,0.909,0.881,0.002
Denmark,DNK,1992,0.909,0.881,0.002
Denmark,DNK,1993,0.909,0.881,0.002
Denmark,DNK,1994,0.909,0.881,0.002
Denmark,DNK,1995,0.908,0.88,0.002
Denmark,DNK,1996,0.908,0.88,0.002
Denmark,DNK,1997,0.908,0.88,0.002
Denmark,DNK,1998,0.906,0.879,0.002
Denmark,DNK,1999,0.906,0.878,0.002
Denmark,DNK,2000,0.906,0.878,0.002
Denmark,DNK,2001,0.906,0.879,0.002
Denmark,DNK,2002,0.908,0.88,0.002
Denmark,DNK,2003,0.908,0.88,0.002
Denmark,DNK,2004,0.908,0.88,0.002
Denmark,DNK,2005,0.92,0.895,0.002
Denmark,DNK,2006,0.922,0.896,0.002
Denmark,DNK,2007,0.922,0.896,0.002
Denmark,DNK,2008,0.921,0.895,0.002
Denmark,DNK,2009,0.921,0.895,0.002
Denmark,DNK,2010,0.921,0.895,0.002
Denmark,DNK,2011,0.921,0.894,0.002
Denmark,DNK,2012,0.921,0.895,0.002
Denmark,DNK,2013,0.921,0.895,0.002
Denmark,DNK,2014,0.921,0.895,0.002
Denmark,DNK,2015,0.921,0.894,0.002
Denmark,DNK,2016,0.918,0.892,0.002
Denmark,DNK,2017,0.918,0.891,0.002
Denmark,DNK,2018,0.918,0.89,0.002
Denmark,DNK,2019,0.916,0.886,0.002
Denmark,DNK,2020,0.915,0.882,0.002
Denmark,DNK,2021,0.915,0.882,0.002
Denmark,DNK,2022,0.915,0.887,0.002
Denmark,DNK,2023,0.917,0.884,0.003
Denmark,DNK,2024,0.917,0.885,0.004
Equatorial Guinea,GNQ,1960,0.035,0.036,0.502
Equatorial Guinea,GNQ,1961,0.036,0.036,0.502
Equatorial Guinea,GNQ,1962,0.036,0.036,0.502
Equatorial Guinea,GNQ,1963,0.036,0.037,0.502
Equatorial Guinea,GNQ,1964,0.043,0.045,0.502
Equatorial Guinea,GNQ,1965,0.045,0.046,0.502
Equatorial Guinea,GNQ,1966,0.045,0.046,0.502
Equatorial Guinea,GNQ,1967,0.045,0.046,0.502
Equatorial Guinea,GNQ,1968,0.167,0.064,0.616
Equatorial Guinea,GNQ,1969,0.177,0.045,0.695
Equatorial Guinea,GNQ,1970,0.169,0.02,0.9
Equatorial Guinea,GNQ,1971,0.111,0.01,0.9
Equatorial Guinea,GNQ,1972,0.1,0.008,0.878
Equatorial Guinea,GNQ,1973,0.068,0.008,0.9
Equatorial Guinea,GNQ,1974,0.068,0.008,0.917
Equatorial Guinea,GNQ,1975,0.068,0.008,0.917
Equatorial Guinea,GNQ,1976,0.068,0.008,0.917
Equatorial Guinea,GNQ,1977,0.068,0.008,0.917
Equatorial Guinea,GNQ,1978,0.068,0.008,0.917
Equatorial Guinea,GNQ,1979,0.043,0.007,0.97
Equatorial Guinea,GNQ,1980,0.031,0.021,0.886
Equatorial Guinea,GNQ,1981,0.031,0.022,0.886
Equatorial Guinea,GNQ,1982,0.102,0.028,0.886
Equatorial Guinea,GNQ,1983,0.135,0.038,0.886
Equatorial Guinea,GNQ,1984,0.146,0.045,0.853
Equatorial Guinea,GNQ,1985,0.146,0.045,0.853
Equatorial Guinea,GNQ,1986,0.146,0.045,0.853
Equatorial Guinea,GNQ,1987,0.146,0.044,0.853
Equatorial Guinea,GNQ,1988,0.162,0.046,0.853
Equatorial Guinea,GNQ,1989,0.163,0.046,0.853
Equatorial Guinea,GNQ,1990,0.162,0.049,0.853
Equatorial Guinea,GNQ,1991,0.162,0.049,0.853
Equatorial Guinea,GNQ,1992,0.162,0.048,0.853
Equatorial Guinea,GNQ,1993,0.171,0.051,0.853
Equatorial Guinea,GNQ,1994,0.176,0.052,0.853
Equatorial Guinea,GNQ,1995,0.181,0.052,0.853
Equatorial Guinea,GNQ,1996,0.182,0.052,0.853
Equatorial Guinea,GNQ,1997,0.18,0.051,0.853
Equatorial Guinea,GNQ,1998,0.18,0.051,0.853
Equatorial Guinea,GNQ,1999,0.182,0.051,0.853
Equatorial Guinea,GNQ,2000,0.186,0.052,0.853
Equatorial Guinea,GNQ,2001,0.186,0.052,0.853
Equatorial Guinea,GNQ,2002,0.186,0.053,0.853
Equatorial Guinea,GNQ,2003,0.185,0.053,0.853
Equatorial Guinea,GNQ,2004,0.184,0.053,0.853
Equatorial Guinea,GNQ,2005,0.18,0.053,0.846
Equatorial Guinea,GNQ,2006,0.182,0.054,0.846
Equatorial Guinea,GNQ,2007,0.182,0.053,0.846
Equatorial Guinea,GNQ,2008,0.179,0.053,0.846
Equatorial Guinea,GNQ,2009,0.18,0.053,0.846
Equatorial Guinea,GNQ,2010,0.177,0.049,0.855
Equatorial Guinea,GNQ,2011,0.176,0.049,0.855
Equatorial Guinea,GNQ,2012,0.176,0.049,0.855
Equatorial Guinea,GNQ,2013,0.177,0.052,0.855
Equatorial Guinea,GNQ,2014,0.179,0.053,0.855
Equatorial Guinea,GNQ,2015,0.178,0.05,0.855
Equatorial Guinea,GNQ,2016,0.18,0.051,0.855
Equatorial Guinea,GNQ,2017,0.174,0.049,0.855
Equatorial Guinea,GNQ,2018,0.177,0.052,0.855
Equatorial Guinea,GNQ,2019,0.178,0.051,0.855
Equatorial Guinea,GNQ,2020,0.175,0.051,0.855
Equatorial Guinea,GNQ,2021,0.172,0.051,0.855
Equatorial Guinea,GNQ,2022,0.173,0.049,0.855
Equatorial Guinea,GNQ,2023,0.183,0.054,0.863
Equatorial Guinea,GNQ,2024,0.176,0.049,0.837
Estonia,EST,1990,0.797,0.681,0.171
Estonia,EST,1991,0.608,0.52,0.171
Estonia,EST,1992,0.45,0.384,0.161
Estonia,EST,1993,0.881,0.809,0.173
Estonia,EST,1994,0.869,0.797,0.173
Estonia,EST,1995,0.869,0.802,0.183
Estonia,EST,1996,0.869,0.804,0.152
Estonia,EST,1997,0.869,0.806,0.152
Estonia,EST,1998,0.869,0.805,0.159
Estonia,EST,1999,0.869,0.807,0.103
Estonia,EST,2000,0.869,0.808,0.055
Estonia,EST,2001,0.869,0.808,0.055
Estonia,EST,2002,0.871,0.811,0.053
Estonia,EST,2003,0.868,0.808,0.054
Estonia,EST,2004,0.871,0.811,0.046
Estonia,EST,2005,0.871,0.811,0.038
Estonia,EST,2006,0.871,0.811,0.041
Estonia,EST,2007,0.871,0.811,0.041
Estonia,EST,2008,0.871,0.811,0.033
Estonia,EST,2009,0.874,0.814,0.033
Estonia,EST,2010,0.88,0.829,0.028
Estonia,EST,2011,0.883,0.832,0.028
Estonia,EST,2012,0.883,0.832,0.028
Estonia,EST,2013,0.883,0.834,0.027
Estonia,EST,2014,0.888,0.838,0.027
Estonia,EST,2015,0.894,0.845,0.027
Estonia,EST,2016,0.907,0.859,0.027
Estonia,EST,2017,0.907,0.861,0.027
Estonia,EST,2018,0.906,0.863,0.03
Estonia,EST,2019,0.898,0.848,0.031
Estonia,EST,2020,0.897,0.842,0.031
Estonia,EST,2021,0.9,0.853,0.031
Estonia,EST,2022,0.896,0.853,0.031
Estonia,EST,2023,0.893,0.845,0.031
Estonia,EST,2024,0.893,0.848,0.025
Fiji,FJI,1960,0.215,0.191,0.249
Fiji,FJI,1961,0.218,0.192,0.249
Fiji,FJI,1962,0.218,0.192,0.249
Fiji,FJI,1963,0.279,0.214,0.249
Fiji,FJI,1964,0.288,0.217,0.249
Fiji,FJI,1965,0.288,0.217,0.249
Fiji,FJI,1966,0.298,0.222,0.249
Fiji,FJI,1967,0.312,0.227,0.249
Fiji,FJI,1968,0.481,0.312,0.249
Fiji,FJI,1969,0.481,0.312,0.249
Fiji,FJI,1970,0.506,0.379,0.309
Fiji,FJI,1971,0.516,0.383,0.309
Fiji,FJI,1972,0.537,0.398,0.309
Fiji,FJI,1973,0.569,0.42,0.309
Fiji,FJI,1974,0.569,0.42,0.309
Fiji,FJI,1975,0.569,0.42,0.309
Fiji,FJI,1976,0.569,0.42,0.309
Fiji,FJI,1977,0.572,0.421,0.309
Fiji,FJI,1978,0.572,0.421,0.309
Fiji,FJI,1979,0.572,0.421,0.309
Fiji,FJI,1980,0.572,0.421,0.309
Fiji,FJI,1981,0.572,0.421,0.309
Fiji,FJI,1982,0.571,0.42,0.309
Fiji,FJI,1983,0.569,0.419,0.309
Fiji,FJI,1984,0.569,0.419,0.309
Fiji,FJI,1985,0.569,0.419,0.309
Fiji,FJI,1986,0.569,0.419,0.309
Fiji,FJI,1987,0.327,0.178,0.258
Fiji,FJI,1988,0.219,0.144,0.258
Fiji,FJI,1989,0.219,0.144,0.258
Fiji,FJI,1990,0.223,0.147,0.258
Fiji,FJI,1991,0.224,0.148,0.258
Fiji,FJI,1992,0.403,0.276,0.258
Fiji,FJI,1993,0.54,0.395,0.309
Fiji,FJI,1994,0.525,0.383,0.309
Fiji,FJI,1995,0.522,0.381,0.309
Fiji,FJI,1996,0.522,0.382,0.309
Fiji,FJI,1997,0.543,0.404,0.309
Fiji,FJI,1998,0.543,0.404,0.309
Fiji,FJI,1999,0.542,0.403,0.309
Fiji,FJI,2000,0.344,0.208,0.258
Fiji,FJI,2001,0.256,0.184,0.258
Fiji,FJI,2002,0.317,0.253,0.315
Fiji,FJI,2003,0.53,0.371,0.315
Fiji,FJI,2004,0.53,0.371,0.315
Fiji,FJI,2005,0.53,0.371,0.315
Fiji,FJI,2006,0.395,0.267,0.319
Fiji,FJI,2007,0.134,0.105,0.234
Fiji,FJI,2008,0.131,0.105,0.229
Fiji,FJI,2009,0.129,0.097,0.229
Fiji,FJI,2010,0.131,0.105,0.234
Fiji,FJI,2011,0.131,0.105,0.234
Fiji,FJI,2012,0.135,0.106,0.241
Fiji,FJI,2013,0.14,0.114,0.238
Fiji,FJI,2014,0.196,0.145,0.219
Fiji,FJI,2015,0.385,0.27,0.247
Fiji,FJI,2016,0.397,0.275,0.248
Fiji,FJI,2017,0.4,0.283,0.247
Fiji,FJI,2018,0.403,0.28,0.252
Fiji,FJI,2019,0.391,0.264,0.274
Fiji,FJI,2020,0.411,0.276,0.293
Fiji,FJI,2021,0.4,0.269,0.331
Fiji,FJI,2022,0.398,0.263,0.357
Fiji,FJI,2023,0.509,0.411,0.289
Fiji,FJI,2024,0.514,0.41,0.289
Finland,FIN,1960,0.814,0.766,0.015
Finland,FIN,1961,0.814,0.766,0.015
Finland,FIN,1962,0.805,0.758,0.015
Finland,FIN,1963,0.806,0.758,0.015
Finland,FIN,1964,0.806,0.757,0.015
Finland,FIN,1965,0.811,0.762,0.015
Finland,FIN,1966,0.807,0.758,0.015
Finland,FIN,1967,0.815,0.768,0.015
Finland,FIN,1968,0.817,0.77,0.015
Finland,FIN,1969,0.812,0.763,0.015
Finland,FIN,1970,0.811,0.764,0.015
Finland,FIN,1971,0.811,0.764,0.015
Finland,FIN,1972,0.809,0.761,0.015
Finland,FIN,1973,0.809,0.758,0.015
Finland,FIN,1974,0.809,0.76,0.015
Finland,FIN,1975,0.811,0.762,0.015
Finland,FIN,1976,0.818,0.769,0.015
Finland,FIN,1977,0.818,0.769,0.015
Finland,FIN,1978,0.816,0.768,0.015
Finland,FIN,1979,0.816,0.767,0.015
Finland,FIN,1980,0.818,0.769,0.015
Finland,FIN,1981,0.822,0.773,0.015
Finland,FIN,1982,0.837,0.787,0.015
Finland,FIN,1983,0.842,0.796,0.015
Finland,FIN,1984,0.843,0.797,0.015
Finland,FIN,1985,0.843,0.797,0.015
Finland,FIN,1986,0.843,0.799,0.015
Finland,FIN,1987,0.847,0.804,0.015
Finland,FIN,1988,0.847,0.804,0.015
Finland,FIN,1989,0.847,0.804,0.015
Finland,FIN,1990,0.859,0.819,0.015
Finland,FIN,1991,0.864,0.823,0.015
Finland,FIN,1992,0.864,0.822,0.015
Finland,FIN,1993,0.871,0.831,0.015
Finland,FIN,1994,0.871,0.831,0.015
Finland,FIN,1995,0.872,0.832,0.015
Finland,FIN,1996,0.873,0.832,0.015
Finland,FIN,1997,0.873,0.832,0.015
Finland,FIN,1998,0.873,0.832,0.015
Finland,FIN,1999,0.873,0.833,0.015
Finland,FIN,2000,0.873,0.834,0.015
Finland,FIN,2001,0.873,0.834,0.015
Finland,FIN,2002,0.873,0.834,0.015
Finland,FIN,2003,0.871,0.831,0.015
Finland,FIN,2004,0.871,0.83,0.015
Finland,FIN,2005,0.871,0.83,0.015
Finland,FIN,2006,0.88,0.842,0.015
Finland,FIN,2007,0.881,0.842,0.015
Finland,FIN,2008,0.881,0.842,0.015
Finland,FIN,2009,0.881,0.842,0.015
Finland,FIN,2010,0.881,0.842,0.015
Finland,FIN,2011,0.884,0.843,0.015
Finland,FIN,2012,0.885,0.844,0.015
Finland,FIN,2013,0.891,0.858,0.011
Finland,FIN,2014,0.891,0.858,0.011
Finland,FIN,2015,0.869,0.827,0.012
Finland,FIN,2016,0.869,0.827,0.012
Finland,FIN,2017,0.873,0.836,0.012
Finland,FIN,2018,0.884,0.849,0.018
Finland,FIN,2019,0.881,0.842,0.01
Finland,FIN,2020,0.88,0.844,0.011
Finland,FIN,2021,0.871,0.835,0.011
Finland,FIN,2022,0.869,0.827,0.011
Finland,FIN,2023,0.853,0.812,0.015
Finland,FIN,2024,0.827,0.782,0.023
Greece,GRC,1960,0.389,0.308,0.35
Greece,GRC,1961,0.387,0.307,0.35
Greece,GRC,1962,0.376,0.304,0.35
Greece,GRC,1963,0.379,0.307,0.35
Greece,GRC,1964,0.395,0.317,0.35
Greece,GRC,1965,0.395,0.314,0.35
Greece,GRC,1966,0.342,0.284,0.342
Greece,GRC,1967,0.115,0.096,0.412
Greece,GRC,1968,0.074,0.066,0.496
Greece,GRC,1969,0.074,0.066,0.496
Greece,GRC,1970,0.074,0.066,0.496
Greece,GRC,1971,0.074,0.066,0.496
Greece,GRC,1972,0.074,0.066,0.496
Greece,GRC,1973,0.074,0.066,0.496
Greece,GRC,1974,0.136,0.093,0.486
Greece,GRC,1975,0.744,0.601,0.401
Greece,GRC,1976,0.812,0.7,0.274
Greece,GRC,1977,0.827,0.73,0.274
Greece,GRC,1978,0.826,0.73,0.274
Greece,GRC,1979,0.826,0.73,0.274
Greece,GRC,1980,0.826,0.73,0.274
Greece,GRC,1981,0.834,0.738,0.268
Greece,GRC,1982,0.848,0.751,0.268
Greece,GRC,1983,0.848,0.751,0.271
Greece,GRC,1984,0.857,0.762,0.271
Greece,GRC,1985,0.858,0.763,0.271
Greece,GRC,1986,0.858,0.764,0.271
Greece,GRC,1987,0.861,0.768,0.271
Greece,GRC,1988,0.861,0.768,0.271
Greece,GRC,1989,0.867,0.773,0.271
Greece,GRC,1990,0.882,0.788,0.271
Greece,GRC,1991,0.882,0.788,0.271
Greece,GRC,1992,0.882,0.789,0.271
Greece,GRC,1993,0.882,0.79,0.271
Greece,GRC,1994,0.884,0.792,0.271
Greece,GRC,1995,0.884,0.793,0.268
Greece,GRC,1996,0.884,0.797,0.268
Greece,GRC,1997,0.883,0.798,0.268
Greece,GRC,1998,0.883,0.798,0.255
Greece,GRC,1999,0.883,0.798,0.255
Greece,GRC,2000,0.882,0.798,0.255
Greece,GRC,2001,0.887,0.802,0.255
Greece,GRC,2002,0.887,0.802,0.255
Greece,GRC,2003,0.887,0.802,0.255
Greece,GRC,2004,0.889,0.803,0.255
Greece,GRC,2005,0.89,0.804,0.255
Greece,GRC,2006,0.89,0.803,0.255
Greece,GRC,2007,0.895,0.805,0.255
Greece,GRC,2008,0.9,0.811,0.262
Greece,GRC,2009,0.901,0.812,0.256
Greece,GRC,2010,0.901,0.812,0.216
Greece,GRC,2011,0.901,0.814,0.209
Greece,GRC,2012,0.897,0.81,0.212
Greece,GRC,2013,0.889,0.801,0.169
Greece,GRC,2014,0.889,0.804,0.169
Greece,GRC,2015,0.88,0.785,0.145
Greece,GRC,2016,0.872,0.776,0.145
Greece,GRC,2017,0.868,0.775,0.148
Greece,GRC,2018,0.859,0.767,0.166
Greece,GRC,2019,0.864,0.763,0.173
Greece,GRC,2020,0.788,0.669,0.209
Greece,GRC,2021,0.76,0.63,0.172
Greece,GRC,2022,0.762,0.607,0.245
Greece,GRC,2023,0.735,0.573,0.24
Greece,GRC,2024,0.744,0.565,0.237
Guyana,GUY,1960,0.299,0.216,0.133
Guyana,GUY,1961,0.296,0.215,0.133
Guyana,GUY,1962,0.289,0.21,0.133
Guyana,GUY,1963,0.289,0.21,0.133
Guyana,GUY,1964,0.288,0.21,0.238
Guyana,GUY,1965,0.274,0.206,0.238
Guyana,GUY,1966,0.286,0.197,0.366
Guyana,GUY,1967,0.421,0.257,0.366
Guyana,GUY,1968,0.407,0.252,0.366
Guyana,GUY,1969,0.338,0.22,0.366
Guyana,GUY,1970,0.321,0.213,0.434
Guyana,GUY,1971,0.321,0.213,0.434
Guyana,GUY,1972,0.315,0.21,0.434
Guyana,GUY,1973,0.305,0.206,0.434
Guyana,GUY,1974,0.294,0.2,0.434
Guyana,GUY,1975,0.294,0.2,0.434
Guyana,GUY,1976,0.292,0.199,0.434
Guyana,GUY,1977,0.286,0.197,0.434
Guyana,GUY,1978,0.282,0.196,0.434
Guyana,GUY,1979,0.282,0.196,0.434
Guyana,GUY,1980,0.269,0.181,0.52
Guyana,GUY,1981,0.248,0.174,0.496
Guyana,GUY,1982,0.248,0.174,0.496
Guyana,GUY,1983,0.248,0.174,0.496
Guyana,GUY,1984,0.249,0.176,0.496
Guyana,GUY,1985,0.245,0.176,0.496
Guyana,GUY,1986,0.284,0.201,0.507
Guyana,GUY,1987,0.292,0.204,0.507
Guyana,GUY,1988,0.297,0.209,0.507
Guyana,GUY,1989,0.3,0.209,0.507
Guyana,GUY,1990,0.314,0.218,0.534
Guyana,GUY,1991,0.309,0.216,0.534
Guyana,GUY,1992,0.358,0.256,0.534
Guyana,GUY,1993,0.444,0.296,0.449
Guyana,GUY,1994,0.444,0.298,0.434
Guyana,GUY,1995,0.444,0.298,0.434
Guyana,GUY,1996,0.444,0.298,0.434
Guyana,GUY,1997,0.452,0.304,0.555
Guyana,GUY,1998,0.523,0.336,0.512
Guyana,GUY,1999,0.522,0.337,0.494
Guyana,GUY,2000,0.519,0.334,0.569
Guyana,GUY,2001,0.553,0.353,0.569
Guyana,GUY,2002,0.572,0.362,0.569
Guyana,GUY,2003,0.588,0.372,0.569
Guyana,GUY,2004,0.588,0.372,0.569
Guyana,GUY,2005,0.588,0.372,0.569
Guyana,GUY,2006,0.583,0.369,0.569
Guyana,GUY,2007,0.579,0.366,0.569
Guyana,GUY,2008,0.576,0.366,0.569
Guyana,GUY,2009,0.583,0.369,0.569
Guyana,GUY,2010,0.583,0.369,0.57
Guyana,GUY,2011,0.582,0.369,0.57
Guyana,GUY,2012,0.579,0.369,0.57
Guyana,GUY,2013,0.608,0.386,0.56
Guyana,GUY,2014,0.607,0.385,0.56
Guyana,GUY,2015,0.65,0.444,0.416
Guyana,GUY,2016,0.657,0.456,0.392
Guyana,GUY,2017,0.66,0.457,0.394
Guyana,GUY,2018,0.664,0.45,0.384
Guyana,GUY,2019,0.64,0.426,0.415
Guyana,GUY,2020,0.555,0.386,0.476
Guyana,GUY,2021,0.498,0.335,0.464
Guyana,GUY,2022,0.491,0.329,0.464
Guyana,GUY,2023,0.484,0.313,0.507
Guyana,GUY,2024,0.491,0.314,0.507
Hong Kong,HKG,1960,0.16,0.181,0.209
Hong Kong,HKG,1961,0.16,0.181,0.209
Hong Kong,HKG,1962,0.16,0.181,0.209
Hong Kong,HKG,1963,0.16,0.181,0.209
Hong Kong,HKG,1964,0.159,0.181,0.209
Hong Kong,HKG,1965,0.159,0.18,0.209
Hong Kong,HKG,1966,0.159,0.18,0.209
Hong Kong,HKG,1967,0.159,0.179,0.209
Hong Kong,HKG,1968,0.159,0.182,0.209
Hong Kong,HKG,1969,0.16,0.182,0.209
Hong Kong,HKG,1970,0.164,0.188,0.201
Hong Kong,HKG,1971,0.164,0.188,0.201
Hong Kong,HKG,1972,0.164,0.188,0.201
Hong Kong,HKG,1973,0.164,0.188,0.201
Hong Kong,HKG,1974,0.164,0.194,0.158
Hong Kong,HKG,1975,0.164,0.194,0.084
Hong Kong,HKG,1976,0.164,0.195,0.07
Hong Kong,HKG,1977,0.167,0.195,0.07
Hong Kong,HKG,1978,0.167,0.196,0.07
Hong Kong,HKG,1979,0.167,0.196,0.07
Hong Kong,HKG,1980,0.185,0.204,0.062
Hong Kong,HKG,1981,0.185,0.204,0.063
Hong Kong,HKG,1982,0.185,0.204,0.063
Hong Kong,HKG,1983,0.184,0.204,0.063
Hong Kong,HKG,1984,0.184,0.205,0.063
Hong Kong,HKG,1985,0.189,0.211,0.063
Hong Kong,HKG,1986,0.197,0.215,0.063
Hong Kong,HKG,1987,0.197,0.215,0.063
Hong Kong,HKG,1988,0.198,0.216,0.063
Hong Kong,HKG,1989,0.2,0.216,0.063
Hong Kong,HKG,1990,0.263,0.252,0.063
Hong Kong,HKG,1991,0.299,0.275,0.063
Hong Kong,HKG,1992,0.373,0.317,0.063
Hong Kong,HKG,1993,0.373,0.318,0.063
Hong Kong,HKG,1994,0.373,0.318,0.063
Hong Kong,HKG,1995,0.377,0.32,0.063
Hong Kong,HKG,1996,0.377,0.32,0.063
Hong Kong,HKG,1997,0.368,0.322,0.06
Hong Kong,HKG,1998,0.372,0.325,0.06
Hong Kong,HKG,1999,0.371,0.325,0.06
Hong Kong,HKG,2000,0.371,0.325,0.06
Hong Kong,HKG,2001,0.372,0.325,0.06
Hong Kong,HKG,2002,0.372,0.325,0.06
Hong Kong,HKG,2003,0.372,0.325,0.06
Hong Kong,HKG,2004,0.371,0.325,0.06
Hong Kong,HKG,2005,0.369,0.324,0.06
Hong Kong,HKG,2006,0.369,0.324,0.06
Hong Kong,HKG,2007,0.369,0.324,0.06
Hong Kong,HKG,2008,0.369,0.324,0.06
Hong Kong,HKG,2009,0.371,0.324,0.06
Hong Kong,HKG,2010,0.369,0.323,0.06
Hong Kong,HKG,2011,0.367,0.322,0.068
Hong Kong,HKG,2012,0.362,0.316,0.088
Hong Kong,HKG,2013,0.358,0.314,0.088
Hong Kong,HKG,2014,0.354,0.311,0.088
Hong Kong,HKG,2015,0.345,0.303,0.088
Hong Kong,HKG,2016,0.333,0.294,0.088
Hong Kong,HKG,2017,0.325,0.289,0.077
Hong Kong,HKG,2018,0.318,0.281,0.075
Hong Kong,HKG,2019,0.3,0.267,0.075
Hong Kong,HKG,2020,0.255,0.204,0.078
Hong Kong,HKG,2021,0.205,0.168,0.082
Hong Kong,HKG,2022,0.16,0.149,0.084
Hong Kong,HKG,2023,0.149,0.139,0.084
Hong Kong,HKG,2024,0.158,0.142,0.09
Iceland,ISL,1960,0.809,0.701,0.021
Iceland,ISL,1961,0.809,0.703,0.021
Iceland,ISL,1962,0.809,0.703,0.021
Iceland,ISL,1963,0.808,0.702,0.021
Iceland,ISL,1964,0.807,0.701,0.021
Iceland,ISL,1965,0.807,0.701,0.021
Iceland,ISL,1966,0.818,0.713,0.021
Iceland,ISL,1967,0.824,0.719,0.021
Iceland,ISL,1968,0.824,0.719,0.021
Iceland,ISL,1969,0.823,0.717,0.021
Iceland,ISL,1970,0.823,0.716,0.021
Iceland,ISL,1971,0.825,0.717,0.021
Iceland,ISL,1972,0.826,0.719,0.021
Iceland,ISL,1973,0.826,0.719,0.021
Iceland,ISL,1974,0.826,0.719,0.021
Iceland,ISL,1975,0.825,0.72,0.021
Iceland,ISL,1976,0.825,0.72,0.021
Iceland,ISL,1977,0.825,0.72,0.021
Iceland,ISL,1978,0.826,0.722,0.021
Iceland,ISL,1979,0.827,0.722,0.021
Iceland,ISL,1980,0.849,0.744,0.021
Iceland,ISL,1981,0.849,0.744,0.021
Iceland,ISL,1982,0.849,0.744,0.021
Iceland,ISL,1983,0.845,0.741,0.021
Iceland,ISL,1984,0.843,0.739,0.021
Iceland,ISL,1985,0.843,0.739,0.021
Iceland,ISL,1986,0.852,0.748,0.021
Iceland,ISL,1987,0.859,0.769,0.016
Iceland,ISL,1988,0.859,0.77,0.016
Iceland,ISL,1989,0.859,0.768,0.016
Iceland,ISL,1990,0.862,0.775,0.013
Iceland,ISL,1991,0.862,0.776,0.013
Iceland,ISL,1992,0.862,0.776,0.013
Iceland,ISL,1993,0.862,0.776,0.013
Iceland,ISL,1994,0.862,0.776,0.013
Iceland,ISL,1995,0.862,0.778,0.013
Iceland,ISL,1996,0.869,0.783,0.013
Iceland,ISL,1997,0.868,0.783,0.013
Iceland,ISL,1998,0.868,0.783,0.013
Iceland,ISL,1999,0.868,0.781,0.013
Iceland,ISL,2000,0.868,0.78,0.013
Iceland,ISL,2001,0.868,0.78,0.013
Iceland,ISL,2002,0.868,0.78,0.013
Iceland,ISL,2003,0.867,0.781,0.013
Iceland,ISL,2004,0.867,0.782,0.013
Iceland,ISL,2005,0.865,0.781,0.013
Iceland,ISL,2006,0.865,0.781,0.013
Iceland,ISL,2007,0.873,0.787,0.013
Iceland,ISL,2008,0.88,0.795,0.013
Iceland,ISL,2009,0.882,0.796,0.013
Iceland,ISL,2010,0.881,0.799,0.013
Iceland,ISL,2011,0.881,0.795,0.013
Iceland,ISL,2012,0.875,0.794,0.013
Iceland,ISL,2013,0.858,0.775,0.012
Iceland,ISL,2014,0.856,0.773,0.012
Iceland,ISL,2015,0.861,0.777,0.012
Iceland,ISL,2016,0.86,0.776,0.012
Iceland,ISL,2017,0.861,0.779,0.012
Iceland,ISL,2018,0.875,0.793,0.012
Iceland,ISL,2019,0.859,0.784,0.012
Iceland,ISL,2020,0.859,0.784,0.012
Iceland,ISL,2021,0.836,0.745,0.023
Iceland,ISL,2022,0.832,0.742,0.023
Iceland,ISL,2023,0.841,0.751,0.023
Iceland,ISL,2024,0.842,0.757,0.023
Israel,ISR,1960,0.635,0.528,0.158
Israel,ISR,1961,0.643,0.534,0.158
Israel,ISR,1962,0.647,0.537,0.158
Israel,ISR,1963,0.647,0.537,0.158
Israel,ISR,1964,0.647,0.544,0.158
Israel,ISR,1965,0.631,0.533,0.158
Israel,ISR,1966,0.644,0.55,0.158
Israel,ISR,1967,0.651,0.571,0.146
Israel,ISR,1968,0.661,0.579,0.146
Israel,ISR,1969,0.665,0.583,0.146
Israel,ISR,1970,0.678,0.594,0.146
Israel,ISR,1971,0.678,0.594,0.146
Israel,ISR,1972,0.693,0.612,0.146
Israel,ISR,1973,0.693,0.616,0.146
Israel,ISR,1974,0.744,0.664,0.146
Israel,ISR,1975,0.744,0.664,0.221
Israel,ISR,1976,0.744,0.666,0.221
Israel,ISR,1977,0.749,0.668,0.155
Israel,ISR,1978,0.754,0.677,0.143
Israel,ISR,1979,0.754,0.677,0.143
Israel,ISR,1980,0.754,0.677,0.143
Israel,ISR,1981,0.756,0.678,0.143
Israel,ISR,1982,0.758,0.68,0.143
Israel,ISR,1983,0.758,0.68,0.143
Israel,ISR,1984,0.753,0.674,0.143
Israel,ISR,1985,0.749,0.67,0.117
Israel,ISR,1986,0.757,0.679,0.117
Israel,ISR,1987,0.765,0.687,0.117
Israel,ISR,1988,0.753,0.676,0.117
Israel,ISR,1989,0.767,0.689,0.117
Israel,ISR,1990,0.767,0.689,0.117
Israel,ISR,1991,0.768,0.69,0.117
Israel,ISR,1992,0.762,0.683,0.117
Israel,ISR,1993,0.762,0.683,0.117
Israel,ISR,1994,0.772,0.694,0.117
Israel,ISR,1995,0.772,0.694,0.117
Israel,ISR,1996,0.773,0.695,0.117
Israel,ISR,1997,0.774,0.696,0.117
Israel,ISR,1998,0.774,0.696,0.117
Israel,ISR,1999,0.773,0.696,0.117
Israel,ISR,2000,0.768,0.693,0.12
Israel,ISR,2001,0.764,0.688,0.12
Israel,ISR,2002,0.764,0.689,0.12
Israel,ISR,2003,0.76,0.683,0.12
Israel,ISR,2004,0.759,0.683,0.12
Israel,ISR,2005,0.759,0.683,0.12
Israel,ISR,2006,0.764,0.687,0.123
Israel,ISR,2007,0.758,0.684,0.123
Israel,ISR,2008,0.758,0.684,0.104
Israel,ISR,2009,0.756,0.68,0.104
Israel,ISR,2010,0.752,0.675,0.107
Israel,ISR,2011,0.752,0.675,0.107
Israel,ISR,2012,0.751,0.675,0.107
Israel,ISR,2013,0.734,0.655,0.107
Israel,ISR,2014,0.733,0.654,0.107
Israel,ISR,2015,0.733,0.654,0.107
Israel,ISR,2016,0.729,0.646,0.11
Israel,ISR,2017,0.714,0.632,0.11
Israel,ISR,2018,0.705,0.626,0.115
Israel,ISR,2019,0.708,0.623,0.124
Israel,ISR,2020,0.723,0.639,0.109
Israel,ISR,2021,0.722,0.639,0.1
Israel,ISR,2022,0.714,0.64,0.105
Israel,ISR,2023,0.704,0.616,0.118
Israel,ISR,2024,0.702,0.597,0.111
Kuwait,KWT,1960,0.093,0.119,0.356
Kuwait,KWT,1961,0.182,0.172,0.354
Kuwait,KWT,1962,0.195,0.212,0.458
Kuwait,KWT,1963,0.226,0.248,0.47
Kuwait,KWT,1964,0.226,0.248,0.47
Kuwait,KWT,1965,0.232,0.251,0.47
Kuwait,KWT,1966,0.289,0.276,0.47
Kuwait,KWT,1967,0.259,0.262,0.47
Kuwait,KWT,1968,0.256,0.261,0.47
Kuwait,KWT,1969,0.256,0.261,0.47
Kuwait,KWT,1970,0.259,0.262,0.47
Kuwait,KWT,1971,0.282,0.272,0.47
Kuwait,KWT,1972,0.284,0.274,0.47
Kuwait,KWT,1973,0.284,0.27,0.47
Kuwait,KWT,1974,0.284,0.27,0.47
Kuwait,KWT,1975,0.286,0.27,0.47
Kuwait,KWT,1976,0.096,0.128,0.355
Kuwait,KWT,1977,0.095,0.126,0.355
Kuwait,KWT,1978,0.095,0.126,0.355
Kuwait,KWT,1979,0.095,0.126,0.355
Kuwait,KWT,1980,0.089,0.125,0.369
Kuwait,KWT,1981,0.257,0.258,0.488
Kuwait,KWT,1982,0.274,0.265,0.488
Kuwait,KWT,1983,0.274,0.265,0.488
Kuwait,KWT,1984,0.274,0.265,0.488
Kuwait,KWT,1985,0.272,0.263,0.488
Kuwait,KWT,1986,0.088,0.126,0.375
Kuwait,KWT,1987,0.088,0.125,0.375
Kuwait,KWT,1988,0.088,0.123,0.375
Kuwait,KWT,1989,0.087,0.123,0.375
Kuwait,KWT,1990,0.086,0.111,0.375
Kuwait,KWT,1991,0.108,0.115,0.375
Kuwait,KWT,1992,0.201,0.236,0.5
Kuwait,KWT,1993,0.282,0.267,0.5
Kuwait,KWT,1994,0.282,0.267,0.5
Kuwait,KWT,1995,0.282,0.267,0.5
Kuwait,KWT,1996,0.283,0.268,0.5
Kuwait,KWT,1997,0.286,0.269,0.5
Kuwait,KWT,1998,0.286,0.27,0.5
Kuwait,KWT,1999,0.284,0.269,0.5
Kuwait,KWT,2000,0.282,0.267,0.5
Kuwait,KWT,2001,0.266,0.259,0.5
Kuwait,KWT,2002,0.278,0.263,0.5
Kuwait,KWT,2003,0.282,0.265,0.5
Kuwait,KWT,2004,0.282,0.265,0.513
Kuwait,KWT,2005,0.326,0.287,0.513
Kuwait,KWT,2006,0.326,0.288,0.513
Kuwait,KWT,2007,0.323,0.286,0.513
Kuwait,KWT,2008,0.324,0.287,0.513
Kuwait,KWT,2009,0.324,0.286,0.513
Kuwait,KWT,2010,0.32,0.284,0.521
Kuwait,KWT,2011,0.319,0.282,0.521
Kuwait,KWT,2012,0.31,0.279,0.521
Kuwait,KWT,2013,0.311,0.278,0.521
Kuwait,KWT,2014,0.315,0.279,0.521
Kuwait,KWT,2015,0.311,0.278,0.521
Kuwait,KWT,2016,0.311,0.281,0.521
Kuwait,KWT,2017,0.326,0.288,0.5
Kuwait,KWT,2018,0.32,0.286,0.5
Kuwait,KWT,2019,0.323,0.288,0.46
Kuwait,KWT,2020,0.317,0.282,0.462
Kuwait,KWT,2021,0.301,0.274,0.462
Kuwait,KWT,2022,0.298,0.281,0.315
Kuwait,KWT,2023,0.314,0.294,0.315
Kuwait,KWT,2024,0.198,0.179,0.315
Lithuania,LTU,1990,0.797,0.729,0.163
Lithuania,LTU,1991,0.791,0.714,0.131
Lithuania,LTU,1992,0.799,0.731,0.142
Lithuania,LTU,1993,0.811,0.741,0.192
Lithuania,LTU,1994,0.828,0.757,0.192
Lithuania,LTU,1995,0.828,0.757,0.192
Lithuania,LTU,1996,0.824,0.753,0.192
Lithuania,LTU,1997,0.827,0.758,0.192
Lithuania,LTU,1998,0.824,0.754,0.192
Lithuania,LTU,1999,0.827,0.756,0.192
Lithuania,LTU,2000,0.822,0.759,0.192
Lithuania,LTU,2001,0.816,0.757,0.191
Lithuania,LTU,2002,0.816,0.757,0.191
Lithuania,LTU,2003,0.814,0.752,0.199
Lithuania,LTU,2004,0.819,0.759,0.192
Lithuania,LTU,2005,0.822,0.762,0.152
Lithuania,LTU,2006,0.822,0.761,0.152
Lithuania,LTU,2007,0.822,0.762,0.147
Lithuania,LTU,2008,0.824,0.765,0.145
Lithuania,LTU,2009,0.846,0.788,0.144
Lithuania,LTU,2010,0.85,0.794,0.144
Lithuania,LTU,2011,0.847,0.791,0.144
Lithuania,LTU,2012,0.839,0.783,0.147
Lithuania,LTU,2013,0.826,0.771,0.155
Lithuania,LTU,2014,0.829,0.773,0.153
Lithuania,LTU,2015,0.836,0.78,0.147
Lithuania,LTU,2016,0.825,0.772,0.136
Lithuania,LTU,2017,0.808,0.753,0.128
Lithuania,LTU,2018,0.818,0.754,0.155
Lithuania,LTU,2019,0.817,0.756,0.123
Lithuania,LTU,2020,0.802,0.745,0.116
Lithuania,LTU,2021,0.793,0.732,0.111
Lithuania,LTU,2022,0.793,0.734,0.101
Lithuania,LTU,2023,0.785,0.724,0.12
Lithuania,LTU,2024,0.798,0.732,0.169
Luxembourg,LUX,1960,0.86,0.765,0.057
Luxembourg,LUX,1961,0.86,0.765,0.057
Luxembourg,LUX,1962,0.86,0.765,0.057
Luxembourg,LUX,1963,0.863,0.77,0.057
Luxembourg,LUX,1964,0.864,0.768,0.057
Luxembourg,LUX,1965,0.864,0.768,0.057
Luxembourg,LUX,1966,0.864,0.768,0.057
Luxembourg,LUX,1967,0.864,0.768,0.057
Luxembourg,LUX,1968,0.864,0.768,0.057
Luxembourg,LUX,1969,0.865,0.769,0.057
Luxembourg,LUX,1970,0.865,0.777,0.057
Luxembourg,LUX,1971,0.865,0.777,0.057
Luxembourg,LUX,1972,0.865,0.777,0.057
Luxembourg,LUX,1973,0.865,0.777,0.057
Luxembourg,LUX,1974,0.869,0.781,0.057
Luxembourg,LUX,1975,0.869,0.781,0.057
Luxembourg,LUX,1976,0.869,0.781,0.057
Luxembourg,LUX,1977,0.869,0.781,0.057
Luxembourg,LUX,1978,0.869,0.781,0.057
Luxembourg,LUX,1979,0.869,0.78,0.057
Luxembourg,LUX,1980,0.869,0.78,0.057
Luxembourg,LUX,1981,0.869,0.78,0.057
Luxembourg,LUX,1982,0.869,0.78,0.057
Luxembourg,LUX,1983,0.869,0.78,0.057
Luxembourg,LUX,1984,0.869,0.78,0.057
Luxembourg,LUX,1985,0.87,0.779,0.057
Luxembourg,LUX,1986,0.87,0.779,0.057
Luxembourg,LUX,1987,0.87,0.779,0.057
Luxembourg,LUX,1988,0.87,0.779,0.057
Luxembourg,LUX,1989,0.869,0.78,0.057
Luxembourg,LUX,1990,0.868,0.785,0.057
Luxembourg,LUX,1991,0.868,0.785,0.057
Luxembourg,LUX,1992,0.868,0.785,0.057
Luxembourg,LUX,1993,0.868,0.785,0.057
Luxembourg,LUX,1994,0.868,0.785,0.057
Luxembourg,LUX,1995,0.867,0.784,0.057
Luxembourg,LUX,1996,0.867,0.784,0.057
Luxembourg,LUX,1997,0.867,0.784,0.057
Luxembourg,LUX,1998,0.867,0.784,0.057
Luxembourg,LUX,1999,0.868,0.785,0.057
Luxembourg,LUX,2000,0.869,0.787,0.057
Luxembourg,LUX,2001,0.869,0.787,0.057
Luxembourg,LUX,2002,0.869,0.787,0.057
Luxembourg,LUX,2003,0.869,0.787,0.057
Luxembourg,LUX,2004,0.869,0.787,0.057
Luxembourg,LUX,2005,0.87,0.787,0.057
Luxembourg,LUX,2006,0.87,0.787,0.057
Luxembourg,LUX,2007,0.87,0.787,0.057
Luxembourg,LUX,2008,0.87,0.787,0.057
Luxembourg,LUX,2009,0.871,0.79,0.057
Luxembourg,LUX,2010,0.872,0.792,0.028
Luxembourg,LUX,2011,0.872,0.792,0.028
Luxembourg,LUX,2012,0.872,0.792,0.026
Luxembourg,LUX,2013,0.873,0.792,0.026
Luxembourg,LUX,2014,0.874,0.793,0.026
Luxembourg,LUX,2015,0.874,0.793,0.026
Luxembourg,LUX,2016,0.874,0.793,0.026
Luxembourg,LUX,2017,0.874,0.793,0.026
Luxembourg,LUX,2018,0.874,0.793,0.026
Luxembourg,LUX,2019,0.872,0.788,0.026
Luxembourg,LUX,2020,0.872,0.786,0.026
Luxembourg,LUX,2021,0.872,0.785,0.026
Luxembourg,LUX,2022,0.872,0.788,0.026
Luxembourg,LUX,2023,0.871,0.789,0.026
Luxembourg,LUX,2024,0.869,0.781,0.029
North Macedonia,MKD,1991,0.273,0.255,0.46
North Macedonia,MKD,1992,0.274,0.256,0.46
North Macedonia,MKD,1993,0.277,0.26,0.517
North Macedonia,MKD,1994,0.315,0.279,0.517
North Macedonia,MKD,1995,0.449,0.348,0.517
North Macedonia,MKD,1996,0.463,0.357,0.517
North Macedonia,MKD,1997,0.471,0.362,0.551
North Macedonia,MKD,1998,0.503,0.388,0.551
North Macedonia,MKD,1999,0.564,0.429,0.551
North Macedonia,MKD,2000,0.459,0.352,0.551
North Macedonia,MKD,2001,0.445,0.333,0.551
North Macedonia,MKD,2002,0.525,0.399,0.551
North Macedonia,MKD,2003,0.617,0.465,0.54
North Macedonia,MKD,2004,0.618,0.468,0.54
North Macedonia,MKD,2005,0.603,0.455,0.54
North Macedonia,MKD,2006,0.597,0.451,0.547
North Macedonia,MKD,2007,0.584,0.438,0.585
North Macedonia,MKD,2008,0.553,0.412,0.619
North Macedonia,MKD,2009,0.528,0.378,0.616
North Macedonia,MKD,2010,0.526,0.373,0.636
North Macedonia,MKD,2011,0.478,0.34,0.658
North Macedonia,MKD,2012,0.45,0.315,0.709
North Macedonia,MKD,2013,0.448,0.287,0.719
North Macedonia,MKD,2014,0.447,0.276,0.719
North Macedonia,MKD,2015,0.44,0.27,0.719
North Macedonia,MKD,2016,0.449,0.279,0.723
North Macedonia,MKD,2017,0.548,0.376,0.539
North Macedonia,MKD,2018,0.575,0.386,0.616
North Macedonia,MKD,2019,0.602,0.411,0.642
North Macedonia,MKD,2020,0.598,0.4,0.666
North Macedonia,MKD,2021,0.592,0.389,0.726
North Macedonia,MKD,2022,0.56,0.373,0.725
North Macedonia,MKD,2023,0.562,0.363,0.753
North Macedonia,MKD,2024,0.557,0.37,0.754
Malaysia,MYS,1960,0.311,0.217,0.248
Malaysia,MYS,1961,0.311,0.219,0.248
Malaysia,MYS,1962,0.309,0.218,0.248
Malaysia,MYS,1963,0.309,0.218,0.248
Malaysia,MYS,1964,0.303,0.212,0.248
Malaysia,MYS,1965,0.3,0.21,0.248
Malaysia,MYS,1966,0.298,0.21,0.248
Malaysia,MYS,1967,0.3,0.213,0.248
Malaysia,MYS,1968,0.295,0.209,0.248
Malaysia,MYS,1969,0.209,0.163,0.248
Malaysia,MYS,1970,0.146,0.133,0.267
Malaysia,MYS,1971,0.146,0.133,0.267
Malaysia,MYS,1972,0.208,0.17,0.339
Malaysia,MYS,1973,0.208,0.17,0.339
Malaysia,MYS,1974,0.233,0.179,0.339
Malaysia,MYS,1975,0.275,0.194,0.339
Malaysia,MYS,1976,0.275,0.194,0.339
Malaysia,MYS,1977,0.275,0.194,0.339
Malaysia,MYS,1978,0.276,0.194,0.339
Malaysia,MYS,1979,0.276,0.194,0.339
Malaysia,MYS,1980,0.278,0.196,0.339
Malaysia,MYS,1981,0.274,0.191,0.389
Malaysia,MYS,1982,0.273,0.175,0.463
Malaysia,MYS,1983,0.272,0.173,0.469
Malaysia,MYS,1984,0.272,0.171,0.469
Malaysia,MYS,1985,0.272,0.17,0.469
Malaysia,MYS,1986,0.27,0.168,0.469
Malaysia,MYS,1987,0.26,0.163,0.469
Malaysia,MYS,1988,0.257,0.155,0.53
Malaysia,MYS,1989,0.257,0.161,0.53
Malaysia,MYS,1990,0.26,0.163,0.53
Malaysia,MYS,1991,0.259,0.162,0.55
Malaysia,MYS,1992,0.259,0.162,0.55
Malaysia,MYS,1993,0.259,0.162,0.55
Malaysia,MYS,1994,0.259,0.162,0.55
Malaysia,MYS,1995,0.258,0.162,0.557
Malaysia,MYS,1996,0.257,0.161,0.557
Malaysia,MYS,1997,0.257,0.161,0.557
Malaysia,MYS,1998,0.257,0.161,0.557
Malaysia,MYS,1999,0.266,0.162,0.557
Malaysia,MYS,2000,0.277,0.165,0.569
Malaysia,MYS,2001,0.281,0.166,0.569
Malaysia,MYS,2002,0.281,0.171,0.595
Malaysia,MYS,2003,0.286,0.173,0.6
Malaysia,MYS,2004,0.309,0.207,0.6
Malaysia,MYS,2005,0.311,0.209,0.594
Malaysia,MYS,2006,0.312,0.21,0.594
Malaysia,MYS,2007,0.314,0.21,0.594
Malaysia,MYS,2008,0.328,0.216,0.594
Malaysia,MYS,2009,0.331,0.218,0.6
Malaysia,MYS,2010,0.329,0.216,0.602
Malaysia,MYS,2011,0.327,0.216,0.597
Malaysia,MYS,2012,0.327,0.218,0.597
Malaysia,MYS,2013,0.321,0.206,0.574
Malaysia,MYS,2014,0.323,0.208,0.574
Malaysia,MYS,2015,0.325,0.204,0.574
Malaysia,MYS,2016,0.328,0.202,0.574
Malaysia,MYS,2017,0.333,0.206,0.505
Malaysia,MYS,2018,0.444,0.319,0.271
Malaysia,MYS,2019,0.47,0.338,0.295
Malaysia,MYS,2020,0.425,0.307,0.418
Malaysia,MYS,2021,0.432,0.3,0.418
Malaysia,MYS,2022,0.459,0.316,0.368
Malaysia,MYS,2023,0.508,0.362,0.322
Malaysia,MYS,2024,0.513,0.359,0.322
Malta,MLT,1960,0.257,0.188,0.263
Malta,MLT,1961,0.257,0.188,0.263
Malta,MLT,1962,0.347,0.224,0.263
Malta,MLT,1963,0.663,0.502,0.229
Malta,MLT,1964,0.714,0.533,0.192
Malta,MLT,1965,0.699,0.517,0.248
Malta,MLT,1966,0.7,0.518,0.248
Malta,MLT,1967,0.701,0.518,0.248
Malta,MLT,1968,0.701,0.518,0.248
Malta,MLT,1969,0.701,0.518,0.248
Malta,MLT,1970,0.701,0.518,0.248
Malta,MLT,1971,0.693,0.503,0.248
Malta,MLT,1972,0.693,0.503,0.248
Malta,MLT,1973,0.693,0.503,0.248
Malta,MLT,1974,0.693,0.503,0.248
Malta,MLT,1975,0.693,0.503,0.248
Malta,MLT,1976,0.685,0.498,0.248
Malta,MLT,1977,0.667,0.488,0.248
Malta,MLT,1978,0.667,0.488,0.248
Malta,MLT,1979,0.667,0.488,0.248
Malta,MLT,1980,0.667,0.488,0.248
Malta,MLT,1981,0.666,0.487,0.248
Malta,MLT,1982,0.65,0.472,0.248
Malta,MLT,1983,0.65,0.472,0.248
Malta,MLT,1984,0.65,0.472,0.248
Malta,MLT,1985,0.65,0.472,0.248
Malta,MLT,1986,0.65,0.475,0.248
Malta,MLT,1987,0.713,0.528,0.248
Malta,MLT,1988,0.723,0.545,0.173
Malta,MLT,1989,0.723,0.545,0.173
Malta,MLT,1990,0.723,0.545,0.173
Malta,MLT,1991,0.738,0.557,0.173
Malta,MLT,1992,0.771,0.582,0.173
Malta,MLT,1993,0.776,0.586,0.173
Malta,MLT,1994,0.776,0.586,0.173
Malta,MLT,1995,0.776,0.586,0.173
Malta,MLT,1996,0.786,0.596,0.173
Malta,MLT,1997,0.788,0.599,0.173
Malta,MLT,1998,0.787,0.598,0.173
Malta,MLT,1999,0.786,0.597,0.173
Malta,MLT,2000,0.786,0.597,0.173
Malta,MLT,2001,0.786,0.597,0.173
Malta,MLT,2002,0.786,0.597,0.173
Malta,MLT,2003,0.788,0.599,0.173
Malta,MLT,2004,0.789,0.599,0.173
Malta,MLT,2005,0.789,0.599,0.173
Malta,MLT,2006,0.789,0.599,0.173
Malta,MLT,2007,0.784,0.596,0.187
Malta,MLT,2008,0.803,0.61,0.187
Malta,MLT,2009,0.815,0.624,0.173
Malta,MLT,2010,0.815,0.623,0.173
Malta,MLT,2011,0.815,0.623,0.173
Malta,MLT,2012,0.817,0.624,0.173
Malta,MLT,2013,0.793,0.597,0.214
Malta,MLT,2014,0.778,0.587,0.214
Malta,MLT,2015,0.778,0.584,0.214
Malta,MLT,2016,0.777,0.572,0.253
Malta,MLT,2017,0.761,0.558,0.253
Malta,MLT,2018,0.754,0.552,0.253
Malta,MLT,2019,0.767,0.569,0.261
Malta,MLT,2020,0.767,0.605,0.186
Malta,MLT,2021,0.77,0.605,0.186
Malta,MLT,2022,0.78,0.617,0.186
Malta,MLT,2023,0.783,0.623,0.186
Malta,MLT,2024,0.783,0.621,0.186
Mauritius,MUS,1960,0.356,0.332,0.303
Mauritius,MUS,1961,0.357,0.332,0.303
Mauritius,MUS,1962,0.472,0.402,0.303
Mauritius,MUS,1963,0.472,0.403,0.303
Mauritius,MUS,1964,0.466,0.398,0.303
Mauritius,MUS,1965,0.466,0.398,0.303
Mauritius,MUS,1966,0.466,0.398,0.303
Mauritius,MUS,1967,0.476,0.404,0.303
Mauritius,MUS,1968,0.636,0.54,0.477
Mauritius,MUS,1969,0.654,0.555,0.485
Mauritius,MUS,1970,0.642,0.544,0.541
Mauritius,MUS,1971,0.638,0.538,0.541
Mauritius,MUS,1972,0.638,0.54,0.541
Mauritius,MUS,1973,0.633,0.537,0.541
Mauritius,MUS,1974,0.633,0.541,0.541
Mauritius,MUS,1975,0.633,0.541,0.541
Mauritius,MUS,1976,0.652,0.56,0.541
Mauritius,MUS,1977,0.676,0.58,0.541
Mauritius,MUS,1978,0.676,0.58,0.541
Mauritius,MUS,1979,0.68,0.582,0.541
Mauritius,MUS,1980,0.69,0.591,0.541
Mauritius,MUS,1981,0.69,0.591,0.541
Mauritius,MUS,1982,0.7,0.601,0.541
Mauritius,MUS,1983,0.7,0.601,0.541
Mauritius,MUS,1984,0.701,0.6,0.541
Mauritius,MUS,1985,0.701,0.6,0.541
Mauritius,MUS,1986,0.707,0.608,0.541
Mauritius,MUS,1987,0.708,0.609,0.541
Mauritius,MUS,1988,0.71,0.611,0.541
Mauritius,MUS,1989,0.71,0.611,0.541
Mauritius,MUS,1990,0.718,0.603,0.465
Mauritius,MUS,1991,0.72,0.605,0.465
Mauritius,MUS,1992,0.719,0.609,0.465
Mauritius,MUS,1993,0.725,0.619,0.465
Mauritius,MUS,1994,0.725,0.619,0.465
Mauritius,MUS,1995,0.725,0.619,0.465
Mauritius,MUS,1996,0.723,0.617,0.465
Mauritius,MUS,1997,0.723,0.617,0.465
Mauritius,MUS,1998,0.723,0.617,0.465
Mauritius,MUS,1999,0.723,0.616,0.465
Mauritius,MUS,2000,0.73,0.641,0.465
Mauritius,MUS,2001,0.731,0.642,0.465
Mauritius,MUS,2002,0.737,0.648,0.465
Mauritius,MUS,2003,0.737,0.648,0.465
Mauritius,MUS,2004,0.737,0.648,0.465
Mauritius,MUS,2005,0.737,0.644,0.465
Mauritius,MUS,2006,0.737,0.645,0.465
Mauritius,MUS,2007,0.737,0.645,0.465
Mauritius,MUS,2008,0.737,0.641,0.465
Mauritius,MUS,2009,0.737,0.641,0.465
Mauritius,MUS,2010,0.746,0.655,0.424
Mauritius,MUS,2011,0.746,0.656,0.424
Mauritius,MUS,2012,0.746,0.656,0.424
Mauritius,MUS,2013,0.738,0.642,0.44
Mauritius,MUS,2014,0.723,0.617,0.44
Mauritius,MUS,2015,0.737,0.627,0.458
Mauritius,MUS,2016,0.731,0.62,0.458
Mauritius,MUS,2017,0.732,0.622,0.49
Mauritius,MUS,2018,0.739,0.631,0.499
Mauritius,MUS,2019,0.694,0.595,0.489
Mauritius,MUS,2020,0.549,0.451,0.49
Mauritius,MUS,2021,0.532,0.423,0.49
Mauritius,MUS,2022,0.501,0.373,0.491
Mauritius,MUS,2023,0.47,0.353,0.499
Mauritius,MUS,2024,0.495,0.371,0.455
Montenegro,MNE,1998,0.353,0.191,0.488
Montenegro,MNE,1999,0.432,0.331,0.544
Montenegro,MNE,2000,0.432,0.336,0.544
Montenegro,MNE,2001,0.457,0.348,0.544
Montenegro,MNE,2002,0.483,0.363,0.544
Montenegro,MNE,2003,0.503,0.378,0.544
Montenegro,MNE,2004,0.518,0.385,0.544
Montenegro,MNE,2005,0.522,0.388,0.544
Montenegro,MNE,2006,0.512,0.382,0.544
Montenegro,MNE,2007,0.493,0.392,0.539
Montenegro,MNE,2008,0.506,0.406,0.539
Montenegro,MNE,2009,0.511,0.41,0.539
Montenegro,MNE,2010,0.51,0.411,0.539
Montenegro,MNE,2011,0.51,0.41,0.516
Montenegro,MNE,2012,0.517,0.413,0.516
Montenegro,MNE,2013,0.494,0.394,0.525
Montenegro,MNE,2014,0.484,0.388,0.525
Montenegro,MNE,2015,0.484,0.387,0.525
Montenegro,MNE,2016,0.484,0.383,0.525
Montenegro,MNE,2017,0.474,0.375,0.525
Montenegro,MNE,2018,0.482,0.378,0.534
Montenegro,MNE,2019,0.483,0.376,0.539
Montenegro,MNE,2020,0.5,0.395,0.5
Montenegro,MNE,2021,0.534,0.432,0.487
Montenegro,MNE,2022,0.532,0.429,0.491
Montenegro,MNE,2023,0.61,0.491,0.479
Montenegro,MNE,2024,0.64,0.5,0.475
New Zealand,NZL,1960,0.82,0.731,0.009
New Zealand,NZL,1961,0.822,0.732,0.009
New Zealand,NZL,1962,0.829,0.744,0.009
New Zealand,NZL,1963,0.833,0.753,0.009
New Zealand,NZL,1964,0.831,0.751,0.009
New Zealand,NZL,1965,0.831,0.751,0.009
New Zealand,NZL,1966,0.831,0.752,0.009
New Zealand,NZL,1967,0.833,0.753,0.009
New Zealand,NZL,1968,0.833,0.753,0.009
New Zealand,NZL,1969,0.833,0.753,0.009
New Zealand,NZL,1970,0.847,0.768,0.009
New Zealand,NZL,1971,0.847,0.768,0.009
New Zealand,NZL,1972,0.847,0.769,0.009
New Zealand,NZL,1973,0.845,0.766,0.009
New Zealand,NZL,1974,0.85,0.772,0.009
New Zealand,NZL,1975,0.85,0.772,0.009
New Zealand,NZL,1976,0.853,0.778,0.009
New Zealand,NZL,1977,0.847,0.773,0.009
New Zealand,NZL,1978,0.849,0.776,0.009
New Zealand,NZL,1979,0.846,0.77,0.009
New Zealand,NZL,1980,0.849,0.775,0.009
New Zealand,NZL,1981,0.849,0.773,0.009
New Zealand,NZL,1982,0.85,0.775,0.009
New Zealand,NZL,1983,0.853,0.778,0.009
New Zealand,NZL,1984,0.862,0.788,0.009
New Zealand,NZL,1985,0.863,0.796,0.009
New Zealand,NZL,1986,0.863,0.803,0.009
New Zealand,NZL,1987,0.864,0.804,0.009
New Zealand,NZL,1988,0.866,0.806,0.009
New Zealand,NZL,1989,0.866,0.806,0.009
New Zealand,NZL,1990,0.869,0.808,0.009
New Zealand,NZL,1991,0.871,0.809,0.009
New Zealand,NZL,1992,0.871,0.809,0.009
New Zealand,NZL,1993,0.874,0.814,0.009
New Zealand,NZL,1994,0.872,0.813,0.009
New Zealand,NZL,1995,0.872,0.813,0.009
New Zealand,NZL,1996,0.879,0.82,0.009
New Zealand,NZL,1997,0.88,0.825,0.009
New Zealand,NZL,1998,0.88,0.825,0.009
New Zealand,NZL,1999,0.88,0.825,0.009
New Zealand,NZL,2000,0.881,0.827,0.009
New Zealand,NZL,2001,0.881,0.827,0.009
New Zealand,NZL,2002,0.881,0.826,0.009
New Zealand,NZL,2003,0.88,0.825,0.009
New Zealand,NZL,2004,0.88,0.825,0.009
New Zealand,NZL,2005,0.879,0.824,0.009
New Zealand,NZL,2006,0.878,0.822,0.009
New Zealand,NZL,2007,0.878,0.822,0.009
New Zealand,NZL,2008,0.88,0.825,0.009
New Zealand,NZL,2009,0.893,0.839,0.009
New Zealand,NZL,2010,0.893,0.839,0.009
New Zealand,NZL,2011,0.891,0.837,0.009
New Zealand,NZL,2012,0.893,0.84,0.009
New Zealand,NZL,2013,0.887,0.832,0.009
New Zealand,NZL,2014,0.886,0.831,0.009
New Zealand,NZL,2015,0.883,0.828,0.009
New Zealand,NZL,2016,0.883,0.828,0.009
New Zealand,NZL,2017,0.879,0.822,0.009
New Zealand,NZL,2018,0.888,0.833,0.009
New Zealand,NZL,2019,0.885,0.831,0.009
New Zealand,NZL,2020,0.882,0.826,0.009
New Zealand,NZL,2021,0.874,0.813,0.008
New Zealand,NZL,2022,0.878,0.822,0.008
New Zealand,NZL,2023,0.88,0.824,0.008
New Zealand,NZL,2024,0.868,0.811,0.011
Norway,NOR,1960,0.828,0.769,0.006
Norway,NOR,1961,0.829,0.77,0.006
Norway,NOR,1962,0.83,0.771,0.006
Norway,NOR,1963,0.83,0.771,0.006
Norway,NOR,1964,0.83,0.784,0.006
Norway,NOR,1965,0.829,0.789,0.006
Norway,NOR,1966,0.828,0.787,0.006
Norway,NOR,1967,0.828,0.787,0.006
Norway,NOR,1968,0.828,0.787,0.006
Norway,NOR,1969,0.829,0.788,0.006
Norway,NOR,1970,0.844,0.804,0.006
Norway,NOR,1971,0.844,0.804,0.006
Norway,NOR,1972,0.844,0.804,0.006
Norway,NOR,1973,0.844,0.804,0.006
Norway,NOR,1974,0.844,0.804,0.006
Norway,NOR,1975,0.844,0.804,0.006
Norway,NOR,1976,0.844,0.804,0.006
Norway,NOR,1977,0.844,0.804,0.006
Norway,NOR,1978,0.845,0.806,0.006
Norway,NOR,1979,0.845,0.806,0.006
Norway,NOR,1980,0.864,0.827,0.006
Norway,NOR,1981,0.864,0.828,0.006
Norway,NOR,1982,0.863,0.828,0.006
Norway,NOR,1983,0.863,0.828,0.006
Norway,NOR,1984,0.863,0.828,0.006
Norway,NOR,1985,0.863,0.828,0.006
Norway,NOR,1986,0.865,0.83,0.006
Norway,NOR,1987,0.865,0.83,0.006
Norway,NOR,1988,0.865,0.83,0.006
Norway,NOR,1989,0.864,0.829,0.006
Norway,NOR,1990,0.88,0.845,0.006
Norway,NOR,1991,0.88,0.845,0.006
Norway,NOR,1992,0.88,0.845,0.006
Norway,NOR,1993,0.88,0.846,0.006
Norway,NOR,1994,0.881,0.847,0.006
Norway,NOR,1995,0.881,0.847,0.006
Norway,NOR,1996,0.881,0.847,0.006
Norway,NOR,1997,0.881,0.847,0.006
Norway,NOR,1998,0.882,0.848,0.006
Norway,NOR,1999,0.882,0.848,0.006
Norway,NOR,2000,0.891,0.857,0.006
Norway,NOR,2001,0.892,0.858,0.006
Norway,NOR,2002,0.893,0.86,0.006
Norway,NOR,2003,0.893,0.86,0.006
Norway,NOR,2004,0.893,0.86,0.006
Norway,NOR,2005,0.895,0.862,0.006
Norway,NOR,2006,0.898,0.864,0.006
Norway,NOR,2007,0.898,0.864,0.006
Norway,NOR,2008,0.898,0.864,0.006
Norway,NOR,2009,0.899,0.866,0.006
Norway,NOR,2010,0.901,0.869,0.006
Norway,NOR,2011,0.901,0.869,0.006
Norway,NOR,2012,0.901,0.869,0.006
Norway,NOR,2013,0.897,0.863,0.006
Norway,NOR,2014,0.9,0.866,0.006
Norway,NOR,2015,0.904,0.871,0.006
Norway,NOR,2016,0.891,0.859,0.006
Norway,NOR,2017,0.888,0.855,0.009
Norway,NOR,2018,0.883,0.847,0.008
Norway,NOR,2019,0.889,0.852,0.008
Norway,NOR,2020,0.888,0.84,0.01
Norway,NOR,2021,0.892,0.843,0.01
Norway,NOR,2022,0.892,0.842,0.01
Norway,NOR,2023,0.89,0.841,0.01
Norway,NOR,2024,0.889,0.847,0.01
Oman,OMN,1960,0.007,0.025,0.499
Oman,OMN,1961,0.007,0.025,0.499
Oman,OMN,1962,0.007,0.025,0.499
Oman,OMN,1963,0.007,0.024,0.499
Oman,OMN,1964,0.007,0.024,0.499
Oman,OMN,1965,0.007,0.022,0.499
Oman,OMN,1966,0.007,0.022,0.499
Oman,OMN,1967,0.007,0.022,0.499
Oman,OMN,1968,0.007,0.022,0.499
Oman,OMN,1969,0.007,0.022,0.499
Oman,OMN,1970,0.012,0.044,0.375
Oman,OMN,1971,0.012,0.049,0.375
Oman,OMN,1972,0.013,0.049,0.375
Oman,OMN,1973,0.013,0.049,0.375
Oman,OMN,1974,0.013,0.054,0.375
Oman,OMN,1975,0.013,0.053,0.375
Oman,OMN,1976,0.013,0.057,0.375
Oman,OMN,1977,0.015,0.061,0.375
Oman,OMN,1978,0.015,0.061,0.372
Oman,OMN,1979,0.015,0.061,0.372
Oman,OMN,1980,0.015,0.062,0.372
Oman,OMN,1981,0.015,0.062,0.372
Oman,OMN,1982,0.015,0.064,0.372
Oman,OMN,1983,0.015,0.064,0.375
Oman,OMN,1984,0.015,0.064,0.375
Oman,OMN,1985,0.015,0.064,0.375
Oman,OMN,1986,0.015,0.065,0.375
Oman,OMN,1987,0.015,0.065,0.375
Oman,OMN,1988,0.015,0.066,0.375
Oman,OMN,1989,0.015,0.066,0.375
Oman,OMN,1990,0.014,0.066,0.375
Oman,OMN,1991,0.014,0.069,0.375
Oman,OMN,1992,0.014,0.084,0.346
Oman,OMN,1993,0.014,0.084,0.346
Oman,OMN,1994,0.015,0.084,0.346
Oman,OMN,1995,0.015,0.084,0.351
Oman,OMN,1996,0.015,0.086,0.277
Oman,OMN,1997,0.015,0.086,0.277
Oman,OMN,1998,0.017,0.086,0.277
Oman,OMN,1999,0.017,0.087,0.277
Oman,OMN,2000,0.051,0.104,0.277
Oman,OMN,2001,0.101,0.111,0.259
Oman,OMN,2002,0.148,0.122,0.259
Oman,OMN,2003,0.151,0.123,0.272
Oman,OMN,2004,0.156,0.124,0.272
Oman,OMN,2005,0.156,0.125,0.272
Oman,OMN,2006,0.157,0.127,0.272
Oman,OMN,2007,0.157,0.125,0.272
Oman,OMN,2008,0.157,0.126,0.272
Oman,OMN,2009,0.157,0.126,0.272
Oman,OMN,2010,0.156,0.126,0.272
Oman,OMN,2011,0.167,0.136,0.255
Oman,OMN,2012,0.171,0.138,0.255
Oman,OMN,2013,0.171,0.139,0.255
Oman,OMN,2014,0.172,0.14,0.255
Oman,OMN,2015,0.172,0.141,0.255
Oman,OMN,2016,0.175,0.141,0.255
Oman,OMN,2017,0.176,0.14,0.255
Oman,OMN,2018,0.176,0.141,0.255
Oman,OMN,2019,0.176,0.141,0.25
Oman,OMN,2020,0.174,0.137,0.25
Oman,OMN,2021,0.174,0.14,0.25
Oman,OMN,2022,0.172,0.138,0.253
Oman,OMN,2023,0.172,0.139,0.253
Oman,OMN,2024,0.175,0.139,0.253
Paraguay,PRY,1960,0.084,0.024,0.906
Paraguay,PRY,1961,0.116,0.033,0.92
Paraguay,PRY,1962,0.149,0.037,0.92
Paraguay,PRY,1963,0.156,0.039,0.927
Paraguay,PRY,1964,0.159,0.039,0.927
Paraguay,PRY,1965,0.159,0.039,0.927
Paraguay,PRY,1966,0.159,0.043,0.96
Paraguay,PRY,1967,0.159,0.043,0.96
Paraguay,PRY,1968,0.159,0.042,0.96
Paraguay,PRY,1969,0.161,0.042,0.96
Paraguay,PRY,1970,0.161,0.042,0.96
Paraguay,PRY,1971,0.161,0.042,0.96
Paraguay,PRY,1972,0.161,0.042,0.96
Paraguay,PRY,1973,0.161,0.042,0.96
Paraguay,PRY,1974,0.161,0.042,0.96
Paraguay,PRY,1975,0.161,0.042,0.96
Paraguay,PRY,1976,0.161,0.042,0.96
Paraguay,PRY,1977,0.16,0.042,0.96
Paraguay,PRY,1978,0.16,0.042,0.96
Paraguay,PRY,1979,0.16,0.042,0.96
Paraguay,PRY,1980,0.162,0.045,0.96
Paraguay,PRY,1981,0.162,0.045,0.96
Paraguay,PRY,1982,0.162,0.045,0.96
Paraguay,PRY,1983,0.163,0.045,0.96
Paraguay,PRY,1984,0.163,0.045,0.96
Paraguay,PRY,1985,0.164,0.045,0.96
Paraguay,PRY,1986,0.164,0.047,0.96
Paraguay,PRY,1987,0.166,0.05,0.96
Paraguay,PRY,1988,0.167,0.051,0.96
Paraguay,PRY,1989,0.191,0.075,0.943
Paraguay,PRY,1990,0.384,0.208,0.931
Paraguay,PRY,1991,0.401,0.215,0.931
Paraguay,PRY,1992,0.481,0.35,0.916
Paraguay,PRY,1993,0.512,0.364,0.893
Paraguay,PRY,1994,0.518,0.377,0.893
Paraguay,PRY,1995,0.518,0.377,0.893
Paraguay,PRY,1996,0.523,0.38,0.893
Paraguay,PRY,1997,0.527,0.383,0.893
Paraguay,PRY,1998,0.532,0.386,0.893
Paraguay,PRY,1999,0.535,0.385,0.896
Paraguay,PRY,2000,0.54,0.391,0.871
Paraguay,PRY,2001,0.54,0.391,0.871
Paraguay,PRY,2002,0.54,0.391,0.871
Paraguay,PRY,2003,0.565,0.409,0.825
Paraguay,PRY,2004,0.595,0.428,0.81
Paraguay,PRY,2005,0.595,0.427,0.81
Paraguay,PRY,2006,0.595,0.433,0.81
Paraguay,PRY,2007,0.595,0.446,0.809
Paraguay,PRY,2008,0.62,0.493,0.757
Paraguay,PRY,2009,0.631,0.502,0.757
Paraguay,PRY,2010,0.639,0.509,0.757
Paraguay,PRY,2011,0.63,0.503,0.757
Paraguay,PRY,2012,0.608,0.48,0.804
Paraguay,PRY,2013,0.585,0.407,0.828
Paraguay,PRY,2014,0.595,0.414,0.825
Paraguay,PRY,2015,0.593,0.416,0.837
Paraguay,PRY,2016,0.589,0.414,0.837
Paraguay,PRY,2017,0.596,0.418,0.832
Paraguay,PRY,2018,0.583,0.417,0.786
Paraguay,PRY,2019,0.585,0.42,0.791
Paraguay,PRY,2020,0.578,0.42,0.765
Paraguay,PRY,2021,0.578,0.427,0.766
Paraguay,PRY,2022,0.578,0.43,0.775
Paraguay,PRY,2023,0.576,0.42,0.775
Paraguay,PRY,2024,0.581,0.39,0.801
Romania,ROU,1960,0.154,0.033,0.293
Romania,ROU,1961,0.186,0.041,0.293
Romania,ROU,1962,0.187,0.041,0.293
Romania,ROU,1963,0.187,0.041,0.293
Romania,ROU,1964,0.187,0.041,0.293
Romania,ROU,1965,0.187,0.042,0.293
Romania,ROU,1966,0.186,0.042,0.311
Romania,ROU,1967,0.186,0.042,0.311
Romania,ROU,1968,0.186,0.043,0.311
Romania,ROU,1969,0.186,0.042,0.311
Romania,ROU,1970,0.186,0.042,0.311
Romania,ROU,1971,0.186,0.042,0.311
Romania,ROU,1972,0.186,0.042,0.311
Romania,ROU,1973,0.186,0.042,0.311
Romania,ROU,1974,0.186,0.042,0.324
Romania,ROU,1975,0.186,0.042,0.324
Romania,ROU,1976,0.186,0.042,0.324
Romania,ROU,1977,0.186,0.042,0.324
Romania,ROU,1978,0.186,0.042,0.324
Romania,ROU,1979,0.186,0.042,0.324
Romania,ROU,1980,0.186,0.042,0.324
Romania,ROU,1981,0.186,0.042,0.324
Romania,ROU,1982,0.186,0.042,0.324
Romania,ROU,1983,0.186,0.042,0.324
Romania,ROU,1984,0.186,0.042,0.324
Romania,ROU,1985,0.186,0.042,0.324
Romania,ROU,1986,0.185,0.042,0.324
Romania,ROU,1987,0.185,0.042,0.324
Romania,ROU,1988,0.185,0.042,0.324
Romania,ROU,1989,0.185,0.042,0.372
Romania,ROU,1990,0.522,0.298,0.646
Romania,ROU,1991,0.545,0.328,0.709
Romania,ROU,1992,0.553,0.363,0.709
Romania,ROU,1993,0.562,0.392,0.709
Romania,ROU,1994,0.562,0.392,0.709
Romania,ROU,1995,0.562,0.392,0.709
Romania,ROU,1996,0.573,0.408,0.709
Romania,ROU,1997,0.619,0.438,0.709
Romania,ROU,1998,0.619,0.438,0.709
Romania,ROU,1999,0.619,0.435,0.709
Romania,ROU,2000,0.611,0.432,0.78
Romania,ROU,2001,0.597,0.424,0.779
Romania,ROU,2002,0.597,0.424,0.779
Romania,ROU,2003,0.609,0.437,0.779
Romania,ROU,2004,0.592,0.435,0.711
Romania,ROU,2005,0.61,0.468,0.696
Romania,ROU,2006,0.611,0.471,0.685
Romania,ROU,2007,0.609,0.484,0.663
Romania,ROU,2008,0.621,0.495,0.646
Romania,ROU,2009,0.666,0.529,0.63
Romania,ROU,2010,0.68,0.55,0.589
Romania,ROU,2011,0.684,0.553,0.589
Romania,ROU,2012,0.674,0.54,0.588
Romania,ROU,2013,0.672,0.563,0.467
Romania,ROU,2014,0.676,0.57,0.439
Romania,ROU,2015,0.716,0.609,0.439
Romania,ROU,2016,0.733,0.63,0.352
Romania,ROU,2017,0.695,0.532,0.461
Romania,ROU,2018,0.692,0.483,0.499
Romania,ROU,2019,0.75,0.555,0.384
Romania,ROU,2020,0.805,0.676,0.347
Romania,ROU,2021,0.766,0.611,0.295
Romania,ROU,2022,0.691,0.542,0.32
Romania,ROU,2023,0.677,0.503,0.327
Romania,ROU,2024,0.628,0.449,0.389
Sao Tome and Principe,STP,1960,0.028,0.083,0.277
Sao Tome and Principe,STP,1961,0.028,0.084,0.277
Sao Tome and Principe,STP,1962,0.028,0.085,0.277
Sao Tome and Principe,STP,1963,0.028,0.085,0.277
Sao Tome and Principe,STP,1964,0.028,0.086,0.277
Sao Tome and Principe,STP,1965,0.028,0.086,0.277
Sao Tome and Principe,STP,1966,0.028,0.086,0.277
Sao Tome and Principe,STP,1967,0.028,0.086,0.277
Sao Tome and Principe,STP,1968,0.028,0.086,0.277
Sao Tome and Principe,STP,1969,0.028,0.086,0.277
Sao Tome and Principe,STP,1970,0.028,0.086,0.277
Sao Tome and Principe,STP,1971,0.028,0.086,0.277
Sao Tome and Principe,STP,1972,0.041,0.087,0.277
Sao Tome and Principe,STP,1973,0.041,0.104,0.277
Sao Tome and Principe,STP,1974,0.041,0.099,0.288
Sao Tome and Principe,STP,1975,0.155,0.148,0.172
Sao Tome and Principe,STP,1976,0.158,0.159,0.172
Sao Tome and Principe,STP,1977,0.158,0.159,0.172
Sao Tome and Principe,STP,1978,0.158,0.159,0.172
Sao Tome and Principe,STP,1979,0.158,0.159,0.172
Sao Tome and Principe,STP,1980,0.158,0.159,0.172
Sao Tome and Principe,STP,1981,0.158,0.159,0.172
Sao Tome and Principe,STP,1982,0.158,0.159,0.172
Sao Tome and Principe,STP,1983,0.158,0.159,0.172
Sao Tome and Principe,STP,1984,0.158,0.159,0.172
Sao Tome and Principe,STP,1985,0.158,0.159,0.172
Sao Tome and Principe,STP,1986,0.158,0.159,0.172
Sao Tome and Principe,STP,1987,0.189,0.168,0.172
Sao Tome and Principe,STP,1988,0.189,0.168,0.172
Sao Tome and Principe,STP,1989,0.189,0.168,0.172
Sao Tome and Principe,STP,1990,0.234,0.201,0.183
Sao Tome and Principe,STP,1991,0.54,0.403,0.253
Sao Tome and Principe,STP,1992,0.623,0.493,0.253
Sao Tome and Principe,STP,1993,0.631,0.501,0.253
Sao Tome and Principe,STP,1994,0.633,0.503,0.253
Sao Tome and Principe,STP,1995,0.64,0.508,0.253
Sao Tome and Principe,STP,1996,0.626,0.5,0.253
Sao Tome and Principe,STP,1997,0.614,0.492,0.253
Sao Tome and Principe,STP,1998,0.618,0.495,0.253
Sao Tome and Principe,STP,1999,0.642,0.513,0.253
Sao Tome and Principe,STP,2000,0.642,0.509,0.33
Sao Tome and Principe,STP,2001,0.644,0.511,0.33
Sao Tome and Principe,STP,2002,0.637,0.505,0.33
Sao Tome and Principe,STP,2003,0.637,0.511,0.33
Sao Tome and Principe,STP,2004,0.637,0.517,0.326
Sao Tome and Principe,STP,2005,0.641,0.524,0.326
Sao Tome and Principe,STP,2006,0.642,0.526,0.326
Sao Tome and Principe,STP,2007,0.643,0.527,0.326
Sao Tome and Principe,STP,2008,0.643,0.527,0.326
Sao Tome and Principe,STP,2009,0.643,0.527,0.326
Sao Tome and Principe,STP,2010,0.653,0.536,0.314
Sao Tome and Principe,STP,2011,0.657,0.54,0.314
Sao Tome and Principe,STP,2012,0.654,0.537,0.314
Sao Tome and Principe,STP,2013,0.655,0.547,0.309
Sao Tome and Principe,STP,2014,0.657,0.548,0.3
Sao Tome and Principe,STP,2015,0.664,0.554,0.3
Sao Tome and Principe,STP,2016,0.658,0.548,0.3
Sao Tome and Principe,STP,2017,0.647,0.537,0.295
Sao Tome and Principe,STP,2018,0.65,0.531,0.298
Sao Tome and Principe,STP,2019,0.67,0.556,0.266
Sao Tome and Principe,STP,2020,0.66,0.557,0.289
Sao Tome and Principe,STP,2021,0.657,0.554,0.289
Sao Tome and Principe,STP,2022,0.65,0.542,0.289
Sao Tome and Principe,STP,2023,0.644,0.54,0.285
Sao Tome and Principe,STP,2024,0.632,0.519,0.285
Saudi Arabia,SAU,1960,0.014,0.038,0.458
Saudi Arabia,SAU,1961,0.014,0.038,0.458
Saudi Arabia,SAU,1962,0.014,0.04,0.446
Saudi Arabia,SAU,1963,0.014,0.042,0.439
Saudi Arabia,SAU,1964,0.014,0.042,0.439
Saudi Arabia,SAU,1965,0.014,0.042,0.433
Saudi Arabia,SAU,1966,0.014,0.042,0.433
Saudi Arabia,SAU,1967,0.014,0.042,0.433
Saudi Arabia,SAU,1968,0.014,0.042,0.433
Saudi Arabia,SAU,1969,0.014,0.042,0.433
Saudi Arabia,SAU,1970,0.013,0.041,0.433
Saudi Arabia,SAU,1971,0.013,0.041,0.433
Saudi Arabia,SAU,1972,0.013,0.041,0.433
Saudi Arabia,SAU,1973,0.013,0.036,0.433
Saudi Arabia,SAU,1974,0.014,0.036,0.433
Saudi Arabia,SAU,1975,0.013,0.037,0.437
Saudi Arabia,SAU,1976,0.013,0.037,0.431
Saudi Arabia,SAU,1977,0.013,0.037,0.431
Saudi Arabia,SAU,1978,0.013,0.037,0.431
Saudi Arabia,SAU,1979,0.014,0.037,0.431
Saudi Arabia,SAU,1980,0.014,0.037,0.431
Saudi Arabia,SAU,1981,0.014,0.037,0.431
Saudi Arabia,SAU,1982,0.014,0.037,0.431
Saudi Arabia,SAU,1983,0.014,0.036,0.431
Saudi Arabia,SAU,1984,0.014,0.036,0.431
Saudi Arabia,SAU,1985,0.014,0.036,0.431
Saudi Arabia,SAU,1986,0.014,0.037,0.431
Saudi Arabia,SAU,1987,0.014,0.037,0.431
Saudi Arabia,SAU,1988,0.014,0.037,0.431
Saudi Arabia,SAU,1989,0.014,0.037,0.431
Saudi Arabia,SAU,1990,0.013,0.037,0.431
Saudi Arabia,SAU,1991,0.013,0.037,0.431
Saudi Arabia,SAU,1992,0.013,0.039,0.431
Saudi Arabia,SAU,1993,0.016,0.039,0.431
Saudi Arabia,SAU,1994,0.016,0.039,0.431
Saudi Arabia,SAU,1995,0.015,0.039,0.431
Saudi Arabia,SAU,1996,0.016,0.039,0.47
Saudi Arabia,SAU,1997,0.016,0.039,0.47
Saudi Arabia,SAU,1998,0.016,0.039,0.47
Saudi Arabia,SAU,1999,0.016,0.039,0.47
Saudi Arabia,SAU,2000,0.017,0.04,0.47
Saudi Arabia,SAU,2001,0.018,0.039,0.47
Saudi Arabia,SAU,2002,0.018,0.039,0.469
Saudi Arabia,SAU,2003,0.018,0.039,0.469
Saudi Arabia,SAU,2004,0.018,0.039,0.469
Saudi Arabia,SAU,2005,0.019,0.042,0.469
Saudi Arabia,SAU,2006,0.019,0.043,0.469
Saudi Arabia,SAU,2007,0.019,0.043,0.469
Saudi Arabia,SAU,2008,0.019,0.044,0.469
Saudi Arabia,SAU,2009,0.019,0.045,0.469
Saudi Arabia,SAU,2010,0.02,0.046,0.469
Saudi Arabia,SAU,2011,0.02,0.046,0.469
Saudi Arabia,SAU,2012,0.019,0.046,0.469
Saudi Arabia,SAU,2013,0.018,0.046,0.469
Saudi Arabia,SAU,2014,0.017,0.046,0.469
Saudi Arabia,SAU,2015,0.016,0.046,0.469
Saudi Arabia,SAU,2016,0.016,0.044,0.469
Saudi Arabia,SAU,2017,0.014,0.043,0.469
Saudi Arabia,SAU,2018,0.015,0.042,0.447
Saudi Arabia,SAU,2019,0.015,0.045,0.404
Saudi Arabia,SAU,2020,0.014,0.045,0.39
Saudi Arabia,SAU,2021,0.015,0.045,0.38
Saudi Arabia,SAU,2022,0.015,0.046,0.326
Saudi Arabia,SAU,2023,0.014,0.045,0.326
Saudi Arabia,SAU,2024,0.015,0.047,0.326
Serbia,SRB,1960,0.092,0.097,0.648
Serbia,SRB,1961,0.092,0.097,0.648
Serbia,SRB,1962,0.092,0.097,0.648
Serbia,SRB,1963,0.092,0.113,0.648
Serbia,SRB,1964,0.092,0.113,0.648
Serbia,SRB,1965,0.092,0.116,0.648
Serbia,SRB,1966,0.092,0.116,0.648
Serbia,SRB,1967,0.094,0.117,0.648
Serbia,SRB,1968,0.094,0.117,0.648
Serbia,SRB,1969,0.093,0.117,0.648
Serbia,SRB,1970,0.094,0.117,0.665
Serbia,SRB,1971,0.094,0.117,0.665
Serbia,SRB,1972,0.093,0.117,0.665
Serbia,SRB,1973,0.093,0.117,0.665
Serbia,SRB,1974,0.091,0.12,0.665
Serbia,SRB,1975,0.094,0.122,0.665
Serbia,SRB,1976,0.094,0.122,0.665
Serbia,SRB,1977,0.094,0.122,0.665
Serbia,SRB,1978,0.094,0.122,0.665
Serbia,SRB,1979,0.094,0.12,0.657
Serbia,SRB,1980,0.114,0.125,0.662
Serbia,SRB,1981,0.135,0.133,0.679
Serbia,SRB,1982,0.135,0.135,0.679
Serbia,SRB,1983,0.135,0.135,0.679
Serbia,SRB,1984,0.135,0.135,0.679
Serbia,SRB,1985,0.135,0.135,0.679
Serbia,SRB,1986,0.135,0.135,0.679
Serbia,SRB,1987,0.137,0.135,0.679
Serbia,SRB,1988,0.137,0.138,0.679
Serbia,SRB,1989,0.136,0.129,0.718
Serbia,SRB,1990,0.2,0.15,0.822
Serbia,SRB,1991,0.164,0.103,0.85
Serbia,SRB,1992,0.238,0.15,0.865
Serbia,SRB,1993,0.288,0.181,0.884
Serbia,SRB,1994,0.288,0.18,0.884
Serbia,SRB,1995,0.288,0.18,0.884
Serbia,SRB,1996,0.293,0.185,0.884
Serbia,SRB,1997,0.299,0.188,0.884
Serbia,SRB,1998,0.298,0.185,0.884
Serbia,SRB,1999,0.298,0.185,0.884
Serbia,SRB,2000,0.364,0.272,0.835
Serbia,SRB,2001,0.584,0.481,0.634
Serbia,SRB,2002,0.61,0.499,0.621
Serbia,SRB,2003,0.646,0.53,0.621
Serbia,SRB,2004,0.634,0.521,0.63
Serbia,SRB,2005,0.634,0.523,0.63
Serbia,SRB,2006,0.633,0.524,0.63
Serbia,SRB,2007,0.628,0.527,0.63
Serbia,SRB,2008,0.628,0.525,0.637
Serbia,SRB,2009,0.623,0.521,0.638
Serbia,SRB,2010,0.61,0.503,0.638
Serbia,SRB,2011,0.607,0.501,0.638
Serbia,SRB,2012,0.593,0.486,0.653
Serbia,SRB,2013,0.502,0.401,0.652
Serbia,SRB,2014,0.44,0.35,0.654
Serbia,SRB,2015,0.422,0.341,0.654
Serbia,SRB,2016,0.411,0.321,0.709
Serbia,SRB,2017,0.376,0.29,0.694
Serbia,SRB,2018,0.354,0.283,0.67
Serbia,SRB,2019,0.365,0.28,0.636
Serbia,SRB,2020,0.349,0.244,0.671
Serbia,SRB,2021,0.336,0.236,0.722
Serbia,SRB,2022,0.357,0.259,0.694
Serbia,SRB,2023,0.36,0.248,0.686
Serbia,SRB,2024,0.315,0.225,0.76
Seychelles,SYC,1960,0.128,0.15,0.164
Seychelles,SYC,1961,0.127,0.149,0.164
Seychelles,SYC,1962,0.127,0.149,0.164
Seychelles,SYC,1963,0.132,0.151,0.164
Seychelles,SYC,1964,0.156,0.157,0.164
Seychelles,SYC,1965,0.165,0.16,0.164
Seychelles,SYC,1966,0.166,0.16,0.164
Seychelles,SYC,1967,0.235,0.181,0.164
Seychelles,SYC,1968,0.237,0.181,0.164
Seychelles,SYC,1969,0.237,0.181,0.164
Seychelles,SYC,1970,0.252,0.195,0.164
Seychelles,SYC,1971,0.329,0.233,0.215
Seychelles,SYC,1972,0.315,0.217,0.215
Seychelles,SYC,1973,0.315,0.217,0.215
Seychelles,SYC,1974,0.272,0.2,0.215
Seychelles,SYC,1975,0.266,0.198,0.215
Seychelles,SYC,1976,0.289,0.218,0.382
Seychelles,SYC,1977,0.17,0.129,0.436
Seychelles,SYC,1978,0.098,0.094,0.409
Seychelles,SYC,1979,0.15,0.147,0.46
Seychelles,SYC,1980,0.2,0.165,0.46
Seychelles,SYC,1981,0.2,0.165,0.46
Seychelles,SYC,1982,0.201,0.166,0.46
Seychelles,SYC,1983,0.201,0.167,0.46
Seychelles,SYC,1984,0.201,0.167,0.46
Seychelles,SYC,1985,0.206,0.173,0.46
Seychelles,SYC,1986,0.207,0.171,0.46
Seychelles,SYC,1987,0.207,0.171,0.46
Seychelles,SYC,1988,0.202,0.17,0.46
Seychelles,SYC,1989,0.205,0.171,0.46
Seychelles,SYC,1990,0.21,0.178,0.46
Seychelles,SYC,1991,0.218,0.18,0.46
Seychelles,SYC,1992,0.279,0.213,0.432
Seychelles,SYC,1993,0.34,0.248,0.432
Seychelles,SYC,1994,0.353,0.253,0.432
Seychelles,SYC,1995,0.362,0.257,0.432
Seychelles,SYC,1996,0.36,0.255,0.432
Seychelles,SYC,1997,0.365,0.258,0.432
Seychelles,SYC,1998,0.367,0.259,0.432
Seychelles,SYC,1999,0.368,0.259,0.432
Seychelles,SYC,2000,0.368,0.264,0.432
Seychelles,SYC,2001,0.359,0.259,0.432
Seychelles,SYC,2002,0.361,0.263,0.4
Seychelles,SYC,2003,0.396,0.305,0.356
Seychelles,SYC,2004,0.439,0.347,0.324
Seychelles,SYC,2005,0.44,0.348,0.303
Seychelles,SYC,2006,0.449,0.352,0.303
Seychelles,SYC,2007,0.474,0.368,0.303
Seychelles,SYC,2008,0.48,0.373,0.303
Seychelles,SYC,2009,0.478,0.371,0.296
Seychelles,SYC,2010,0.478,0.373,0.256
Seychelles,SYC,2011,0.479,0.377,0.256
Seychelles,SYC,2012,0.477,0.373,0.256
Seychelles,SYC,2013,0.491,0.396,0.256
Seychelles,SYC,2014,0.495,0.4,0.25
Seychelles,SYC,2015,0.518,0.427,0.207
Seychelles,SYC,2016,0.585,0.491,0.206
Seychelles,SYC,2017,0.599,0.509,0.155
Seychelles,SYC,2018,0.605,0.524,0.155
Seychelles,SYC,2019,0.621,0.535,0.155
Seychelles,SYC,2020,0.666,0.575,0.076
Seychelles,SYC,2021,0.711,0.634,0.076
Seychelles,SYC,2022,0.735,0.648,0.066
Seychelles,SYC,2023,0.728,0.641,0.047
Seychelles,SYC,2024,0.737,0.652,0.047
Singapore,SGP,1960,0.408,0.295,0.112
Singapore,SGP,1961,0.408,0.295,0.112
Singapore,SGP,1962,0.408,0.295,0.039
Singapore,SGP,1963,0.405,0.3,0.039
Singapore,SGP,1964,0.335,0.266,0.039
Singapore,SGP,1965,0.31,0.258,0.031
Singapore,SGP,1966,0.308,0.258,0.031
Singapore,SGP,1967,0.308,0.262,0.031
Singapore,SGP,1968,0.312,0.264,0.031
Singapore,SGP,1969,0.313,0.265,0.031
Singapore,SGP,1970,0.313,0.269,0.026
Singapore,SGP,1971,0.313,0.269,0.026
Singapore,SGP,1972,0.317,0.271,0.026
Singapore,SGP,1973,0.326,0.274,0.026
Singapore,SGP,1974,0.326,0.274,0.026
Singapore,SGP,1975,0.326,0.275,0.012
Singapore,SGP,1976,0.326,0.273,0.01
Singapore,SGP,1977,0.325,0.273,0.01
Singapore,SGP,1978,0.325,0.273,0.01
Singapore,SGP,1979,0.325,0.273,0.01
Singapore,SGP,1980,0.333,0.28,0.01
Singapore,SGP,1981,0.341,0.284,0.01
Singapore,SGP,1982,0.341,0.284,0.01
Singapore,SGP,1983,0.341,0.284,0.01
Singapore,SGP,1984,0.341,0.284,0.01
Singapore,SGP,1985,0.341,0.285,0.01
Singapore,SGP,1986,0.348,0.288,0.01
Singapore,SGP,1987,0.352,0.29,0.01
Singapore,SGP,1988,0.353,0.29,0.01
Singapore,SGP,1989,0.352,0.29,0.01
Singapore,SGP,1990,0.365,0.299,0.01
Singapore,SGP,1991,0.368,0.301,0.01
Singapore,SGP,1992,0.36,0.297,0.01
Singapore,SGP,1993,0.36,0.297,0.01
Singapore,SGP,1994,0.361,0.297,0.01
Singapore,SGP,1995,0.361,0.297,0.01
Singapore,SGP,1996,0.362,0.299,0.01
Singapore,SGP,1997,0.375,0.304,0.01
Singapore,SGP,1998,0.375,0.304,0.01
Singapore,SGP,1999,0.371,0.301,0.01
Singapore,SGP,2000,0.378,0.309,0.01
Singapore,SGP,2001,0.378,0.309,0.01
Singapore,SGP,2002,0.377,0.308,0.01
Singapore,SGP,2003,0.377,0.308,0.01
Singapore,SGP,2004,0.377,0.308,0.01
Singapore,SGP,2005,0.375,0.307,0.01
Singapore,SGP,2006,0.386,0.311,0.01
Singapore,SGP,2007,0.384,0.311,0.01
Singapore,SGP,2008,0.387,0.311,0.01
Singapore,SGP,2009,0.39,0.314,0.01
Singapore,SGP,2010,0.39,0.314,0.01
Singapore,SGP,2011,0.403,0.324,0.01
Singapore,SGP,2012,0.419,0.334,0.01
Singapore,SGP,2013,0.414,0.33,0.01
Singapore,SGP,2014,0.414,0.33,0.01
Singapore,SGP,2015,0.416,0.331,0.01
Singapore,SGP,2016,0.424,0.337,0.01
Singapore,SGP,2017,0.425,0.345,0.01
Singapore,SGP,2018,0.409,0.336,0.01
Singapore,SGP,2019,0.403,0.33,0.01
Singapore,SGP,2020,0.402,0.332,0.008
Singapore,SGP,2021,0.395,0.329,0.008
Singapore,SGP,2022,0.395,0.328,0.008
Singapore,SGP,2023,0.405,0.334,0.013
Singapore,SGP,2024,0.418,0.348,0.032
Slovakia,SVK,1993,0.75,0.628,0.372
Slovakia,SVK,1994,0.704,0.539,0.38
Slovakia,SVK,1995,0.702,0.537,0.38
Slovakia,SVK,1996,0.702,0.537,0.38
Slovakia,SVK,1997,0.702,0.54,0.38
Slovakia,SVK,1998,0.765,0.626,0.33
Slovakia,SVK,1999,0.844,0.745,0.318
Slovakia,SVK,2000,0.849,0.75,0.318
Slovakia,SVK,2001,0.849,0.75,0.318
Slovakia,SVK,2002,0.847,0.748,0.318
Slovakia,SVK,2003,0.843,0.746,0.318
Slovakia,SVK,2004,0.845,0.748,0.318
Slovakia,SVK,2005,0.845,0.748,0.318
Slovakia,SVK,2006,0.82,0.723,0.324
Slovakia,SVK,2007,0.835,0.736,0.311
Slovakia,SVK,2008,0.834,0.735,0.311
Slovakia,SVK,2009,0.835,0.734,0.311
Slovakia,SVK,2010,0.85,0.752,0.295
Slovakia,SVK,2011,0.851,0.755,0.295
Slovakia,SVK,2012,0.844,0.739,0.309
Slovakia,SVK,2013,0.835,0.73,0.297
Slovakia,SVK,2014,0.834,0.726,0.297
Slovakia,SVK,2015,0.838,0.725,0.289
Slovakia,SVK,2016,0.837,0.726,0.286
Slovakia,SVK,2017,0.835,0.72,0.285
Slovakia,SVK,2018,0.814,0.698,0.285
Slovakia,SVK,2019,0.841,0.737,0.287
Slovakia,SVK,2020,0.84,0.757,0.211
Slovakia,SVK,2021,0.839,0.757,0.208
Slovakia,SVK,2022,0.837,0.76,0.208
Slovakia,SVK,2023,0.812,0.724,0.196
Slovakia,SVK,2024,0.746,0.59,0.278
Slovenia,SVN,1989,0.248,0.241,0.196
Slovenia,SVN,1990,0.621,0.513,0.185
Slovenia,SVN,1991,0.815,0.716,0.127
Slovenia,SVN,1992,0.848,0.764,0.128
Slovenia,SVN,1993,0.842,0.761,0.132
Slovenia,SVN,1994,0.845,0.765,0.137
Slovenia,SVN,1995,0.839,0.757,0.143
Slovenia,SVN,1996,0.849,0.767,0.127
Slovenia,SVN,1997,0.842,0.762,0.127
Slovenia,SVN,1998,0.842,0.764,0.127
Slovenia,SVN,1999,0.837,0.759,0.127
Slovenia,SVN,2000,0.84,0.749,0.108
Slovenia,SVN,2001,0.832,0.742,0.108
Slovenia,SVN,2002,0.843,0.756,0.108
Slovenia,SVN,2003,0.841,0.752,0.107
Slovenia,SVN,2004,0.825,0.735,0.146
Slovenia,SVN,2005,0.822,0.733,0.146
Slovenia,SVN,2006,0.823,0.734,0.146
Slovenia,SVN,2007,0.826,0.738,0.152
Slovenia,SVN,2008,0.825,0.737,0.132
Slovenia,SVN,2009,0.873,0.791,0.13
Slovenia,SVN,2010,0.872,0.796,0.14
Slovenia,SVN,2011,0.863,0.789,0.145
Slovenia,SVN,2012,0.847,0.768,0.153
Slovenia,SVN,2013,0.854,0.778,0.132
Slovenia,SVN,2014,0.865,0.794,0.097
Slovenia,SVN,2015,0.873,0.804,0.098
Slovenia,SVN,2016,0.861,0.795,0.074
Slovenia,SVN,2017,0.84,0.772,0.076
Slovenia,SVN,2018,0.83,0.759,0.09
Slovenia,SVN,2019,0.814,0.743,0.094
Slovenia,SVN,2020,0.752,0.665,0.136
Slovenia,SVN,2021,0.715,0.624,0.184
Slovenia,SVN,2022,0.808,0.728,0.095
Slovenia,SVN,2023,0.76,0.659,0.057
Slovenia,SVN,2024,0.725,0.63,0.057
Solomon Islands,SLB,1960,0.074,0.157,0.131
Solomon Islands,SLB,1961,0.074,0.157,0.131
Solomon Islands,SLB,1962,0.074,0.157,0.131
Solomon Islands,SLB,1963,0.074,0.157,0.131
Solomon Islands,SLB,1964,0.206,0.193,0.131
Solomon Islands,SLB,1965,0.239,0.204,0.131
Solomon Islands,SLB,1966,0.239,0.204,0.131
Solomon Islands,SLB,1967,0.24,0.205,0.131
Solomon Islands,SLB,1968,0.241,0.205,0.131
Solomon Islands,SLB,1969,0.241,0.205,0.131
Solomon Islands,SLB,1970,0.258,0.228,0.131
Solomon Islands,SLB,1971,0.258,0.228,0.131
Solomon Islands,SLB,1972,0.258,0.228,0.131
Solomon Islands,SLB,1973,0.261,0.23,0.124
Solomon Islands,SLB,1974,0.274,0.237,0.124
Solomon Islands,SLB,1975,0.301,0.248,0.124
Solomon Islands,SLB,1976,0.324,0.258,0.124
Solomon Islands,SLB,1977,0.328,0.26,0.124
Solomon Islands,SLB,1978,0.49,0.376,0.145
Solomon Islands,SLB,1979,0.515,0.41,0.139
Solomon Islands,SLB,1980,0.52,0.412,0.281
Solomon Islands,SLB,1981,0.52,0.409,0.293
Solomon Islands,SLB,1982,0.536,0.42,0.33
Solomon Islands,SLB,1983,0.536,0.42,0.356
Solomon Islands,SLB,1984,0.537,0.421,0.356
Solomon Islands,SLB,1985,0.54,0.423,0.343
Solomon Islands,SLB,1986,0.54,0.423,0.343
Solomon Islands,SLB,1987,0.54,0.423,0.343
Solomon Islands,SLB,1988,0.54,0.423,0.343
Solomon Islands,SLB,1989,0.531,0.415,0.355
Solomon Islands,SLB,1990,0.532,0.414,0.374
Solomon Islands,SLB,1991,0.532,0.414,0.374
Solomon Islands,SLB,1992,0.532,0.414,0.374
Solomon Islands,SLB,1993,0.532,0.413,0.374
Solomon Islands,SLB,1994,0.532,0.413,0.374
Solomon Islands,SLB,1995,0.532,0.413,0.374
Solomon Islands,SLB,1996,0.532,0.413,0.374
Solomon Islands,SLB,1997,0.526,0.409,0.374
Solomon Islands,SLB,1998,0.512,0.396,0.374
Solomon Islands,SLB,1999,0.511,0.375,0.46
Solomon Islands,SLB,2000,0.356,0.243,0.521
Solomon Islands,SLB,2001,0.273,0.184,0.521
Solomon Islands,SLB,2002,0.507,0.381,0.52
Solomon Islands,SLB,2003,0.507,0.389,0.52
Solomon Islands,SLB,2004,0.52,0.401,0.578
Solomon Islands,SLB,2005,0.511,0.396,0.594
Solomon Islands,SLB,2006,0.471,0.361,0.607
Solomon Islands,SLB,2007,0.559,0.434,0.607
Solomon Islands,SLB,2008,0.559,0.434,0.603
Solomon Islands,SLB,2009,0.564,0.436,0.608
Solomon Islands,SLB,2010,0.573,0.44,0.594
Solomon Islands,SLB,2011,0.582,0.445,0.608
Solomon Islands,SLB,2012,0.586,0.447,0.612
Solomon Islands,SLB,2013,0.582,0.447,0.618
Solomon Islands,SLB,2014,0.585,0.45,0.609
Solomon Islands,SLB,2015,0.594,0.456,0.613
Solomon Islands,SLB,2016,0.61,0.466,0.622
Solomon Islands,SLB,2017,0.616,0.477,0.629
Solomon Islands,SLB,2018,0.623,0.48,0.629
Solomon Islands,SLB,2019,0.656,0.503,0.622
Solomon Islands,SLB,2020,0.655,0.494,0.646
Solomon Islands,SLB,2021,0.658,0.501,0.64
Solomon Islands,SLB,2022,0.659,0.505,0.635
Solomon Islands,SLB,2023,0.666,0.517,0.635
Solomon Islands,SLB,2024,0.688,0.536,0.602
Vanuatu,VUT,1960,0.081,0.152,0.112
Vanuatu,VUT,1961,0.081,0.152,0.112
Vanuatu,VUT,1962,0.081,0.152,0.112
Vanuatu,VUT,1963,0.081,0.152,0.112
Vanuatu,VUT,1964,0.081,0.152,0.112
Vanuatu,VUT,1965,0.081,0.152,0.112
Vanuatu,VUT,1966,0.081,0.152,0.112
Vanuatu,VUT,1967,0.081,0.152,0.112
Vanuatu,VUT,1968,0.081,0.152,0.112
Vanuatu,VUT,1969,0.081,0.152,0.112
Vanuatu,VUT,1970,0.154,0.168,0.112
Vanuatu,VUT,1971,0.166,0.181,0.112
Vanuatu,VUT,1972,0.166,0.181,0.112
Vanuatu,VUT,1973,0.166,0.181,0.112
Vanuatu,VUT,1974,0.166,0.181,0.112
Vanuatu,VUT,1975,0.24,0.202,0.112
Vanuatu,VUT,1976,0.306,0.32,0.094
Vanuatu,VUT,1977,0.316,0.326,0.094
Vanuatu,VUT,1978,0.415,0.383,0.094
Vanuatu,VUT,1979,0.474,0.422,0.094
Vanuatu,VUT,1980,0.699,0.584,0.349
Vanuatu,VUT,1981,0.699,0.584,0.349
Vanuatu,VUT,1982,0.699,0.584,0.349
Vanuatu,VUT,1983,0.699,0.584,0.349
Vanuatu,VUT,1984,0.699,0.582,0.349
Vanuatu,VUT,1985,0.699,0.582,0.349
Vanuatu,VUT,1986,0.699,0.582,0.349
Vanuatu,VUT,1987,0.698,0.582,0.349
Vanuatu,VUT,1988,0.69,0.574,0.349
Vanuatu,VUT,1989,0.69,0.574,0.349
Vanuatu,VUT,1990,0.697,0.58,0.349
Vanuatu,VUT,1991,0.687,0.57,0.392
Vanuatu,VUT,1992,0.615,0.512,0.441
Vanuatu,VUT,1993,0.615,0.512,0.441
Vanuatu,VUT,1994,0.615,0.518,0.441
Vanuatu,VUT,1995,0.616,0.518,0.441
Vanuatu,VUT,1996,0.618,0.518,0.441
Vanuatu,VUT,1997,0.618,0.518,0.441
Vanuatu,VUT,1998,0.617,0.517,0.441
Vanuatu,VUT,1999,0.617,0.517,0.441
Vanuatu,VUT,2000,0.619,0.518,0.441
Vanuatu,VUT,2001,0.619,0.518,0.441
Vanuatu,VUT,2002,0.619,0.519,0.441
Vanuatu,VUT,2003,0.62,0.519,0.441
Vanuatu,VUT,2004,0.615,0.517,0.441
Vanuatu,VUT,2005,0.611,0.514,0.441
Vanuatu,VUT,2006,0.611,0.514,0.441
Vanuatu,VUT,2007,0.611,0.514,0.441
Vanuatu,VUT,2008,0.653,0.549,0.441
Vanuatu,VUT,2009,0.737,0.618,0.441
Vanuatu,VUT,2010,0.737,0.619,0.441
Vanuatu,VUT,2011,0.737,0.619,0.441
Vanuatu,VUT,2012,0.738,0.62,0.441
Vanuatu,VUT,2013,0.745,0.626,0.441
Vanuatu,VUT,2014,0.745,0.626,0.427
Vanuatu,VUT,2015,0.747,0.639,0.427
Vanuatu,VUT,2016,0.771,0.661,0.427
Vanuatu,VUT,2017,0.793,0.682,0.397
Vanuatu,VUT,2018,0.79,0.68,0.397
Vanuatu,VUT,2019,0.779,0.662,0.391
Vanuatu,VUT,2020,0.78,0.659,0.352
Vanuatu,VUT,2021,0.8,0.673,0.332
Vanuatu,VUT,2022,0.804,0.681,0.316
Vanuatu,VUT,2023,0.82,0.704,0.316
Vanuatu,VUT,2024,0.8,0.686,0.279
United Arab Emirates,ARE,1971,0.016,0.048,0.257
United Arab Emirates,ARE,1972,0.016,0.048,0.257
United Arab Emirates,ARE,1973,0.014,0.048,0.257
United Arab Emirates,ARE,1974,0.016,0.048,0.257
United Arab Emirates,ARE,1975,0.016,0.048,0.223
United Arab Emirates,ARE,1976,0.017,0.047,0.223
United Arab Emirates,ARE,1977,0.019,0.048,0.223
United Arab Emirates,ARE,1978,0.019,0.048,0.26
United Arab Emirates,ARE,1979,0.019,0.048,0.246
United Arab Emirates,ARE,1980,0.017,0.048,0.222
United Arab Emirates,ARE,1981,0.017,0.048,0.225
United Arab Emirates,ARE,1982,0.017,0.048,0.225
United Arab Emirates,ARE,1983,0.018,0.048,0.225
United Arab Emirates,ARE,1984,0.019,0.048,0.225
United Arab Emirates,ARE,1985,0.02,0.051,0.225
United Arab Emirates,ARE,1986,0.02,0.051,0.211
United Arab Emirates,ARE,1987,0.023,0.051,0.211
United Arab Emirates,ARE,1988,0.023,0.051,0.211
United Arab Emirates,ARE,1989,0.023,0.053,0.211
United Arab Emirates,ARE,1990,0.023,0.055,0.223
United Arab Emirates,ARE,1991,0.022,0.055,0.223
United Arab Emirates,ARE,1992,0.025,0.055,0.212
United Arab Emirates,ARE,1993,0.023,0.055,0.205
United Arab Emirates,ARE,1994,0.024,0.065,0.135
United Arab Emirates,ARE,1995,0.027,0.068,0.135
United Arab Emirates,ARE,1996,0.027,0.07,0.135
United Arab Emirates,ARE,1997,0.027,0.07,0.135
United Arab Emirates,ARE,1998,0.028,0.07,0.135
United Arab Emirates,ARE,1999,0.028,0.07,0.135
United Arab Emirates,ARE,2000,0.028,0.07,0.135
United Arab Emirates,ARE,2001,0.028,0.07,0.135
United Arab Emirates,ARE,2002,0.025,0.071,0.136
United Arab Emirates,ARE,2003,0.025,0.069,0.136
United Arab Emirates,ARE,2004,0.019,0.068,0.136
United Arab Emirates,ARE,2005,0.021,0.07,0.136
United Arab Emirates,ARE,2006,0.024,0.072,0.136
United Arab Emirates,ARE,2007,0.071,0.08,0.121
United Arab Emirates,ARE,2008,0.071,0.08,0.115
United Arab Emirates,ARE,2009,0.071,0.081,0.115
United Arab Emirates,ARE,2010,0.072,0.082,0.115
United Arab Emirates,ARE,2011,0.081,0.079,0.115
United Arab Emirates,ARE,2012,0.09,0.086,0.115
United Arab Emirates,ARE,2013,0.091,0.087,0.115
United Arab Emirates,ARE,2014,0.089,0.087,0.115
United Arab Emirates,ARE,2015,0.095,0.09,0.115
United Arab Emirates,ARE,2016,0.1,0.091,0.115
United Arab Emirates,ARE,2017,0.095,0.091,0.115
United Arab Emirates,ARE,2018,0.096,0.093,0.115
United Arab Emirates,ARE,2019,0.102,0.09,0.115
United Arab Emirates,ARE,2020,0.102,0.09,0.115
United Arab Emirates,ARE,2021,0.1,0.084,0.108
United Arab Emirates,ARE,2022,0.101,0.086,0.117
United Arab Emirates,ARE,2023,0.102,0.077,0.122
United Arab Emirates,ARE,2024,0.104,0.077,0.105
Hungary,HUN,1960,0.122,0.081,0.352
Hungary,HUN,1961,0.122,0.082,0.352
Hungary,HUN,1962,0.124,0.085,0.352
Hungary,HUN,1963,0.127,0.083,0.352
Hungary,HUN,1964,0.13,0.09,0.352
Hungary,HUN,1965,0.13,0.091,0.352
Hungary,HUN,1966,0.13,0.092,0.352
Hungary,HUN,1967,0.129,0.091,0.352
Hungary,HUN,1968,0.13,0.092,0.36
Hungary,HUN,1969,0.13,0.095,0.36
Hungary,HUN,1970,0.131,0.097,0.371
Hungary,HUN,1971,0.131,0.098,0.371
Hungary,HUN,1972,0.132,0.098,0.371
Hungary,HUN,1973,0.132,0.098,0.371
Hungary,HUN,1974,0.132,0.098,0.371
Hungary,HUN,1975,0.131,0.098,0.377
Hungary,HUN,1976,0.131,0.098,0.377
Hungary,HUN,1977,0.131,0.098,0.377
Hungary,HUN,1978,0.131,0.098,0.377
Hungary,HUN,1979,0.131,0.098,0.408
Hungary,HUN,1980,0.134,0.1,0.443
Hungary,HUN,1981,0.136,0.1,0.443
Hungary,HUN,1982,0.136,0.1,0.443
Hungary,HUN,1983,0.136,0.1,0.449
Hungary,HUN,1984,0.136,0.1,0.449
Hungary,HUN,1985,0.141,0.104,0.449
Hungary,HUN,1986,0.145,0.106,0.449
Hungary,HUN,1987,0.15,0.109,0.444
Hungary,HUN,1988,0.167,0.122,0.444
Hungary,HUN,1989,0.265,0.186,0.448
Hungary,HUN,1990,0.799,0.715,0.262
Hungary,HUN,1991,0.843,0.757,0.253
Hungary,HUN,1992,0.843,0.757,0.262
Hungary,HUN,1993,0.843,0.757,0.253
Hungary,HUN,1994,0.842,0.755,0.245
Hungary,HUN,1995,0.844,0.756,0.245
Hungary,HUN,1996,0.844,0.756,0.245
Hungary,HUN,1997,0.844,0.757,0.245
Hungary,HUN,1998,0.84,0.754,0.245
Hungary,HUN,1999,0.839,0.75,0.273
Hungary,HUN,2000,0.839,0.75,0.277
Hungary,HUN,2001,0.839,0.75,0.277
Hungary,HUN,2002,0.842,0.755,0.277
Hungary,HUN,2003,0.843,0.759,0.274
Hungary,HUN,2004,0.843,0.759,0.274
Hungary,HUN,2005,0.843,0.754,0.274
Hungary,HUN,2006,0.831,0.742,0.274
Hungary,HUN,2007,0.85,0.765,0.285
Hungary,HUN,2008,0.85,0.766,0.285
Hungary,HUN,2009,0.85,0.766,0.275
Hungary,HUN,2010,0.808,0.677,0.35
Hungary,HUN,2011,0.778,0.639,0.385
Hungary,HUN,2012,0.773,0.621,0.409
Hungary,HUN,2013,0.738,0.575,0.434
Hungary,HUN,2014,0.669,0.521,0.442
Hungary,HUN,2015,0.617,0.477,0.451
Hungary,HUN,2016,0.613,0.474,0.453
Hungary,HUN,2017,0.555,0.432,0.465
Hungary,HUN,2018,0.481,0.373,0.468
Hungary,HUN,2019,0.466,0.364,0.468
Hungary,HUN,2020,0.46,0.351,0.48
Hungary,HUN,2021,0.45,0.346,0.475
Hungary,HUN,2022,0.447,0.335,0.505
Hungary,HUN,2023,0.434,0.323,0.505
Hungary,HUN,2024,0.444,0.325,0.494
Zanzibar,ZZB,1960,0.131,0.11,0.158
Zanzibar,ZZB,1961,0.143,0.119,0.168
Zanzibar,ZZB,1962,0.137,0.118,0.168
Zanzibar,ZZB,1963,0.196,0.155,0.158
Zanzibar,ZZB,1964,0.015,0.034,0.667
Zanzibar,ZZB,1965,0.017,0.04,0.668
Zanzibar,ZZB,1966,0.017,0.04,0.668
Zanzibar,ZZB,1967,0.016,0.04,0.668
Zanzibar,ZZB,1968,0.016,0.04,0.668
Zanzibar,ZZB,1969,0.016,0.04,0.668
Zanzibar,ZZB,1970,0.016,0.04,0.668
Zanzibar,ZZB,1971,0.016,0.04,0.668
Zanzibar,ZZB,1972,0.016,0.04,0.668
Zanzibar,ZZB,1973,0.017,0.062,0.642
Zanzibar,ZZB,1974,0.017,0.062,0.642
Zanzibar,ZZB,1975,0.017,0.062,0.642
Zanzibar,ZZB,1976,0.017,0.062,0.642
Zanzibar,ZZB,1977,0.017,0.085,0.632
Zanzibar,ZZB,1978,0.018,0.093,0.617
Zanzibar,ZZB,1979,0.018,0.093,0.617
Zanzibar,ZZB,1980,0.027,0.1,0.621
Zanzibar,ZZB,1981,0.106,0.111,0.621
Zanzibar,ZZB,1982,0.106,0.111,0.621
Zanzibar,ZZB,1983,0.106,0.111,0.621
Zanzibar,ZZB,1984,0.113,0.13,0.528
Zanzibar,ZZB,1985,0.115,0.131,0.528
Zanzibar,ZZB,1986,0.113,0.13,0.541
Zanzibar,ZZB,1987,0.113,0.13,0.541
Zanzibar,ZZB,1988,0.113,0.124,0.635
Zanzibar,ZZB,1989,0.111,0.117,0.635
Zanzibar,ZZB,1990,0.114,0.122,0.709
Zanzibar,ZZB,1991,0.116,0.123,0.709
Zanzibar,ZZB,1992,0.127,0.122,0.709
Zanzibar,ZZB,1993,0.137,0.126,0.709
Zanzibar,ZZB,1994,0.139,0.127,0.709
Zanzibar,ZZB,1995,0.251,0.188,0.709
Zanzibar,ZZB,1996,0.288,0.201,0.709
Zanzibar,ZZB,1997,0.29,0.202,0.709
Zanzibar,ZZB,1998,0.29,0.202,0.709
Zanzibar,ZZB,1999,0.293,0.204,0.709
Zanzibar,ZZB,2000,0.296,0.217,0.709
Zanzibar,ZZB,2001,0.296,0.217,0.709
Zanzibar,ZZB,2002,0.297,0.224,0.709
Zanzibar,ZZB,2003,0.297,0.225,0.709
Zanzibar,ZZB,2004,0.288,0.221,0.709
Zanzibar,ZZB,2005,0.291,0.225,0.683
Zanzibar,ZZB,2006,0.296,0.227,0.675
Zanzibar,ZZB,2007,0.299,0.228,0.669
Zanzibar,ZZB,2008,0.299,0.231,0.663
Zanzibar,ZZB,2009,0.302,0.232,0.672
Zanzibar,ZZB,2010,0.314,0.241,0.664
Zanzibar,ZZB,2011,0.332,0.25,0.682
Zanzibar,ZZB,2012,0.334,0.251,0.668
Zanzibar,ZZB,2013,0.333,0.253,0.676
Zanzibar,ZZB,2014,0.329,0.251,0.663
Zanzibar,ZZB,2015,0.299,0.234,0.663
Zanzibar,ZZB,2016,0.252,0.209,0.663
Zanzibar,ZZB,2017,0.269,0.218,0.662
Zanzibar,ZZB,2018,0.271,0.222,0.662
Zanzibar,ZZB,2019,0.272,0.216,0.687
Zanzibar,ZZB,2020,0.267,0.213,0.688
Zanzibar,ZZB,2021,0.279,0.227,0.7
Zanzibar,ZZB,2022,0.289,0.236,0.682
Zanzibar,ZZB,2023,0.291,0.235,0.567
Zanzibar,ZZB,2024,0.288,0.247,0.525
